id,name,tedad_kh_100,tedad_fo_100,tedad_kh_200,tedad_fo_200,tedad_kh_500,tedad_fo_500,akharin_gh,darsad_akarin,darsad_payani,vaziat,signal_tedad,signal_big_m,rsi,buy_power,vorod_pol,hajm_mashkok,hajm_emroz,hajm_diroz,hajm_2roz_ghabl,hajm_3roz_ghabl,miangin_mah,code_gr,pool_gr,group_name,vaziat2,gh_s,darsad_ta_s,taharok,kharid_hoshdar,forosh_hoshdar,tedad_kharidar,seraneh_kharid,kol_kharid,tedad_foroshamdeh,seraneh_forosh,kol_forosh,barayand_saraneh,barayand_kol,emtiaz_sahm,date_now,time,total_kh_big,total_fo_big,total_kh_big1,total_fo_big1,net_big_trades,buy_sell_ratio_100,buy_sell_ratio_200,buy_sell_ratio_500,kh_concentration,fo_concentration,volume_signal,money_flow_signal,rsi_signal,total_signal_score,signal_category
31879190587976736,خوساز,8,4,5,2,1,1,18040,2.97,2.8,صف خرید,0,0,72,1.61,0, حجم کم,51 %,38 % ,45 % ,84 % ,4685342,34,214831,خودرو و ساخت قطعات,فروش  متوسط rsi,0,0,تحرک_مثبت,2,1,9,352,3171,5,340,1702,12,1469,2.0,1405-06-04,12:27:50,8,4,5,2,4,1.6,1.6666666666666667,0.5,2.0,2.2,2,0,-3,0.29999999999999993,ﯽﺜﻨﺧ
66790687790437196,وگردش,15,6,9,1,0,0,1764,2.98,2.98,صف خرید,0,0,71,8.06,7056, حجم کم,12 %,25 % ,86 % ,114 % ,577616334,57,551430,بانكها و موسسات اعتباري,فروش  متوسط rsi,0,0,تحرک_مثبت,2,1,61,189,11536,7,168,1182,21,10354,2.0,1405-06-04,12:23:23,15,6,9,1,9,2.142857142857143,4.5,0.0,1.5,1.0,3,3,-3,1.6,ﺪﯾﺮﺧ ﻝﺎﻨﮕﯿﺳ
65663173216130783,آواك,18,17,9,9,2,1,2668,2.97,2.93,صف خرید,0,0,72,3.68,1488,حجم متوسط1.74برابر,174 %,46 % ,89 % ,244 % ,33917469,73,-4741,اطلاعات و ارتباطات,فروش  متوسط rsi,0,0,تحرک_مثبت,3,0,43,258,11112,44,207,9146,51,1966,2.0,1405-06-04,12:26:43,18,17,9,9,1,1.0,0.9,1.0,1.9473684210526316,1.7222222222222223,1,3,-3,0.7999999999999997,ﺪﯾﺮﺧ ﻒﯿﻌﺿ ﻝﺎﻨﮕﯿﺳ
64842837716888827,خكاوه,14,13,10,6,1,1,913,2.93,2.93,صف خرید,0,0,76,2.65,5012, حجم کم,37 %,112 % ,143 % ,241 % ,443749392,34,214831,خودرو و ساخت قطعات,فروش  متوسط rsi,0,0,تحرک_مثبت,0,3,43,234,10062,20,293,5861,-59,4201,2.0,1405-06-04,12:17:52,14,13,10,6,1,1.0,1.4285714285714286,0.5,1.9333333333333333,1.7142857142857142,1,3,-3,0.7999999999999997,ﺪﯾﺮﺧ ﻒﯿﻌﺿ ﻝﺎﻨﮕﯿﺳ
2254054929817435,غدام,1,1,0,0,0,0,55980,3.0,3.0,صف خرید,0,0,67,15.26,437, حجم کم,22 %,138 % ,92 % ,75 % ,824740,42,110444,محصولات غذايي و آشاميدني به جز قند و شكر,خنثی,0,0,تحرک_مثبت,1,1,2,159,319,1,112,112,47,207,7.0,1405-06-04,12:03:27,1,1,0,0,0,0.5,0.0,0.0,0.5,0.5,0,1,-1,0.19999999999999998,ﯽﺜﻨﺧ
17617474823279712,آ س پ,16,27,8,17,0,6,25180,2.99,2.94,صف خرید,0,0,95,0.76,254,حجم متوسط0.9برابر,90 %,15 % ,74 % ,103 % ,6679995,70,48213,انبوه سازي، املاك و مستغلات,فروش  متوسط,0,0,تحرک_مثبت,0,2,33,198,6559,37,361,13370,-163,-6811,-2.0,1405-06-04,12:30:32,16,27,8,17,-11,0.5714285714285714,0.4444444444444444,0.0,1.411764705882353,2.642857142857143,0,1,-3,-0.3000000000000001,ﺵﻭﺮﻓ ﻝﺎﻨﮕﯿﺳ
59921975187856916,غشاذر,7,12,1,4,0,0,17910,0.84,1.69,مثبت,0,0,63,0.81,53, حجم کم,31 %,77 % ,71 % ,55 % ,10082460,42,110444,محصولات غذايي و آشاميدني به جز قند و شكر,فروش  ضعیف,0,0,تحرک_منفی,1,3,11,173,1910,14,178,2500,-5,-590,-0.5,1405-06-04,12:29:41,7,12,1,4,-5,0.5384615384615384,0.2,0.0,1.0,1.2307692307692308,0,1,-1,0.09999999999999998,ﯽﺜﻨﺧ
23557166059925779,فصبا,16,8,4,1,1,0,3009,2.98,2.94,صف خرید,0,1,60,5.67,3734,حجم متوسط1.53برابر,153 %,50 % ,96 % ,127 % ,35342255,27,512358,فلزات اساسي,خرید  قوی,0,0,تحرک_مثبت,4,0,37,284,10508,17,133,2277,151,8231,11.0,1405-06-04,11:25:59,16,8,4,1,8,1.7777777777777777,2.0,1.0,1.4705882352941178,1.0,3,3,-1,2.0,ﺪﯾﺮﺧ ﻝﺎﻨﮕﯿﺳ
46878429508891351,نخريس,26,7,16,1,6,0,18980,2.15,0.54,مثبت,0,0,78,7.24,4720,حجم متوسط1.71برابر,171 %,83 % ,68 % ,47 % ,4820178,17,11096,منسوجات,فروش  متوسط rsi,0,0,تحرک_مثبت,0,0,30,347,10424,8,171,1370,176,9054,1.0,1405-06-04,12:30:57,26,7,16,1,19,3.25,8.0,6.0,2.6666666666666665,1.0,3,3,-3,1.6,ﺪﯾﺮﺧ ﻝﺎﻨﮕﯿﺳ
25180702353416009,زدشت,14,21,5,7,0,1,10030,2.98,2.67,صف خرید,0,0,81,1.25,-452, حجم کم,43 %,49 % ,103 % ,132 % ,25314238,1,35200,زراعت و خدمات وابسته,فروش  متوسط,0,0,تحرک_مثبت,0,3,21,217,4576,25,188,4708,29,-132,0.0,1405-06-04,12:18:41,14,21,5,7,-7,0.6363636363636364,0.625,0.0,1.2666666666666666,1.5,0,0,-3,-0.5000000000000001,ﺵﻭﺮﻓ ﻝﺎﻨﮕﯿﺳ
18004480270695404,فمراد,7,15,1,1,0,1,3460,2.37,1.18,مثبت,0,0,74,0.7,-31,حجم متوسط1.67برابر,167 %,112 % ,150 % ,157 % ,8972684,27,512358,فلزات اساسي,فروش  متوسط,0,0,تحرک_مثبت,1,2,7,138,971,16,151,2423,-13,-1452,-3.0,1405-06-04,12:29:43,7,15,1,1,-8,0.4375,0.5,0.0,1.0,1.3125,0,0,-3,-0.6000000000000001,ﺵﻭﺮﻓ ﻝﺎﻨﮕﯿﺳ
71510396252618330,دبالك,14,11,3,6,0,2,13860,2.97,2.97,صف خرید,0,0,98,1.89,271, حجم کم,23 %,812 % ,8 % ,11 % ,14828860,43,-98707,مواد و محصولات دارويي,فروش  متوسط,0,0,تحرک_مثبت,0,3,21,183,3844,13,293,3809,-110,35,2.0,1405-06-04,10:01:26,14,11,3,6,3,1.1666666666666667,0.42857142857142855,0.0,1.1333333333333333,2.25,2,1,-3,0.6,ﺪﯾﺮﺧ ﻒﯿﻌﺿ ﻝﺎﻨﮕﯿﺳ
22427604495160869,تمحركه,0,0,0,0,0,0,7630,1.87,1.87,صف خرید,0,0,70,2.88,119, حجم کم,86 %,229 % ,97 % ,112 % ,804242,29,64793,ماشين آلات و تجهيزات,فروش  متوسط rsi,0,0,تحرک_مثبت,1,1,0,0,0,0,0,0,0,0,5.0,1405-06-04,8:48:11,0,0,0,0,0,0.0,0.0,0.0,0.0,0.0,0,1,-1,0.19999999999999998,ﯽﺜﻨﺧ
62603302940123327,ونيرو,6,2,5,0,0,0,2824,2.99,2.99,صف خرید,0,0,61,24.97,1250, حجم کم,82 %,169 % ,126 % ,0 % ,8635382,40,-10608,عرضه برق، گاز، بخاروآب گرم,خرید  متوسط,0,0,تحرک_مثبت,3,0,8,228,1824,2,150,301,78,1523,8.0,1405-06-04,11:31:40,6,2,5,0,4,2.0,5.0,0.0,1.5714285714285714,0.6666666666666666,2,3,-1,1.6,ﺪﯾﺮﺧ ﻝﺎﻨﮕﯿﺳ
58931793851445922,ومعادن,66,64,42,26,15,4,2900,2.98,2.95,صف خرید,0,0,76,1.32,130310, حجم کم,82 %,88 % ,107 % ,117 % ,1462528719,13,243886,استخراج كانه هاي فلزي,فروش  متوسط rsi,0,0,تحرک_مثبت,0,2,665,292,194637,567,209,118722,83,75915,2.0,1405-06-04,12:24:51,66,64,42,26,2,1.0153846153846153,1.5555555555555556,3.0,2.7313432835820897,1.6923076923076923,1,3,-3,0.7999999999999997,ﺪﯾﺮﺧ ﻒﯿﻌﺿ ﻝﺎﻨﮕﯿﺳ
18320128145045368,چاپ,33,0,18,0,2,0,18500,2.95,2.95,صف خرید,0,0,94,297.05,28677,حجم زیاد2.38برابر,238 %,71 % ,79 % ,62 % ,7472890,21,29491,محصولات كاغذي,فروش  قوی rsi,0,0,تحرک_مثبت,0,0,129,229,29639,0,0,0,229,29639,1.0,1405-06-04,12:28:38,33,0,18,0,33,33.0,18.0,2.0,1.7941176470588236,0.0,3,3,-3,1.6,ﺪﯾﺮﺧ ﻝﺎﻨﮕﯿﺳ
36773155987365094,اعتلا,6,7,3,4,1,0,2353,1.38,0.69,مثبت,0,0,71,1.38,0,حجم متوسط1.1برابر,110 %,101 % ,60 % ,104 % ,10604989,56,223642,سرمايه گذاريها,فروش  متوسط,0,0,تحرک_مثبت,0,4,6,298,1790,7,207,1452,91,338,1.0,1405-06-04,12:29:44,6,7,3,4,-1,0.75,0.6,1.0,2.0,1.375,0,0,-3,-0.5000000000000001,ﺵﻭﺮﻓ ﻝﺎﻨﮕﯿﺳ
10411249540376641,ناما,20,22,2,9,0,0,4700,2.84,2.63,صف خرید,0,0,72,0.74,-4079,حجم متوسط0.96برابر,96 %,86 % ,125 % ,168 % ,33892425,34,214831,خودرو و ساخت قطعات,فروش  متوسط,0,0,تحرک_مثبت,0,3,23,164,3792,37,181,6723,-17,-2931,-2.0,1405-06-04,12:24:50,20,22,2,9,-2,0.8695652173913043,0.2,0.0,1.0476190476190477,1.3478260869565217,0,0,-3,-0.6000000000000001,ﺵﻭﺮﻓ ﻝﺎﻨﮕﯿﺳ
68488673556087148,فپنتا,22,3,5,2,0,0,36980,2.98,2.98,صف خرید,0,0,73,3.95,5022,حجم متوسط0.96برابر,96 %,78 % ,86 % ,102 % ,2380608,27,512358,فلزات اساسي,فروش  متوسط rsi,0,0,تحرک_مثبت,2,0,33,159,5269,3,231,694,-72,4575,2.0,1405-06-04,11:38:09,22,3,5,2,19,5.5,1.6666666666666667,0.0,1.173913043478261,1.25,3,3,-3,1.6,ﺪﯾﺮﺧ ﻝﺎﻨﮕﯿﺳ
57600064931636077,وجامي,7,14,2,8,0,0,3020,2.3,0.47,مثبت,0,0,62,0.79,-1520,حجم متوسط1.13برابر,113 %,122 % ,253 % ,98 % ,12649258,56,223642,سرمايه گذاريها,فروش  ضعیف,0,0,تحرک_مثبت,2,1,7,171,1198,14,210,2944,-39,-1746,1.5,1405-06-04,12:28:12,7,14,2,8,-7,0.4666666666666667,0.2222222222222222,0.0,1.125,1.4666666666666666,0,0,-1,-0.2,ﺵﻭﺮﻓ ﻝﺎﻨﮕﯿﺳ
41952318209464612,ولاناح,2,2,0,2,0,0,2460,2.97,2.97,صف خرید,0,0,0,1.81,144,حجم مشکوک17238863.0برابر,1723886300 %,0,0,0,0,58,7845,ساير واسطه گريهاي مالي,خنثی,0,0,تحرک_مثبت,3,0,4,193,773,2,354,708,-161,65,6.0,1405-06-04,11:15:51,2,2,0,2,0,0.6666666666666666,0.0,0.0,0.6666666666666666,1.3333333333333333,0,1,3,1.0000000000000002,ﺪﯾﺮﺧ ﻒﯿﻌﺿ ﻝﺎﻨﮕﯿﺳ
22645269567765904,خيمن,15,16,4,5,0,2,5520,2.99,2.8,صف خرید,0,0,83,2.35,-8084, حجم کم,68 %,37 % ,41 % ,79 % ,67945801,34,214831,خودرو و ساخت قطعات,فروش  متوسط,0,0,تحرک_مثبت,0,4,44,184,8117,40,289,11582,-105,-3465,0.0,1405-06-04,12:20:54,15,16,4,5,-1,0.8823529411764706,0.6666666666666666,0.0,1.1875,1.8235294117647058,0,0,-3,-0.5000000000000001,ﺵﻭﺮﻓ ﻝﺎﻨﮕﯿﺳ
16553062355259729,بميلا,0,0,0,0,0,0,5770,2.85,2.85,صف خرید,0,0,44,8.0,0, حجم کم,6 %,77 % ,756 % ,23 % ,2903778,46,0,تجارت عمده فروشي به جز وسايل نقليه موتور,خنثی,0,0,تحرک_مثبت,0,2,0,0,0,0,0,0,0,0,6.0,1405-06-04,8:48:12,0,0,0,0,0,0.0,0.0,0.0,0.0,0.0,0,0,1,0.30000000000000004,ﯽﺜﻨﺧ
71068313834275501,بگيلان,15,3,8,3,4,2,27660,2.98,2.76,صف خرید,0,0,79,11.68,-5926,حجم متوسط1.87برابر,187 %,45 % ,317 % ,791 % ,3843577,40,-10608,عرضه برق، گاز، بخاروآب گرم,فروش  متوسط rsi,0,0,تحرک_مثبت,0,1,30,278,8367,3,451,1354,-173,7013,2.0,1405-06-04,12:03:26,15,3,8,3,12,3.75,2.0,1.3333333333333333,2.6875,4.0,3,0,-3,0.7000000000000001,ﺪﯾﺮﺧ ﻒﯿﻌﺿ ﻝﺎﻨﮕﯿﺳ
12777578088653944,وحكمت,20,22,6,6,1,2,1548,2.99,2.4,صف خرید,0,0,73,1.81,-109,حجم متوسط1.17برابر,117 %,155 % ,73 % ,212 % ,64688179,66,66233,بيمه وصندوق بازنشستگي به جزتامين اجتماعي,فروش  متوسط,0,0,تحرک_مثبت,0,4,25,200,5024,28,188,5288,12,-264,0.0,1405-06-04,12:24:12,20,22,6,6,-2,0.8695652173913043,0.8571428571428571,0.3333333333333333,1.4761904761904763,1.6521739130434783,0,0,-3,-0.5000000000000001,ﺵﻭﺮﻓ ﻝﺎﻨﮕﯿﺳ
29747059672582491,سهرمز,13,15,6,5,1,1,21330,0.99,0.19,مثبت,0,0,60,0.85,1219,حجم زیاد2.33برابر,233 %,57 % ,35 % ,135 % ,2255439,53,-4902,سيمان، آهك و گچ,فروش  ضعیف,0,0,تحرک_مثبت,1,2,16,232,3724,24,214,5150,18,-1426,1.5,1405-06-04,12:30:53,13,15,6,5,-2,0.8125,1.0,0.5,1.7142857142857142,1.5625,0,3,-1,0.7,ﺪﯾﺮﺧ ﻒﯿﻌﺿ ﻝﺎﻨﮕﯿﺳ
17914401175772326,اهرم,62,73,58,45,47,22,56762,4.0,4.0,صف خرید,0,0,72,3.19,99334, حجم کم,35 %,86 % ,128 % ,135 % ,235284664,68,48213,صندوق های اهرمی,فروش  ضعیف,0,0,تحرک_مثبت,1,3,682,633,431862,848,361,306476,272,125386,2.5,1405-06-04,12:30:34,62,73,58,45,-11,0.8378378378378378,1.2608695652173914,2.0434782608695654,5.634920634920635,3.081081081081081,0,3,-3,0.3999999999999998,ﯽﺜﻨﺧ
68117765376081366,وتوس,3,4,2,2,1,0,7700,2.94,2.94,صف خرید,0,0,58,4.83,1546,حجم متوسط0.9برابر,90 %,107 % ,100 % ,126 % ,4724327,70,48213,انبوه سازي، املاك و مستغلات,خرید  متوسط,0,0,تحرک_مثبت,2,1,7,330,2312,4,183,734,147,1578,8.0,1405-06-04,11:53:26,3,4,2,2,-1,0.6,0.6666666666666666,1.0,2.5,1.2,0,3,-1,0.7999999999999999,ﺪﯾﺮﺧ ﻒﯿﻌﺿ ﻝﺎﻨﮕﯿﺳ
34213522001938649,عاليس,13,8,2,2,1,0,5370,0.94,0.56,مثبت,0,0,57,2.62,2496, حجم کم,56 %,59 % ,42 % ,58 % ,51024520,42,110444,محصولات غذايي و آشاميدني به جز قند و شكر,خرید  متوسط,0,0,تحرک_مثبت,2,1,17,185,3150,10,184,1848,1,1302,7.0,1405-06-04,12:27:08,13,8,2,2,5,1.4444444444444444,0.6666666666666666,1.0,1.4285714285714286,1.1111111111111112,2,3,-1,1.6,ﺪﯾﺮﺧ ﻝﺎﻨﮕﯿﺳ
10236455588057352,انتخاب,16,3,10,2,1,0,2089,2.96,2.96,صف خرید,0,0,90,28.05,41384,حجم متوسط1.84برابر,184 %,157 % ,60 % ,425 % ,118730005,29,64793,ماشين آلات و تجهيزات,فروش  قوی rsi,0,0,تحرک_مثبت,0,0,170,248,42272,3,213,641,35,41631,1.0,1405-06-04,12:29:44,16,3,10,2,13,4.0,3.3333333333333335,1.0,1.8235294117647058,1.25,3,3,-3,1.6,ﺪﯾﺮﺧ ﻝﺎﻨﮕﯿﺳ
38084304113529336,خديزل,2,16,0,5,0,4,1715,2.94,2.94,صف خرید,0,0,62,0.74,-2597, حجم کم,84 %,185 % ,70 % ,32 % ,59226137,34,214831,خودرو و ساخت قطعات,فروش  ضعیف,0,0,تحرک_مثبت,1,2,2,174,349,17,274,4663,-100,-4314,2.5,1405-06-04,12:04:52,2,16,0,5,-14,0.11764705882352941,0.0,0.0,0.6666666666666666,2.411764705882353,0,0,-1,-0.2,ﺵﻭﺮﻓ ﻝﺎﻨﮕﯿﺳ
28328710198554144,وبوعلي,5,0,4,0,0,0,3080,2.98,2.98,صف خرید,0,0,85,46.42,1632, حجم کم,59 %,69 % ,214 % ,58 % ,10720923,56,223642,سرمايه گذاريها,فروش  قوی rsi,0,0,تحرک_مثبت,0,0,7,222,1554,0,0,0,222,1554,1.0,1405-06-04,11:38:12,5,0,4,0,5,5.0,4.0,0.0,1.5,0.0,2,3,-3,1.2,ﺪﯾﺮﺧ ﻒﯿﻌﺿ ﻝﺎﻨﮕﯿﺳ
46741025610365786,سمگا,41,51,12,16,1,1,3780,3.0,3.0,صف خرید,0,0,75,1.15,2975,حجم متوسط0.96برابر,96 %,65 % ,190 % ,106 % ,97561233,55,6675,هتل و رستوران,فروش  متوسط,0,0,تحرک_مثبت,0,4,115,194,22405,78,236,18481,-42,3924,1.0,1405-06-04,12:23:23,41,51,12,16,-10,0.7884615384615384,0.7058823529411765,0.5,1.380952380952381,1.3846153846153846,0,3,-3,0.3999999999999998,ﯽﺜﻨﺧ
23269285154135003,جوين,8,8,3,0,0,0,6100,2.87,0.34,صف خرید,0,0,85,3.95,-366, حجم کم,17 %,22 % ,19 % ,24 % ,21059592,1,35200,زراعت و خدمات وابسته,فروش  قوی rsi,0,0,تحرک_مثبت,0,2,8,209,1674,8,153,1224,56,450,1.0,1405-06-04,11:52:20,8,8,3,0,0,0.8888888888888888,3.0,0.0,1.2222222222222223,0.8888888888888888,0,0,-3,-0.5000000000000001,ﺵﻭﺮﻓ ﻝﺎﻨﮕﯿﺳ
36236701370110884,كپرسپوليس,17,0,8,0,3,0,8200,2.89,2.89,صف خرید,0,0,71,55.54,8446,حجم متوسط1.23برابر,123 %,63 % ,135 % ,127 % ,18147116,49,25165,كاشي و سراميك,فروش  متوسط rsi,0,0,تحرک_مثبت,3,0,42,361,15167,0,0,0,361,15167,2.0,1405-06-04,12:18:41,17,0,8,0,17,17.0,8.0,3.0,2.2222222222222223,0.0,3,3,-3,1.6,ﺪﯾﺮﺧ ﻝﺎﻨﮕﯿﺳ
64155926828410021,ساذري,2,1,1,0,0,0,27990,2.98,2.76,صف خرید,0,0,26,1.09,0,حجم متوسط1.15برابر,115 %,122 % ,118 % ,120 % ,291492,54,58599,ساير محصولات كاني غيرفلزي,خرید  متوسط,0,0,تحرک_مثبت,2,1,2,282,565,4,103,412,179,153,6.0,1405-06-04,12:19:02,2,1,1,0,1,1.0,1.0,0.0,1.0,0.5,1,0,3,1.1,ﺪﯾﺮﺧ ﻒﯿﻌﺿ ﻝﺎﻨﮕﯿﺳ
8790413783522890,فجهانح,0,0,0,0,0,0,1225,2.94,2.94,صف خرید,0,0,31,537.83,0, حجم کم,34 %,91 % ,236 % ,688 % ,2610623,27,512358,فلزات اساسي,خنثی,0,0,تحرک_مثبت,1,0,0,0,0,0,0,0,0,0,6.0,1405-06-04,8:48:13,0,0,0,0,0,0.0,0.0,0.0,0.0,0.0,0,0,1,0.30000000000000004,ﯽﺜﻨﺧ
59961449322636291,شصفهاح,4,4,4,3,1,1,3277,0.99,0.99,صف خرید,0,0,100,4.87,1352,حجم مشکوک5.14برابر,514 %,249 % ,1951 % ,0 % ,3168978,44,416438,محصولات شيميايي,فروش  قوی rsi,0,0,تحرک_مثبت,1,2,11,294,3238,4,344,1379,-50,1859,1.0,1405-06-04,12:28:11,4,4,4,3,0,0.8,1.0,0.5,2.6,2.4,0,3,-3,0.3999999999999998,ﯽﺜﻨﺧ
39436183727126211,خمحركه,12,13,3,4,1,1,6090,2.87,2.7,صف خرید,0,0,84,1.45,-609, حجم کم,73 %,106 % ,168 % ,142 % ,21971062,34,214831,خودرو و ساخت قطعات,فروش  متوسط,0,0,تحرک_مثبت,0,2,16,200,3209,14,211,2961,-11,248,2.0,1405-06-04,12:23:24,12,13,3,4,-1,0.8571428571428571,0.6,0.5,1.5384615384615385,1.5714285714285714,0,0,-3,-0.5000000000000001,ﺵﻭﺮﻓ ﻝﺎﻨﮕﯿﺳ
71483646978964608,ذوب,62,9,14,3,0,0,543,2.84,2.84,صف خرید,0,0,77,9.03,125154,حجم متوسط1.38برابر,138 %,132 % ,39 % ,0 % ,1970339459,27,512358,فلزات اساسي,فروش  متوسط rsi,0,0,تحرک_مثبت,0,0,853,164,139980,16,164,2636,0,137344,2.0,1405-06-04,12:25:38,62,9,14,3,53,6.2,3.5,0.0,1.2063492063492063,1.2,3,3,-3,1.6,ﺪﯾﺮﺧ ﻝﺎﻨﮕﯿﺳ
23891830829322971,بايكا,0,0,0,0,0,0,24750,1.85,-1.36,مثبت,0,0,54,2.0,0, حجم کم,79 %,145 % ,23 % ,68 % ,110014,31,32044,ماشين آلات و دستگاه‌هاي برقي,خنثی,0,0,تحرک_مثبت,0,0,0,0,0,0,0,0,0,0,5.0,1405-06-04,8:48:14,0,0,0,0,0,0.0,0.0,0.0,0.0,0.0,0,0,0,0.1,ﯽﺜﻨﺧ
26958787408104156,رايا,25,23,11,12,3,3,4800,0.21,1.46,مثبت,0,0,84,0.8,838, حجم کم,82 %,140 % ,38 % ,84 % ,27339231,66,66233,بيمه وصندوق بازنشستگي به جزتامين اجتماعي,فروش  متوسط,0,0,تحرک_منفی,0,2,31,251,7802,26,283,7372,-32,430,-3.0,1405-06-04,12:29:19,25,23,11,12,2,1.0416666666666667,0.8461538461538461,0.75,1.9615384615384615,2.0833333333333335,1,2,-3,0.3999999999999999,ﯽﺜﻨﺧ
57639364758870873,كپشير,11,6,0,3,0,0,21330,2.99,2.95,صف خرید,0,0,86,1.32,2873, حجم کم,28 %,58 % ,88 % ,160 % ,13491487,54,58599,ساير محصولات كاني غيرفلزي,فروش  متوسط,0,0,تحرک_مثبت,0,2,21,136,2864,8,179,1433,-43,1431,2.0,1405-06-04,11:15:49,11,6,0,3,5,1.5714285714285714,0.0,0.0,0.9166666666666666,1.2857142857142858,2,3,-3,1.2,ﺪﯾﺮﺧ ﻒﯿﻌﺿ ﻝﺎﻨﮕﯿﺳ
10024128313803797,زگلدشت,20,11,11,4,4,1,10750,2.97,2.68,صف خرید,0,0,68,2.04,4739, حجم کم,66 %,47 % ,45 % ,105 % ,20678127,1,35200,زراعت و خدمات وابسته,خرید  قوی,0,0,تحرک_مثبت,2,2,24,371,8904,15,232,3480,139,5424,9.0,1405-06-04,12:24:50,20,11,11,4,9,1.6666666666666667,2.2,2.0,2.4285714285714284,1.6666666666666667,3,3,-1,2.0,ﺪﯾﺮﺧ ﻝﺎﻨﮕﯿﺳ
9536587154100457,وپاسار,49,51,16,20,0,2,10960,2.91,2.63,صف خرید,0,0,73,1.02,-5725, حجم کم,45 %,88 % ,202 % ,188 % ,76426972,57,551430,بانكها و موسسات اعتباري,فروش  متوسط,0,0,تحرک_مثبت,1,3,88,179,15825,99,189,18760,-10,-2935,-1.0,1405-06-04,12:30:51,49,51,16,20,-2,0.9423076923076923,0.7619047619047619,0.0,1.3,1.5576923076923077,0,0,-3,-0.5000000000000001,ﺵﻭﺮﻓ ﻝﺎﻨﮕﯿﺳ
5286237676293152,سيسكو,78,24,32,9,13,1,5810,2.83,2.83,صف خرید,0,0,93,2.62,13534,حجم متوسط1.51برابر,151 %,38 % ,57 % ,145 % ,210151314,27,512358,فلزات اساسي,فروش  قوی rsi,0,0,تحرک_مثبت,0,0,379,218,82710,233,202,47251,16,35459,1.0,1405-06-04,12:25:37,78,24,32,9,54,3.12,3.2,6.5,2.2151898734177213,1.52,3,3,-3,1.6,ﺪﯾﺮﺧ ﻝﺎﻨﮕﯿﺳ
28325731560106431,كساپا,20,17,9,6,2,1,3710,2.2,2.2,مثبت,0,0,71,1.35,111,حجم زیاد2.05برابر,205 %,163 % ,118 % ,180 % ,11911449,54,58599,ساير محصولات كاني غيرفلزي,فروش  متوسط rsi,0,0,تحرک_مثبت,1,1,25,240,6017,25,181,4525,59,1492,1.0,1405-06-04,11:50:57,20,17,9,6,3,1.1111111111111112,1.2857142857142858,1.0,1.8571428571428572,1.5555555555555556,2,1,-3,0.6,ﺪﯾﺮﺧ ﻒﯿﻌﺿ ﻝﺎﻨﮕﯿﺳ
4758266259250794,خپويش,6,4,1,0,0,0,3810,2.97,2.7,صف خرید,0,0,77,2.74,416, حجم کم,38 %,128 % ,89 % ,202 % ,13516744,34,214831,خودرو و ساخت قطعات,فروش  متوسط rsi,0,0,تحرک_مثبت,0,2,6,192,1153,4,117,468,75,685,2.0,1405-06-04,11:48:45,6,4,1,0,2,1.2,1.0,0.0,1.0,0.8,1,1,-3,0.19999999999999987,ﯽﺜﻨﺧ
48623320733330408,فلوله,14,7,6,5,3,0,2910,2.97,2.9,صف خرید,0,0,81,2.48,5006,حجم متوسط1.04برابر,104 %,158 % ,100 % ,115 % ,39700246,27,512358,فلزات اساسي,فروش  قوی rsi,0,0,تحرک_مثبت,0,1,25,305,7645,10,254,2546,51,5099,1.0,1405-06-04,11:58:45,14,7,6,5,7,1.75,1.0,3.0,2.3333333333333335,1.5,3,3,-3,1.6,ﺪﯾﺮﺧ ﻝﺎﻨﮕﯿﺳ
51106317433079213,آسيا,8,5,4,2,2,0,3720,2.76,2.49,صف خرید,0,0,77,2.57,907, حجم کم,21 %,52 % ,97 % ,91 % ,89386248,66,66233,بيمه وصندوق بازنشستگي به جزتامين اجتماعي,فروش  متوسط rsi,0,0,تحرک_مثبت,1,1,12,319,3835,10,180,1806,139,2029,2.0,1405-06-04,12:29:21,8,5,4,2,3,1.3333333333333333,1.3333333333333333,2.0,2.4444444444444446,1.1666666666666667,2,2,-3,0.8999999999999998,ﺪﯾﺮﺧ ﻒﯿﻌﺿ ﻝﺎﻨﮕﯿﺳ
24662567615903665,وسنا,6,3,6,2,0,1,30760,2.98,2.98,صف خرید,0,0,88,6.71,2008, حجم کم,82 %,75 % ,129 % ,114 % ,1527390,56,223642,سرمايه گذاريها,فروش  متوسط,0,0,تحرک_مثبت,0,1,9,309,2788,4,311,1246,-2,1542,2.0,1405-06-04,9:54:41,6,3,6,2,3,1.5,2.0,0.0,1.7142857142857142,2.5,2,3,-3,1.2,ﺪﯾﺮﺧ ﻒﯿﻌﺿ ﻝﺎﻨﮕﯿﺳ
63830424809501048,اپرداز,17,20,5,13,0,2,4710,2.84,2.18,صف خرید,0,0,63,0.76,-4114,حجم زیاد2.44برابر,244 %,193 % ,174 % ,214 % ,15253126,73,-4741,اطلاعات و ارتباطات,فروش  ضعیف,0,0,تحرک_مثبت,1,3,37,157,5826,26,288,7506,-131,-1680,2.5,1405-06-04,12:30:32,17,20,5,13,-3,0.8095238095238095,0.35714285714285715,0.0,1.2222222222222223,2.0476190476190474,0,0,-1,-0.2,ﺵﻭﺮﻓ ﻝﺎﻨﮕﯿﺳ
47756003257788498,حگهر,7,1,1,1,0,0,3032,2.99,2.99,صف خرید,0,0,58,2.47,1079, حجم کم,66 %,56 % ,113 % ,51 % ,15084908,60,116556,حمل ونقل، انبارداري و ارتباطات,خرید  ضعیف,0,0,تحرک_مثبت,1,2,7,161,1128,1,315,315,-154,813,7.5,1405-06-04,12:08:15,7,1,1,1,6,3.5,0.5,0.0,1.0,1.0,3,3,-1,2.0,ﺪﯾﺮﺧ ﻝﺎﻨﮕﯿﺳ
69472361926040823,ويسا,1,1,1,0,0,0,4040,2.8,2.54,صف خرید,0,0,65,2.3,-70,حجم متوسط1.67برابر,167 %,49 % ,300 % ,151 % ,1320466,56,223642,سرمايه گذاريها,خرید  متوسط,0,0,تحرک_مثبت,1,1,1,328,328,1,177,177,151,151,8.0,1405-06-04,11:46:17,1,1,1,0,0,0.5,1.0,0.0,1.0,0.5,0,0,-1,-0.1,ﺵﻭﺮﻓ ﻝﺎﻨﮕﯿﺳ
7385624172574740,ورنا,90,104,48,49,12,6,6700,1.52,2.12,مثبت,0,0,76,1.15,-10459,حجم متوسط1.27برابر,127 %,208 % ,223 % ,267 % ,115343962,34,214831,خودرو و ساخت قطعات,فروش  متوسط,0,0,تحرک_منفی,0,4,234,253,59433,273,188,51400,65,8033,-1.5,1405-06-04,12:30:52,90,104,48,49,-14,0.8571428571428571,0.96,1.7142857142857142,2.1758241758241756,1.7428571428571429,0,0,-3,-0.5000000000000001,ﺵﻭﺮﻓ ﻝﺎﻨﮕﯿﺳ
57309221039930244,وصنعت,9,6,5,3,3,3,2635,2.97,2.85,صف خرید,0,0,76,3.06,716,حجم متوسط1.19برابر,119 %,89 % ,15 % ,34 % ,27903961,56,223642,سرمايه گذاريها,فروش  متوسط rsi,0,0,تحرک_مثبت,0,3,22,284,6257,15,393,5905,-109,352,2.0,1405-06-04,11:43:04,9,6,5,3,3,1.2857142857142858,1.25,0.75,2.9,3.4285714285714284,2,2,-3,0.8999999999999998,ﺪﯾﺮﺧ ﻒﯿﻌﺿ ﻝﺎﻨﮕﯿﺳ
66450490505950110,ددام,4,0,4,0,0,0,9710,2.97,2.97,صف خرید,0,0,85,38.36,6112, حجم کم,55 %,87 % ,62 % ,279 % ,12683833,43,-98707,مواد و محصولات دارويي,فروش  قوی rsi,0,0,تحرک_مثبت,0,0,25,252,6319,0,0,0,252,6319,1.0,1405-06-04,11:54:09,4,0,4,0,4,4.0,4.0,0.0,1.6,0.0,2,3,-3,1.2,ﺪﯾﺮﺧ ﻒﯿﻌﺿ ﻝﺎﻨﮕﯿﺳ
61310599391543522,سباقر,19,25,12,16,0,7,316700,2.99,2.99,صف خرید,0,0,92,0.5,14877, حجم کم,63 %,25 % ,146 % ,131 % ,2643203,53,-4902,سيمان، آهك و گچ,فروش  متوسط,0,0,تحرک_مثبت,0,4,64,184,11834,37,624,23103,-440,-11269,-2.0,1405-06-04,12:11:49,19,25,12,16,-6,0.7307692307692307,0.7058823529411765,0.0,1.55,2.923076923076923,0,3,-3,0.2999999999999998,ﯽﺜﻨﺧ
35445515321658835,فماك,10,13,4,4,0,0,24930,2.97,2.02,صف خرید,0,0,90,1.08,-1136,حجم متوسط0.93برابر,93 %,297 % ,92 % ,139 % ,2893860,27,512358,فلزات اساسي,فروش  ضعیف,0,0,تحرک_مثبت,0,4,14,206,2894,18,152,2737,54,157,1.5,1405-06-04,12:30:29,10,13,4,4,-3,0.7142857142857143,0.8,0.0,1.2727272727272727,1.2142857142857142,0,0,-3,-0.5000000000000001,ﺵﻭﺮﻓ ﻝﺎﻨﮕﯿﺳ
38437201078089290,كرماشا,43,21,21,7,3,1,24980,2.97,2.89,صف خرید,0,1,64,2.28,15290, حجم کم,89 %,84 % ,43 % ,61 % ,15491034,44,416438,محصولات شيميايي,خرید  قوی,0,0,تحرک_مثبت,4,0,102,231,23647,37,191,7090,40,16557,11.0,1405-06-04,12:27:47,43,21,21,7,22,1.9545454545454546,2.625,1.5,1.7954545454545454,1.5,3,3,-1,2.0,ﺪﯾﺮﺧ ﻝﺎﻨﮕﯿﺳ
6110133418282108,پارس,51,35,11,12,0,3,2344,2.94,2.68,مثبت,0,0,62,1.13,9158, حجم کم,69 %,101 % ,131 % ,192 % ,217057023,44,416438,محصولات شيميايي,خرید  ضعیف,0,0,تحرک_مثبت,1,2,132,144,19132,63,187,11790,-43,7342,5.5,1405-06-04,12:30:52,51,35,11,12,16,1.4166666666666667,0.8461538461538461,0.0,1.1923076923076923,1.7222222222222223,3,3,-1,2.0,ﺪﯾﺮﺧ ﻝﺎﻨﮕﯿﺳ
11326461864120062,كربن,1,0,1,0,0,0,9650,2.99,2.99,صف خرید,0,0,90,448.79,1172, حجم کم,6 %,6 % ,67 % ,125 % ,23389370,10,14941,استخراج زغال سنگ,فروش  قوی rsi,0,0,تحرک_مثبت,0,0,5,237,1189,0,0,0,237,1189,1.0,1405-06-04,9:14:20,1,0,1,0,1,1.0,1.0,0.0,1.0,0.0,1,3,-3,0.7999999999999997,ﺪﯾﺮﺧ ﻒﯿﻌﺿ ﻝﺎﻨﮕﯿﺳ
40808043719554948,فولاژ,10,0,4,0,0,0,5770,2.85,2.85,صف خرید,0,0,88,16.94,7963, حجم کم,65 %,45 % ,43 % ,78 % ,26516895,27,512358,فلزات اساسي,فروش  قوی rsi,0,0,تحرک_مثبت,0,1,43,198,8527,0,0,0,198,8527,1.0,1405-06-04,12:01:19,10,0,4,0,10,10.0,4.0,0.0,1.2727272727272727,0.0,3,3,-3,1.6,ﺪﯾﺮﺧ ﻝﺎﻨﮕﯿﺳ
27148572013604038,وفتخار,6,5,2,1,0,0,1662,2.97,2.42,صف خرید,0,0,67,1.6,332, حجم کم,71 %,54 % ,64 % ,414 % ,20508120,56,223642,سرمايه گذاريها,خرید  متوسط,0,0,تحرک_مثبت,1,2,6,212,1275,5,177,887,35,388,8.0,1405-06-04,12:16:45,6,5,2,1,1,1.0,1.0,0.0,1.1428571428571428,1.0,1,1,-1,0.6,ﺪﯾﺮﺧ ﻒﯿﻌﺿ ﻝﺎﻨﮕﯿﺳ
48517714910707769,بپويا,9,2,1,2,0,0,5790,1.22,1.92,مثبت,0,0,59,4.48,49,حجم متوسط0.94برابر,94 %,157 % ,88 % ,98 % ,13779770,31,32044,ماشين آلات و دستگاه‌هاي برقي,خرید  ضعیف,0,0,تحرک_منفی,3,0,26,138,3599,8,285,2285,-147,1314,6.5,1405-06-04,12:30:52,9,2,1,2,7,3.0,0.3333333333333333,0.0,1.0,1.3333333333333333,3,1,-1,1.4000000000000004,ﺪﯾﺮﺧ ﻒﯿﻌﺿ ﻝﺎﻨﮕﯿﺳ
28845264556937486,شپلي,4,0,2,0,0,0,6410,2.89,2.89,صف خرید,0,0,75,6.99,641, حجم کم,4 %,20 % ,25 % ,116 % ,70815065,44,416438,محصولات شيميايي,فروش  متوسط rsi,0,0,تحرک_مثبت,1,0,6,207,1244,0,0,0,207,1244,2.0,1405-06-04,10:12:15,4,0,2,0,4,4.0,2.0,0.0,1.2,0.0,2,2,-3,0.8999999999999998,ﺪﯾﺮﺧ ﻒﯿﻌﺿ ﻝﺎﻨﮕﯿﺳ
49399017998386087,فبيرا,7,6,4,2,1,1,2633,2.97,2.97,صف خرید,0,0,96,4.4,746,حجم متوسط1.45برابر,145 %,10 % ,37 % ,15 % ,7631312,28,4088,ساخت محصولات فلزي,فروش  قوی rsi,0,0,تحرک_مثبت,0,0,10,266,2669,10,183,1831,83,838,1.0,1405-06-04,12:08:12,7,6,4,2,1,1.0,1.3333333333333333,0.5,2.0,1.8571428571428572,1,2,-3,0.4999999999999999,ﯽﺜﻨﺧ
28328083629154916,سجام,10,2,7,2,1,0,8400,2.94,2.94,صف خرید,0,0,58,7.3,1115, حجم کم,13 %,53 % ,39 % ,77 % ,45253219,53,-4902,سيمان، آهك و گچ,خرید  متوسط,0,0,تحرک_مثبت,2,2,21,233,4913,2,286,573,-53,4340,8.0,1405-06-04,12:05:41,10,2,7,2,8,3.3333333333333335,2.3333333333333335,1.0,2.0,1.3333333333333333,3,3,-1,2.0,ﺪﯾﺮﺧ ﻝﺎﻨﮕﯿﺳ
20560887114747719,كسرام,8,12,6,5,3,1,12380,3.0,2.75,صف خرید,0,0,62,5.62,384, حجم کم,84 %,136 % ,125 % ,87 % ,5731660,54,58599,ساير محصولات كاني غيرفلزي,خرید  متوسط,0,0,تحرک_مثبت,1,3,10,539,5396,15,236,3542,303,1854,8.0,1405-06-04,12:22:41,8,12,6,5,-4,0.6153846153846154,1.0,1.5,3.2222222222222223,1.6923076923076923,0,1,-1,0.19999999999999998,ﯽﺜﻨﺧ
58741071099161284,فرابورس,22,6,14,3,4,1,7090,2.9,2.9,صف خرید,0,4,67,6.21,60775,حجم متوسط1.25برابر,125 %,39 % ,125 % ,180 % ,87441715,67,104413,فعاليتهاي كمكي به نهادهاي مالي واسط,خرید  قوی,0,0,تحرک_مثبت,3,0,307,213,65681,18,199,3598,14,62083,11.0,1405-06-04,12:14:09,22,6,14,3,16,3.142857142857143,3.5,2.0,2.4347826086956523,2.0,3,3,-1,2.0,ﺪﯾﺮﺧ ﻝﺎﻨﮕﯿﺳ
3493306453706327,شوينده,19,12,6,7,1,0,40000,0.08,0.68,مثبت,0,0,63,1.09,2598, حجم کم,57 %,35 % ,33 % ,72 % ,3557988,44,416438,محصولات شيميايي,خرید  متوسط,0,0,تحرک_منفی,1,1,23,192,4437,12,226,2723,-34,1714,2.0,1405-06-04,12:29:48,19,12,6,7,7,1.4615384615384615,0.75,1.0,1.5,1.4615384615384615,3,3,-1,2.0,ﺪﯾﺮﺧ ﻝﺎﻨﮕﯿﺳ
23936607891892333,چافست,18,36,11,24,2,7,23340,-0.98,-2.16,منفی,0,0,75,0.33,-17096,حجم زیاد2.29برابر,229 %,114 % ,140 % ,225 % ,5388462,22,-16754,انتشار، چاپ و تکثير,فروش  قوی,0,0,تحرک_مثبت,0,4,27,233,6298,91,271,24686,-38,-18388,-6.0,1405-06-04,12:30:52,18,36,11,24,-18,0.4864864864864865,0.44,0.25,2.0526315789473686,2.5675675675675675,0,0,-3,-0.6000000000000001,ﺵﻭﺮﻓ ﻝﺎﻨﮕﯿﺳ
8725363201030474,فگستر,6,7,5,2,2,0,8680,2.97,2.85,صف خرید,0,0,84,3.99,42, حجم کم,24 %,87 % ,91 % ,125 % ,49360957,27,512358,فلزات اساسي,فروش  ضعیف,0,0,تحرک_مثبت,0,3,14,371,5200,22,172,3797,199,1403,2.5,1405-06-04,11:34:58,6,7,5,2,-1,0.75,1.6666666666666667,2.0,3.0,1.125,0,1,-3,-0.2000000000000001,ﺵﻭﺮﻓ ﻝﺎﻨﮕﯿﺳ
69540585676934415,ددانا,83,94,37,42,3,9,22080,-2.21,-2.52,منفی,0,0,82,0.66,-18597,حجم زیاد3.01برابر,301 %,117 % ,301 % ,269 % ,32203417,43,-98707,مواد و محصولات دارويي,فروش  قوی,0,0,تحرک_مثبت,0,4,355,183,65037,487,279,136164,-96,-71127,-6.0,1405-06-04,12:30:56,83,94,37,42,-11,0.8736842105263158,0.8604651162790697,0.3,1.6071428571428572,1.9052631578947368,0,0,-3,-0.6000000000000001,ﺵﻭﺮﻓ ﻝﺎﻨﮕﯿﺳ
56324206651661881,فنورد,8,3,5,2,2,2,10830,2.95,2.95,صف خرید,0,0,90,2.99,6715, حجم کم,43 %,32 % ,49 % ,73 % ,22266263,27,512358,فلزات اساسي,فروش  قوی rsi,0,0,تحرک_مثبت,0,0,39,250,9779,4,724,2899,-474,6880,1.0,1405-06-04,11:39:13,8,3,5,2,5,2.0,1.6666666666666667,0.6666666666666666,2.5555555555555554,3.75,2,3,-3,1.2,ﺪﯾﺮﺧ ﻒﯿﻌﺿ ﻝﺎﻨﮕﯿﺳ
53113471126689455,چكارن,11,5,6,0,1,0,4870,2.96,2.54,صف خرید,0,0,82,2.98,0,حجم متوسط1.16برابر,116 %,231 % ,94 % ,107 % ,6685479,21,29491,محصولات كاغذي,فروش  قوی rsi,0,0,تحرک_مثبت,0,3,12,229,2756,5,129,649,100,2107,1.0,1405-06-04,12:13:01,11,5,6,0,6,1.8333333333333333,6.0,1.0,1.8333333333333333,0.8333333333333334,3,0,-3,0.7000000000000001,ﺪﯾﺮﺧ ﻒﯿﻌﺿ ﻝﺎﻨﮕﯿﺳ
25010489461183396,فطلوع,12,1,4,1,0,0,4130,2.99,2.99,صف خرید,0,0,82,6.4,8599,حجم متوسط1.25برابر,125 %,68 % ,177 % ,59 % ,19520113,27,512358,فلزات اساسي,فروش  قوی rsi,0,0,تحرک_مثبت,0,1,39,176,6875,1,496,496,-320,6379,1.0,1405-06-04,10:22:56,12,1,4,1,11,6.0,2.0,0.0,1.2307692307692308,1.0,3,3,-3,1.6,ﺪﯾﺮﺧ ﻝﺎﻨﮕﯿﺳ
16369313804633525,حپترو,3,1,1,0,0,0,16980,2.66,1.69,مثبت,0,0,71,1.07,-403, حجم کم,50 %,151 % ,83 % ,160 % ,1579518,60,116556,حمل ونقل، انبارداري و ارتباطات,فروش  متوسط rsi,0,0,تحرک_مثبت,0,2,3,166,500,1,129,129,37,371,0.0,1405-06-04,12:17:05,3,1,1,0,2,1.5,1.0,0.0,1.0,0.5,1,0,-3,-0.10000000000000006,ﺵﻭﺮﻓ ﻝﺎﻨﮕﯿﺳ
10654052153538617,كابگن,0,0,0,0,0,0,84200,3.0,3.0,صف خرید,0,0,89,6.0,0, حجم کم,5 %,5 % ,12 % ,13 % ,137572,54,58599,ساير محصولات كاني غيرفلزي,فروش  قوی rsi,0,0,تحرک_مثبت,0,0,0,0,0,0,0,0,0,0,0.0,1405-06-04,8:48:17,0,0,0,0,0,0.0,0.0,0.0,0.0,0.0,0,0,-3,-0.5000000000000001,ﺵﻭﺮﻓ ﻝﺎﻨﮕﯿﺳ
3955332316338258,وطوبي,0,0,0,0,0,0,4640,1.53,1.09,مثبت,0,0,75,1.17,-118, حجم کم,25 %,16 % ,64 % ,170 % ,2973820,56,223642,سرمايه گذاريها,فروش  متوسط rsi,0,0,تحرک_مثبت,0,2,0,0,0,0,0,0,0,0,0.0,1405-06-04,8:48:17,0,0,0,0,0,0.0,0.0,0.0,0.0,0.0,0,0,-3,-0.5000000000000001,ﺵﻭﺮﻓ ﻝﺎﻨﮕﯿﺳ
52220424531578944,سغرب,22,13,9,5,1,0,8600,2.99,2.51,صف خرید,0,1,65,1.24,5415,حجم متوسط1.77برابر,177 %,69 % ,151 % ,55 % ,8939322,53,-4902,سيمان، آهك و گچ,خرید  قوی,0,0,تحرک_مثبت,3,0,35,179,6275,19,191,3634,-12,2641,11.0,1405-06-04,12:24:10,22,13,9,5,9,1.5714285714285714,1.5,1.0,1.565217391304348,1.2857142857142858,3,3,-1,2.0,ﺪﯾﺮﺧ ﻝﺎﻨﮕﯿﺳ
33938004134399485,صبا,22,28,5,17,0,2,7090,2.9,2.76,صف خرید,0,0,70,1.21,136, حجم کم,55 %,47 % ,145 % ,108 % ,129110714,56,223642,سرمايه گذاريها,فروش  ضعیف,0,0,تحرک_مثبت,1,3,82,159,13088,61,257,15680,-98,-2592,3.5,1405-06-04,12:20:52,22,28,5,17,-6,0.7586206896551724,0.2777777777777778,0.0,1.173913043478261,1.896551724137931,0,1,-1,0.19999999999999998,ﯽﺜﻨﺧ
63915926161403347,خشرق,16,17,8,6,2,3,2500,2.71,2.71,مثبت,0,0,73,0.76,0,حجم متوسط1.6برابر,160 %,126 % ,133 % ,242 % ,26883718,34,214831,خودرو و ساخت قطعات,فروش  متوسط,0,0,تحرک_مثبت,0,3,30,240,7225,24,302,7265,-62,-40,-5.0,1405-06-04,12:14:28,16,17,8,6,-1,0.8888888888888888,1.1428571428571428,0.5,2.0,2.111111111111111,0,0,-3,-0.6000000000000001,ﺵﻭﺮﻓ ﻝﺎﻨﮕﯿﺳ
21096748051392414,سغدير,10,27,3,14,0,2,21820,2.97,2.93,صف خرید,0,0,76,0.39,-3036, حجم کم,51 %,91 % ,92 % ,204 % ,11099076,53,-4902,سيمان، آهك و گچ,فروش  قوی,0,0,تحرک_مثبت,0,3,12,150,1808,32,260,8343,-110,-6535,-3.0,1405-06-04,12:19:03,10,27,3,14,-17,0.35714285714285715,0.2,0.0,1.1818181818181819,1.8214285714285714,0,0,-3,-0.6000000000000001,ﺵﻭﺮﻓ ﻝﺎﻨﮕﯿﺳ
40611478183231802,شدوص,40,23,13,10,4,1,7120,0.42,-0.71,مثبت,0,0,79,1.64,23965,حجم زیاد2.71برابر,271 %,261 % ,226 % ,68 % ,18729118,44,416438,محصولات شيميايي,فروش  متوسط rsi,0,0,تحرک_مثبت,0,2,144,180,26031,30,214,6422,-34,19609,1.0,1405-06-04,12:30:51,40,23,13,10,17,1.6666666666666667,1.1818181818181819,2.0,1.7804878048780488,1.5833333333333333,3,3,-3,1.6,ﺪﯾﺮﺧ ﻝﺎﻨﮕﯿﺳ
15949743338644220,ساروم,24,50,10,23,1,1,201500,2.96,2.81,صف خرید,0,0,57,0.8,-5474, حجم کم,68 %,97 % ,68 % ,166 % ,2096414,53,-4902,سيمان، آهك و گچ,فروش  ضعیف,0,0,تحرک_مثبت,0,3,37,180,6684,73,181,13254,-1,-6570,2.5,1405-06-04,12:21:36,24,50,10,23,-26,0.47058823529411764,0.4166666666666667,0.5,1.56,1.5294117647058822,0,0,-1,-0.2,ﺵﻭﺮﻓ ﻝﺎﻨﮕﯿﺳ
46167643644457680,شگلح,5,24,1,13,0,6,1413,2.99,2.99,صف خرید,0,0,13,0.47,-9724,حجم زیاد2.77برابر,277 %,159 % ,42 % ,99 % ,47724718,44,416438,محصولات شيميايي,فروش  ضعیف,0,0,تحرک_مثبت,0,4,5,145,726,32,414,13251,-269,-12525,1.5,1405-06-04,12:27:06,5,24,1,13,-19,0.2,0.07142857142857142,0.0,1.0,2.68,0,0,3,0.6000000000000001,ﺪﯾﺮﺧ ﻒﯿﻌﺿ ﻝﺎﻨﮕﯿﺳ
60451823714332895,دالبر,56,92,29,43,6,10,15350,2.95,2.75,صف خرید,0,0,84,0.71,-16161, حجم کم,79 %,236 % ,207 % ,306 % ,82615053,43,-98707,مواد و محصولات دارويي,فروش  قوی,0,0,تحرک_مثبت,0,4,175,212,37203,317,199,63332,13,-26129,-3.0,1405-06-04,12:22:40,56,92,29,43,-36,0.6021505376344086,0.6590909090909091,0.5454545454545454,2.017543859649123,1.989247311827957,0,0,-3,-0.6000000000000001,ﺵﻭﺮﻓ ﻝﺎﻨﮕﯿﺳ
36671655475498480,قشرين,6,4,1,2,0,0,3050,2.35,2.35,مثبت,0,0,48,1.03,-470,حجم متوسط1.02برابر,102 %,99 % ,330 % ,177 % ,10295272,38,15187,قند و شكر,خرید  ضعیف,0,0,تحرک_مثبت,0,2,7,146,1026,4,190,761,-44,265,5.5,1405-06-04,12:20:52,6,4,1,2,2,1.2,0.3333333333333333,0.0,1.0,1.2,1,0,0,0.5,ﺪﯾﺮﺧ ﻒﯿﻌﺿ ﻝﺎﻨﮕﯿﺳ
37284308569715577,فسبزوار,84,64,29,30,5,9,69710,-1.09,-0.03,منفی,0,0,57,1.11,9626,حجم متوسط1.14برابر,114 %,56 % ,64 % ,101 % ,11760920,27,512358,فلزات اساسي,خرید  ضعیف,0,0,تحرک_منفی,0,3,227,170,38776,163,235,38432,-65,344,1.5,1405-06-04,12:29:40,84,64,29,30,20,1.2923076923076924,0.9354838709677419,0.5,1.6235294117647059,2.1384615384615384,3,3,-1,2.0,ﺪﯾﺮﺧ ﻝﺎﻨﮕﯿﺳ
41122066907413786,چخزر,10,7,3,4,0,0,197500,2.97,2.97,صف خرید,0,0,84,9.33,1084, حجم کم,43 %,15 % ,17 % ,161 % ,849124,20,1786,محصولات چوبي,فروش  متوسط,0,0,تحرک_مثبت,0,2,23,159,3678,18,235,4230,-76,-552,0.0,1405-06-04,10:53:58,10,7,3,4,3,1.25,0.6,0.0,1.1818181818181819,1.375,2,3,-3,1.2,ﺪﯾﺮﺧ ﻒﯿﻌﺿ ﻝﺎﻨﮕﯿﺳ
30829203706095076,ستران,8,18,3,8,0,1,12680,2.92,2.92,صف خرید,0,0,66,0.98,-7589, حجم کم,88 %,83 % ,56 % ,116 % ,17037378,53,-4902,سيمان، آهك و گچ,فروش  ضعیف,0,0,تحرک_مثبت,1,3,28,151,4239,52,200,10444,-49,-6205,3.5,1405-06-04,12:28:36,8,18,3,8,-10,0.42105263157894735,0.3333333333333333,0.0,1.2222222222222223,1.631578947368421,0,0,-1,-0.2,ﺵﻭﺮﻓ ﻝﺎﻨﮕﯿﺳ
59486059679335017,وپترو,22,12,13,8,1,3,65110,2.99,2.99,صف خرید,0,0,90,1.74,16902,حجم متوسط1.07برابر,107 %,86 % ,367 % ,0 % ,5133754,44,416438,محصولات شيميايي,فروش  متوسط,0,0,تحرک_مثبت,0,2,118,247,29236,13,882,11471,-635,17765,2.0,1405-06-04,12:27:06,22,12,13,8,10,1.6923076923076923,1.4444444444444444,0.25,1.7391304347826086,2.6923076923076925,3,3,-3,1.6,ﺪﯾﺮﺧ ﻝﺎﻨﮕﯿﺳ
16567465928886309,درازي,1,0,1,0,0,0,33970,2.97,2.97,صف خرید,0,0,99,22.2,902, حجم کم,22 %,209 % ,22 % ,20 % ,1525063,43,-98707,مواد و محصولات دارويي,فروش  قوی rsi,0,0,تحرک_مثبت,0,1,4,235,943,0,0,0,235,943,1.0,1405-06-04,9:03:15,1,0,1,0,1,1.0,1.0,0.0,1.0,0.0,1,2,-3,0.4999999999999999,ﯽﺜﻨﺧ
17372162356531136,بتيس,9,3,4,1,0,0,3330,2.78,2.47,صف خرید,0,0,77,6.17,145, حجم کم,81 %,43 % ,44 % ,243 % ,13550243,66,66233,بيمه وصندوق بازنشستگي به جزتامين اجتماعي,فروش  متوسط rsi,0,0,تحرک_مثبت,0,2,10,185,1857,3,232,698,-47,1159,2.0,1405-06-04,11:53:04,9,3,4,1,6,2.25,2.0,0.0,1.3,1.0,3,1,-3,1.0000000000000002,ﺪﯾﺮﺧ ﻒﯿﻌﺿ ﻝﺎﻨﮕﯿﺳ
67030488744129337,قپيرا,0,0,0,0,0,0,17050,2.96,2.66,صف خرید,0,0,60,0.62,-691, حجم کم,56 %,50 % ,40 % ,35 % ,1201498,38,15187,قند و شكر,خنثی,0,0,تحرک_مثبت,0,1,0,0,0,0,0,0,0,0,3.0,1405-06-04,8:48:19,0,0,0,0,0,0.0,0.0,0.0,0.0,0.0,0,0,-1,-0.2,ﺵﻭﺮﻓ ﻝﺎﻨﮕﯿﺳ
63380098535169030,قنيشا,12,9,3,3,1,0,2981,2.97,2.94,صف خرید,0,0,71,1.68,3104,حجم متوسط1.5برابر,150 %,98 % ,129 % ,176 % ,16229228,38,15187,قند و شكر,فروش  متوسط rsi,0,0,تحرک_مثبت,1,1,13,199,2599,9,159,1437,40,1162,2.0,1405-06-04,12:29:40,12,9,3,3,3,1.2,0.75,1.0,1.5384615384615385,1.2,2,3,-3,1.2,ﺪﯾﺮﺧ ﻒﯿﻌﺿ ﻝﺎﻨﮕﯿﺳ
44625249840480397,حآسا,6,7,3,3,0,1,4190,2.95,2.21,صف خرید,0,0,66,1.79,864,حجم متوسط1.56برابر,156 %,70 % ,103 % ,170 % ,7099381,60,116556,حمل ونقل، انبارداري و ارتباطات,فروش  ضعیف,0,0,تحرک_مثبت,1,2,13,186,2429,8,224,1794,-38,635,6.5,1405-06-04,12:24:06,6,7,3,3,-1,0.75,0.75,0.0,1.2857142857142858,1.875,0,2,-1,0.5,ﺪﯾﺮﺧ ﻒﯿﻌﺿ ﻝﺎﻨﮕﯿﺳ
53999651992586159,ثپرديس,4,4,2,0,0,0,4090,2.76,2.76,صف خرید,0,0,74,6.23,491, حجم کم,22 %,34 % ,169 % ,95 % ,19462504,70,48213,انبوه سازي، املاك و مستغلات,فروش  متوسط rsi,0,0,تحرک_مثبت,1,1,4,211,847,4,123,492,88,355,2.0,1405-06-04,12:04:52,4,4,2,0,0,0.8,2.0,0.0,1.2,0.8,0,1,-3,-0.2000000000000001,ﺵﻭﺮﻓ ﻝﺎﻨﮕﯿﺳ
1301069819790264,تجلي,29,30,8,9,0,0,1782,2.59,1.96,مثبت,0,0,60,1.11,-5542,حجم متوسط1.45برابر,145 %,88 % ,86 % ,99 % ,69904329,13,243886,استخراج كانه هاي فلزي,فروش  ضعیف,0,0,تحرک_مثبت,0,3,39,192,7499,44,175,7713,17,-214,1.5,1405-06-04,12:30:33,29,30,8,9,-1,0.9354838709677419,0.8,0.0,1.2333333333333334,1.2580645161290323,0,0,-1,-0.1,ﺵﻭﺮﻓ ﻝﺎﻨﮕﯿﺳ
4384288570322406,دلر,43,59,16,18,4,2,25870,0.43,-0.39,مثبت,0,0,64,0.92,-102, حجم کم,74 %,107 % ,52 % ,160 % ,26720054,43,-98707,مواد و محصولات دارويي,فروش  ضعیف,0,0,تحرک_مثبت,0,4,101,215,21757,124,172,21352,43,405,4.5,1405-06-04,12:30:51,43,59,16,18,-16,0.7166666666666667,0.8421052631578947,1.3333333333333333,1.7954545454545454,1.45,0,0,-1,-0.2,ﺵﻭﺮﻓ ﻝﺎﻨﮕﯿﺳ
65321970913593427,سكرد,9,10,1,3,0,1,13570,1.34,1.64,مثبت,0,0,61,1.07,-1420, حجم کم,82 %,60 % ,152 % ,69 % ,5234018,53,-4902,سيمان، آهك و گچ,فروش  ضعیف,0,0,تحرک_منفی,2,1,9,152,1370,12,232,2793,-80,-1423,3.0,1405-06-04,12:29:41,9,10,1,3,-1,0.8181818181818182,0.25,0.0,1.0,1.6363636363636365,0,0,-1,-0.1,ﺵﻭﺮﻓ ﻝﺎﻨﮕﯿﺳ
4528607775462304,سفانو,3,8,0,2,0,0,53240,3.0,2.28,صف خرید,0,0,58,0.45,-2339, حجم کم,48 %,187 % ,88 % ,92 % ,1889045,53,-4902,سيمان، آهك و گچ,فروش  ضعیف,0,0,تحرک_مثبت,0,4,3,166,499,18,145,2611,21,-2112,2.5,1405-06-04,12:10:50,3,8,0,2,-5,0.3333333333333333,0.0,0.0,0.75,1.1111111111111112,0,0,-1,-0.2,ﺵﻭﺮﻓ ﻝﺎﻨﮕﯿﺳ
26543014712914772,ميهن,12,5,4,2,0,2,2320,2.97,2.97,صف خرید,0,0,65,1.82,6125,حجم متوسط1.23برابر,123 %,202 % ,83 % ,229 % ,49715723,66,66233,بيمه وصندوق بازنشستگي به جزتامين اجتماعي,خرید  متوسط,0,0,تحرک_مثبت,2,1,79,173,13667,5,1474,7371,-1301,6296,8.0,1405-06-04,11:26:23,12,5,4,2,7,2.0,1.3333333333333333,0.0,1.2307692307692308,2.8333333333333335,3,3,-1,2.0,ﺪﯾﺮﺧ ﻝﺎﻨﮕﯿﺳ
20865316761157979,فاراك,93,100,32,35,2,2,3020,0.67,0.33,مثبت,0,0,84,0.84,-5330,حجم متوسط1.26برابر,126 %,109 % ,193 % ,132 % ,252107401,28,4088,ساخت محصولات فلزي,فروش  متوسط,0,0,تحرک_مثبت,0,4,220,173,38069,256,178,45764,-5,-7695,-3.0,1405-06-04,12:30:52,93,100,32,35,-7,0.9207920792079208,0.8888888888888888,0.6666666666666666,1.4361702127659575,1.4356435643564356,0,0,-3,-0.6000000000000001,ﺵﻭﺮﻓ ﻝﺎﻨﮕﯿﺳ
43545527030854340,كوير,37,40,14,23,0,6,1917,-0.47,1.45,منفی,0,0,77,0.72,3355,حجم مشکوک6.34برابر,634 %,91 % ,0 % ,239 % ,68797102,27,512358,فلزات اساسي,فروش  متوسط,0,0,تحرک_منفی,0,2,491,144,71161,272,275,74824,-131,-3663,-7.0,1405-06-04,12:30:52,37,40,14,23,-3,0.9024390243902439,0.5833333333333334,0.0,1.3421052631578947,2.268292682926829,0,3,-3,0.2999999999999998,ﯽﺜﻨﺧ
67690708346979840,كماسه,14,11,9,4,1,1,4260,2.9,2.9,صف خرید,0,0,90,4.83,2960, حجم کم,80 %,555 % ,1 % ,107 % ,39759119,14,8505,استخراج ساير معادن,فروش  قوی rsi,0,0,تحرک_مثبت,0,2,37,224,8293,15,218,3271,6,5022,1.0,1405-06-04,11:57:42,14,11,9,4,3,1.1666666666666667,1.8,0.5,1.8666666666666667,1.6666666666666667,2,3,-3,1.2,ﺪﯾﺮﺧ ﻒﯿﻌﺿ ﻝﺎﻨﮕﯿﺳ
793710053482057,لپيام,4,6,4,1,1,0,79700,3.0,3.0,صف خرید,0,0,90,8.79,13048,حجم زیاد4.71برابر,471 %,15 % ,49 % ,42 % ,473211,32,14722,ساخت دستگاه‌ها و وسايل ارتباطي,فروش  ضعیف,0,0,تحرک_مثبت,0,2,32,440,14096,6,155,933,285,13163,2.5,1405-06-04,12:04:09,4,6,4,1,-2,0.5714285714285714,2.0,1.0,2.6,1.0,0,3,-3,0.3999999999999998,ﯽﺜﻨﺧ
23600798892801694,قچار,55,64,16,23,2,5,5340,0.95,0.76,مثبت,0,0,76,0.75,-5965,حجم متوسط1.65برابر,165 %,230 % ,13 % ,87 % ,57510815,38,15187,قند و شكر,فروش  قوی,0,0,تحرک_مثبت,0,4,107,180,19300,136,187,25493,-7,-6193,-4.0,1405-06-04,12:30:32,55,64,16,23,-9,0.8461538461538461,0.6666666666666666,0.3333333333333333,1.4464285714285714,1.7230769230769232,0,0,-3,-0.6000000000000001,ﺵﻭﺮﻓ ﻝﺎﻨﮕﯿﺳ
66295665969375744,سبجنو,11,7,3,2,0,0,47290,2.98,2.96,صف خرید,0,0,55,1.84,846, حجم کم,63 %,183 % ,39 % ,107 % ,1554150,53,-4902,سيمان، آهك و گچ,خرید  متوسط,0,0,تحرک_مثبت,1,2,13,186,2430,8,164,1317,22,1113,8.0,1405-06-04,10:25:06,11,7,3,2,4,1.375,1.0,0.0,1.1666666666666667,1.125,2,2,0,1.5,ﺪﯾﺮﺧ ﻝﺎﻨﮕﯿﺳ
47377315952751604,بسويچ,2,0,0,0,0,0,4500,2.97,2.97,صف خرید,0,0,75,9.23,924,حجم متوسط1.1برابر,110 %,104 % ,81 % ,145 % ,2626617,31,32044,ماشين آلات و دستگاه‌هاي برقي,فروش  متوسط rsi,0,0,تحرک_مثبت,0,0,6,131,786,0,0,0,131,786,2.0,1405-06-04,11:49:52,2,0,0,0,2,2.0,0.0,0.0,0.6666666666666666,0.0,1,2,-3,0.4999999999999999,ﯽﺜﻨﺧ
3839324986781871,تپسي,7,1,5,0,0,0,19650,1.18,1.18,صف خرید,0,0,98,14.5,2788, حجم کم,67 %,68 % ,81 % ,79 % ,3039268,72,-31944,رايانه و فعاليت‌هاي وابسته به آن,فروش  قوی rsi,0,0,تحرک_مثبت,0,0,13,223,2901,1,145,145,78,2756,1.0,1405-06-04,11:37:06,7,1,5,0,6,3.5,5.0,0.0,1.5,0.5,3,3,-3,1.6,ﺪﯾﺮﺧ ﻝﺎﻨﮕﯿﺳ
14744445176220774,ثبهساز,31,8,10,2,0,0,1981,2.96,2.75,صف خرید,0,0,71,3.05,8226, حجم کم,65 %,36 % ,80 % ,102 % ,237737714,70,48213,انبوه سازي، املاك و مستغلات,فروش  متوسط rsi,0,0,تحرک_مثبت,3,0,47,184,8669,25,231,5783,-47,2886,2.0,1405-06-04,12:11:53,31,8,10,2,23,3.4444444444444446,3.3333333333333335,0.0,1.28125,1.1111111111111112,3,3,-3,1.6,ﺪﯾﺮﺧ ﻝﺎﻨﮕﯿﺳ
72044846109864381,پارتا,3,2,0,0,0,0,16370,2.96,2.08,صف خرید,0,0,87,0.92,-1064,حجم زیاد3.56برابر,356 %,243 % ,361 % ,435 % ,538797,25,35003,لاستيك و پلاستيك,فروش  قوی rsi,0,0,تحرک_مثبت,0,1,3,149,447,2,156,313,-7,134,0.0,1405-06-04,11:28:28,3,2,0,0,1,1.0,0.0,0.0,0.75,0.6666666666666666,1,0,-3,-0.20000000000000007,ﺵﻭﺮﻓ ﻝﺎﻨﮕﯿﺳ
16777570760181431,كازرو,0,0,0,0,0,0,9410,2.95,0.98,صف خرید,0,0,81,2.54,-134, حجم کم,56 %,19 % ,11 % ,52 % ,314234,44,416438,محصولات شيميايي,فروش  قوی rsi,0,0,تحرک_مثبت,0,0,0,0,0,0,0,0,0,0,0.0,1405-06-04,8:48:22,0,0,0,0,0,0.0,0.0,0.0,0.0,0.0,0,0,-3,-0.5000000000000001,ﺵﻭﺮﻓ ﻝﺎﻨﮕﯿﺳ
61792732570093263,بهامرز,1,1,0,1,0,0,4770,2.8,2.37,صف خرید,0,0,81,0.99,-434, حجم کم,27 %,13 % ,640 % ,84 % ,6611318,66,66233,بيمه وصندوق بازنشستگي به جزتامين اجتماعي,فروش  متوسط,0,0,تحرک_مثبت,0,3,1,101,101,1,390,390,-289,-289,-1.0,1405-06-04,10:00:28,1,1,0,1,0,0.5,0.0,0.0,0.5,1.0,0,0,-3,-0.6000000000000001,ﺵﻭﺮﻓ ﻝﺎﻨﮕﯿﺳ
48010225447410247,وبانك,9,12,9,6,7,2,9520,2.92,2.92,صف خرید,0,1,67,13.84,18928,حجم متوسط1.01برابر,101 %,88 % ,74 % ,210 % ,33364989,39,17871,شركتهاي چند رشته اي صنعتي,خرید  متوسط,0,0,تحرک_مثبت,3,1,40,679,27160,50,193,9679,486,17481,10.0,1405-06-04,12:11:53,9,12,9,6,-3,0.6923076923076923,1.2857142857142858,2.3333333333333335,5.3,2.1538461538461537,0,3,-1,0.7999999999999999,ﺪﯾﺮﺧ ﻒﯿﻌﺿ ﻝﺎﻨﮕﯿﺳ
29974853866926823,فروي,12,16,3,8,0,1,2573,2.84,2.76,مثبت,0,0,75,1.23,415,حجم متوسط1.76برابر,176 %,99 % ,156 % ,234 % ,26400223,27,512358,فلزات اساسي,فروش  متوسط,0,0,تحرک_مثبت,0,1,27,144,3911,24,219,5263,-75,-1352,-1.0,1405-06-04,12:12:34,12,16,3,8,-4,0.7058823529411765,0.3333333333333333,0.0,1.1538461538461537,1.7058823529411764,0,1,-3,-0.2000000000000001,ﺵﻭﺮﻓ ﻝﺎﻨﮕﯿﺳ
59266699437480384,ارفع,24,39,12,14,1,2,13100,2.99,2.91,صف خرید,0,0,55,0.73,-6067,حجم متوسط1.06برابر,106 %,36 % ,45 % ,22 % ,27717654,27,512358,فلزات اساسي,فروش  ضعیف,0,0,تحرک_مثبت,1,3,35,205,7178,68,213,14519,-8,-7341,2.5,1405-06-04,12:30:56,24,39,12,14,-15,0.6,0.8,0.3333333333333333,1.64,1.575,0,0,0,0.0,ﯽﺜﻨﺧ
44665761767777759,گكيش,4,3,2,0,0,0,9660,2.99,2.35,صف خرید,0,0,65,1.83,0, حجم کم,72 %,46 % ,81 % ,25 % ,1591749,55,6675,هتل و رستوران,خرید  متوسط,0,0,تحرک_مثبت,1,3,4,178,712,5,126,630,52,82,8.0,1405-06-04,12:08:12,4,3,2,0,1,1.0,2.0,0.0,1.2,0.75,1,0,-1,0.30000000000000004,ﯽﺜﻨﺧ
55862580907068610,شملي,114,118,69,78,19,32,8380,2.95,0.98,صف خرید,0,0,93,0.96,15928,حجم مشکوک13.19برابر,1319 %,736 % ,69 % ,80 % ,12344993,44,416438,محصولات شيميايي,فروش  متوسط,0,0,تحرک_مثبت,0,3,337,330,111495,227,414,94004,-84,17491,1.0,1405-06-04,12:27:09,114,118,69,78,-4,0.957983193277311,0.8734177215189873,0.5757575757575758,2.417391304347826,2.991596638655462,0,3,-3,0.2999999999999998,ﯽﺜﻨﺧ
30231789123900526,نمرينو,2,0,0,0,0,0,9310,2.65,2.87,مثبت,0,0,70,2.22,420, حجم کم,48 %,56 % ,54 % ,91 % ,3576691,17,11096,منسوجات,فروش  متوسط rsi,0,0,تحرک_منفی,1,1,2,107,214,0,0,0,107,214,5.0,1405-06-04,10:43:14,2,0,0,0,2,2.0,0.0,0.0,0.6666666666666666,0.0,1,1,-1,0.6,ﺪﯾﺮﺧ ﻒﯿﻌﺿ ﻝﺎﻨﮕﯿﺳ
24254843881948059,چكاوه,5,3,1,2,1,1,10190,2.93,2.73,صف خرید,0,0,76,1.62,1041,حجم متوسط0.93برابر,93 %,122 % ,132 % ,93 % ,3667203,21,29491,محصولات كاغذي,فروش  متوسط,0,0,تحرک_مثبت,0,2,5,404,2022,3,453,1360,-49,662,1.0,1405-06-04,11:06:01,5,3,1,2,2,1.25,0.3333333333333333,0.5,1.8333333333333333,2.5,1,3,-3,0.7999999999999997,ﺪﯾﺮﺧ ﻒﯿﻌﺿ ﻝﺎﻨﮕﯿﺳ
9956888831468521,آردينه,3,4,1,0,0,0,32600,2.97,1.71,صف خرید,0,0,69,2.03,-5038, حجم کم,35 %,82 % ,49 % ,12 % ,8031161,42,110444,محصولات غذايي و آشاميدني به جز قند و شكر,خرید  متوسط,0,0,تحرک_مثبت,1,2,3,226,679,5,116,580,110,99,8.0,1405-06-04,12:30:32,3,4,1,0,-1,0.6,1.0,0.0,1.0,0.8,0,0,-1,-0.1,ﺵﻭﺮﻓ ﻝﺎﻨﮕﯿﺳ
46801030346547943,دقاضي,68,59,23,28,4,3,22440,2.98,1.84,صف خرید,0,0,65,0.98,30994,حجم متوسط0.94برابر,94 %,101 % ,98 % ,110 % ,40061183,43,-98707,مواد و محصولات دارويي,خرید  ضعیف,0,0,تحرک_مثبت,0,2,298,169,50366,129,209,27057,-40,23309,5.5,1405-06-04,12:30:56,68,59,23,28,9,1.1333333333333333,0.7931034482758621,1.0,1.608695652173913,1.7,3,3,-1,1.9000000000000001,ﺪﯾﺮﺧ ﻝﺎﻨﮕﯿﺳ
51017863148152520,فرود,5,3,4,2,1,2,7470,2.89,2.89,صف خرید,0,0,81,6.31,1989, حجم کم,23 %,274 % ,576 % ,26 % ,23842440,27,512358,فلزات اساسي,فروش  متوسط,0,0,تحرک_مثبت,0,3,12,252,3028,3,457,1373,-205,1655,2.0,1405-06-04,12:18:41,5,3,4,2,2,1.25,1.3333333333333333,0.3333333333333333,2.3333333333333335,3.75,1,3,-3,0.7999999999999997,ﺪﯾﺮﺧ ﻒﯿﻌﺿ ﻝﺎﻨﮕﯿﺳ
10055255678920880,وملت,0,0,0,0,0,0,4110,0.98,0.49,صف خرید,0,0,97,9.5,0,حجم متوسط1.48برابر,148 %,49 % ,130 % ,130 % ,126164,56,223642,سرمايه گذاريها,فروش  قوی rsi,0,0,تحرک_مثبت,0,0,0,0,0,0,0,0,0,0,0.0,1405-06-04,8:48:23,0,0,0,0,0,0.0,0.0,0.0,0.0,0.0,0,0,-3,-0.5000000000000001,ﺵﻭﺮﻓ ﻝﺎﻨﮕﯿﺳ
30719054967088301,تكمبا,9,9,6,5,2,0,8140,2.91,2.28,صف خرید,0,0,69,3.17,4319,حجم متوسط1.54برابر,154 %,291 % ,97 % ,56 % ,7511227,29,64793,ماشين آلات و تجهيزات,خرید  متوسط,0,0,تحرک_مثبت,2,2,21,360,7571,16,188,3014,172,4557,8.0,1405-06-04,12:12:38,9,9,6,5,0,0.9,1.0,2.0,2.5,1.4,0,3,-1,0.7999999999999999,ﺪﯾﺮﺧ ﻒﯿﻌﺿ ﻝﺎﻨﮕﯿﺳ
69454539056549106,بشهاب,8,12,4,4,0,1,7520,2.73,2.19,مثبت,0,0,73,0.82,0, حجم کم,44 %,21 % ,39 % ,42 % ,15627440,31,32044,ماشين آلات و دستگاه‌هاي برقي,فروش  متوسط,0,0,تحرک_مثبت,1,3,10,214,2148,15,202,3038,12,-890,-3.0,1405-06-04,12:15:36,8,12,4,4,-4,0.6153846153846154,0.8,0.0,1.3333333333333333,1.6153846153846154,0,0,-3,-0.6000000000000001,ﺵﻭﺮﻓ ﻝﺎﻨﮕﯿﺳ
26882843763780650,باران,1,1,0,1,0,0,2525,-0.12,-2.25,منفی,0,0,64,0.94,0,حجم متوسط1.0برابر,100 %,71 % ,168 % ,239 % ,3853574,66,66233,بيمه وصندوق بازنشستگي به جزتامين اجتماعي,خنثی,0,0,تحرک_مثبت,0,0,2,131,262,1,429,429,-298,-167,1.0,1405-06-04,10:43:17,1,1,0,1,0,0.5,0.0,0.0,0.5,1.0,0,0,-1,-0.2,ﺵﻭﺮﻓ ﻝﺎﻨﮕﯿﺳ
59887874326934221,غدشتح,2,0,2,0,0,0,2841,2.97,2.97,صف خرید,0,0,84,0.0,1803,حجم زیاد2.39برابر,239 %,399 % ,310 % ,511 % ,3916462,42,110444,محصولات غذايي و آشاميدني به جز قند و شكر,فروش  قوی rsi,0,0,تحرک_مثبت,0,0,4,368,1473,0,0,0,368,1473,-1.0,1405-06-04,9:14:18,2,0,2,0,2,2.0,2.0,0.0,1.3333333333333333,0.0,1,3,-3,0.6999999999999997,ﺪﯾﺮﺧ ﻒﯿﻌﺿ ﻝﺎﻨﮕﯿﺳ
32525655729432562,سبهان,6,8,0,2,0,0,5540,2.97,2.97,صف خرید,0,0,57,1.41,740, حجم کم,88 %,111 % ,50 % ,75 % ,18159413,53,-4902,سيمان، آهك و گچ,فروش  ضعیف,0,0,تحرک_مثبت,0,4,9,153,1380,11,216,2385,-63,-1005,4.5,1405-06-04,10:49:32,6,8,0,2,-2,0.6666666666666666,0.0,0.0,0.8571428571428571,1.1111111111111112,0,2,-1,0.5,ﺪﯾﺮﺧ ﻒﯿﻌﺿ ﻝﺎﻨﮕﯿﺳ
23293437377896568,تاصيكو,51,43,32,25,6,6,22180,2.97,2.97,صف خرید,0,0,73,3.78,78937, حجم کم,49 %,18 % ,134 % ,153 % ,123198386,13,243886,استخراج كانه هاي فلزي,فروش  متوسط rsi,0,0,تحرک_مثبت,1,2,476,245,116837,91,256,23334,-11,93503,2.0,1405-06-04,12:30:53,51,43,32,25,8,1.1590909090909092,1.2307692307692308,0.8571428571428571,2.173076923076923,2.227272727272727,3,3,-3,1.6,ﺪﯾﺮﺧ ﻝﺎﻨﮕﯿﺳ
60162288821230099,تماوند,2,4,1,3,0,1,2327,2.96,2.96,صف خرید,0,0,68,1.59,721,حجم متوسط1.97برابر,197 %,709 % ,23 % ,34 % ,5701730,67,104413,فعاليتهاي كمكي به نهادهاي مالي واسط,فروش  ضعیف,0,0,تحرک_مثبت,1,1,2,280,561,7,215,1505,65,-944,4.5,1405-06-04,12:26:22,2,4,1,3,-2,0.4,0.25,0.0,1.0,2.4,0,2,-1,0.5,ﺪﯾﺮﺧ ﻒﯿﻌﺿ ﻝﺎﻨﮕﯿﺳ
45062188442385800,تفيرو,0,0,0,0,0,0,213300,1.96,0.43,صف خرید,0,0,100,2.0,0, حجم کم,34 %,0 % ,26 % ,0 % ,1889,29,64793,ماشين آلات و تجهيزات,فروش  قوی rsi,0,0,تحرک_مثبت,0,0,0,0,0,0,0,0,0,0,0.0,1405-06-04,8:48:24,0,0,0,0,0,0.0,0.0,0.0,0.0,0.0,0,0,-3,-0.5000000000000001,ﺵﻭﺮﻓ ﻝﺎﻨﮕﯿﺳ
71957984642204570,شپترو,9,12,1,3,0,0,1865,2.98,2.76,صف خرید,0,0,67,1.21,0,حجم متوسط0.96برابر,96 %,153 % ,124 % ,213 % ,27058330,44,416438,محصولات شيميايي,فروش  ضعیف,0,0,تحرک_مثبت,0,4,11,138,1522,12,172,2070,-34,-548,4.5,1405-06-04,11:45:36,9,12,1,3,-3,0.6923076923076923,0.25,0.0,1.0,1.1538461538461537,0,0,-1,-0.1,ﺵﻭﺮﻓ ﻝﺎﻨﮕﯿﺳ
26997316501080743,سشرق,12,21,6,15,0,4,22030,2.99,2.99,صف خرید,0,0,71,1.01,2821, حجم کم,39 %,97 % ,88 % ,103 % ,21012688,53,-4902,سيمان، آهك و گچ,فروش  متوسط,0,0,تحرک_مثبت,1,3,22,202,4449,25,372,9301,-170,-4852,-1.0,1405-06-04,11:58:46,12,21,6,15,-9,0.5454545454545454,0.375,0.0,1.3846153846153846,2.5454545454545454,0,3,-3,0.3999999999999998,ﯽﺜﻨﺧ
41048299027409941,رتاپ,1,1,1,1,0,0,8920,0.45,0.11,مثبت,0,0,68,1.21,-1035, حجم کم,10 %,98 % ,182 % ,241 % ,21188688,72,-31944,رايانه و فعاليت‌هاي وابسته به آن,خنثی,0,0,تحرک_مثبت,0,3,1,357,357,4,205,820,152,-463,4.0,1405-06-04,9:03:48,1,1,1,1,0,0.5,0.5,0.0,1.0,1.0,0,0,-1,-0.1,ﺵﻭﺮﻓ ﻝﺎﻨﮕﯿﺳ
36899214178084525,شفا,4,4,3,1,0,0,55030,2.99,2.99,صف خرید,0,0,96,3.64,110, حجم کم,12 %,149 % ,0 % ,0 % ,4471826,43,-98707,مواد و محصولات دارويي,فروش  قوی rsi,0,0,تحرک_مثبت,0,1,15,184,2765,9,245,2209,-61,556,1.0,1405-06-04,11:57:42,4,4,3,1,0,0.8,1.5,0.0,1.4,1.0,0,1,-3,-0.2000000000000001,ﺵﻭﺮﻓ ﻝﺎﻨﮕﯿﺳ
11258722998911897,وسكاب,18,22,8,8,3,2,3840,2.95,2.68,صف خرید,0,0,78,1.6,-3993, حجم کم,47 %,51 % ,106 % ,89 % ,71094360,56,223642,سرمايه گذاريها,فروش  ضعیف,0,0,تحرک_مثبت,0,4,23,291,6713,36,221,7965,70,-1252,0.5,1405-06-04,12:30:29,18,22,8,8,-4,0.782608695652174,0.8888888888888888,1.0,2.1578947368421053,1.7391304347826086,0,0,-3,-0.5000000000000001,ﺵﻭﺮﻓ ﻝﺎﻨﮕﯿﺳ
27000326841257664,سدشت,1,1,0,0,0,0,38450,1.13,1.08,مثبت,0,0,59,1.05,0, حجم کم,58 %,132 % ,59 % ,93 % ,468371,53,-4902,سيمان، آهك و گچ,خنثی,0,0,تحرک_مثبت,0,1,1,116,116,1,109,109,7,7,5.0,1405-06-04,10:40:32,1,1,0,0,0,0.5,0.0,0.0,0.5,0.5,0,0,-1,-0.1,ﺵﻭﺮﻓ ﻝﺎﻨﮕﯿﺳ
37389789764168256,توريل,2,1,2,0,2,0,3373,2.99,2.99,صف خرید,0,0,79,42.07,1904, حجم کم,32 %,96 % ,168 % ,176 % ,23836234,60,116556,حمل ونقل، انبارداري و ارتباطات,فروش  متوسط rsi,0,0,تحرک_مثبت,0,2,2,740,1480,1,169,169,571,1311,2.0,1405-06-04,9:55:23,2,1,2,0,1,1.0,2.0,2.0,4.666666666666667,0.5,1,3,-3,0.7999999999999997,ﺪﯾﺮﺧ ﻒﯿﻌﺿ ﻝﺎﻨﮕﯿﺳ
39116664428676213,شلعاب,6,9,3,2,0,0,1304,2.68,2.13,مثبت,0,0,77,1.15,0, حجم کم,77 %,96 % ,177 % ,121 % ,53508893,44,416438,محصولات شيميايي,فروش  ضعیف,0,0,تحرک_مثبت,0,3,7,257,1800,9,144,1302,113,498,-4.0,1405-06-04,12:30:52,6,9,3,2,-3,0.6,1.0,0.0,1.2857142857142858,1.1,0,0,-3,-0.5000000000000001,ﺵﻭﺮﻓ ﻝﺎﻨﮕﯿﺳ
67170215467608124,زنگان,1,1,1,1,0,0,7100,2.9,2.9,صف خرید,0,0,73,33.97,568, حجم کم,10 %,34 % ,93 % ,88 % ,12959033,27,512358,فلزات اساسي,فروش  متوسط rsi,0,0,تحرک_مثبت,1,1,1,213,213,1,202,202,11,11,2.0,1405-06-04,10:25:31,1,1,1,1,0,0.5,0.5,0.0,1.0,1.0,0,2,-3,0.0999999999999999,ﯽﺜﻨﺧ
59848307608894801,گپارس,2,3,0,1,0,0,223800,2.99,0.78,صف خرید,0,0,44,1.3,0,حجم زیاد2.38برابر,238 %,208 % ,68 % ,84 % ,18723,55,6675,هتل و رستوران,فروش  ضعیف,0,0,تحرک_مثبت,1,1,2,114,229,3,153,461,-39,-232,5.0,1405-06-04,12:29:42,2,3,0,1,-1,0.5,0.0,0.0,0.6666666666666666,1.0,0,0,1,0.30000000000000004,ﯽﺜﻨﺧ
47749661205825616,سيستم,13,4,3,1,1,0,51500,3.0,3.0,صف خرید,0,1,61,2.45,2354,حجم متوسط0.97برابر,97 %,92 % ,29 % ,74 % ,1152655,72,-31944,رايانه و فعاليت‌هاي وابسته به آن,خرید  قوی,0,0,تحرک_مثبت,1,3,20,224,4496,7,171,1203,53,3293,11.0,1405-06-04,12:27:06,13,4,3,1,9,2.6,1.5,1.0,1.5,1.0,3,3,-1,2.0,ﺪﯾﺮﺧ ﻝﺎﻨﮕﯿﺳ
42049553761321495,كورز,0,0,0,0,0,0,5170,2.99,2.99,صف خرید,0,0,54,0.83,0,حجم متوسط1.39برابر,139 %,108 % ,164 % ,157 % ,598260,54,58599,ساير محصولات كاني غيرفلزي,خنثی,0,0,تحرک_مثبت,0,2,0,0,0,0,0,0,0,0,4.0,1405-06-04,8:48:25,0,0,0,0,0,0.0,0.0,0.0,0.0,0.0,0,0,0,0.0,ﯽﺜﻨﺧ
65018804181564924,گوهران,1,17,0,10,0,5,6360,-1.4,-2.48,منفی,0,0,69,0.28,-7435,حجم زیاد3.08برابر,308 %,263 % ,43 % ,99 % ,6498167,56,223642,سرمايه گذاريها,فروش  ضعیف,0,0,تحرک_مثبت,0,2,1,110,110,26,384,10006,-274,-9896,-0.5,1405-06-04,12:30:56,1,17,0,10,-16,0.05555555555555555,0.0,0.0,0.5,2.888888888888889,0,0,-1,-0.2,ﺵﻭﺮﻓ ﻝﺎﻨﮕﯿﺳ
32257753560585502,كحافظ,10,4,5,1,0,0,2511,2.99,2.99,صف خرید,0,0,81,13.94,3525, حجم کم,15 %,19 % ,79 % ,225 % ,135185171,49,25165,كاشي و سراميك,فروش  قوی rsi,0,0,تحرک_مثبت,0,2,22,216,4754,4,164,659,52,4095,1.0,1405-06-04,12:15:13,10,4,5,1,6,2.0,2.5,0.0,1.3636363636363635,1.0,3,3,-3,1.6,ﺪﯾﺮﺧ ﻝﺎﻨﮕﯿﺳ
28431095903407567,كاسپين,25,32,8,6,0,1,34820,2.99,2.43,صف خرید,0,0,68,0.84,4615, حجم کم,43 %,123 % ,84 % ,137 % ,17035960,43,-98707,مواد و محصولات دارويي,فروش  ضعیف,0,0,تحرک_مثبت,0,4,39,187,7305,39,176,6890,11,415,4.5,1405-06-04,12:22:45,25,32,8,6,-7,0.7575757575757576,1.1428571428571428,0.0,1.2692307692307692,1.303030303030303,0,3,-1,0.7,ﺪﯾﺮﺧ ﻒﯿﻌﺿ ﻝﺎﻨﮕﯿﺳ
25631699615003698,كهرام,0,0,0,0,0,0,29150,1.99,0.8,صف خرید,0,0,83,13.5,0, حجم کم,34 %,29 % ,49 % ,101 % ,135285,49,25165,كاشي و سراميك,فروش  قوی rsi,0,0,تحرک_مثبت,0,0,0,0,0,0,0,0,0,0,0.0,1405-06-04,8:48:26,0,0,0,0,0,0.0,0.0,0.0,0.0,0.0,0,0,-3,-0.5000000000000001,ﺵﻭﺮﻓ ﻝﺎﻨﮕﯿﺳ
35543935713999309,تاتمس,1,1,0,1,0,0,13880,-2.66,-1.96,منفی,0,0,62,0.59,-50,حجم متوسط1.27برابر,127 %,19 % ,26 % ,55 % ,308579,29,64793,ماشين آلات و تجهيزات,خنثی,0,0,تحرک_منفی,0,0,2,126,253,1,239,239,-113,14,0.0,1405-06-04,12:28:39,1,1,0,1,0,0.5,0.0,0.0,0.5,1.0,0,0,-1,-0.2,ﺵﻭﺮﻓ ﻝﺎﻨﮕﯿﺳ
44850033148208596,غچين,4,9,1,1,0,0,4480,2.99,2.3,صف خرید,0,0,82,0.79,-1002, حجم کم,52 %,89 % ,65 % ,148 % ,19619933,42,110444,محصولات غذايي و آشاميدني به جز قند و شكر,فروش  ضعیف,0,0,تحرک_مثبت,0,3,4,172,691,9,136,1224,36,-533,-2.5,1405-06-04,12:28:37,4,9,1,1,-5,0.4,0.5,0.0,1.0,1.0,0,0,-3,-0.6000000000000001,ﺵﻭﺮﻓ ﻝﺎﻨﮕﯿﺳ
60369091709615715,مهرمام,15,14,8,9,4,4,3240,2.86,0.95,صف خرید,0,0,52,6.76,-6380,حجم زیاد4.84برابر,484 %,80 % ,177 % ,92 % ,15084818,84,110444,سلامت انسان و مددكاري اجتماعي,خرید  ضعیف,0,0,تحرک_مثبت,1,1,32,315,10108,32,410,13129,-95,-3021,5.5,1405-06-04,12:17:52,15,14,8,9,1,1.0,0.8,0.8,2.6875,2.8666666666666667,1,0,0,0.5,ﺪﯾﺮﺧ ﻒﯿﻌﺿ ﻝﺎﻨﮕﯿﺳ
64619251116188373,بپيوند,6,1,2,0,0,0,19130,-1.19,0.26,منفی,0,0,73,9.27,59,حجم متوسط1.38برابر,138 %,114 % ,176 % ,355 % ,1967657,40,-10608,عرضه برق، گاز، بخاروآب گرم,فروش  متوسط rsi,0,0,تحرک_منفی,0,0,8,167,1342,2,116,233,51,1109,-3.0,1405-06-04,12:30:33,6,1,2,0,5,3.0,2.0,0.0,1.1428571428571428,0.5,2,1,-3,0.6,ﺪﯾﺮﺧ ﻒﯿﻌﺿ ﻝﺎﻨﮕﯿﺳ
38568786927478796,شيراز,26,34,15,16,6,8,63640,2.99,2.99,صف خرید,0,3,51,1.83,17159,حجم متوسط1.36برابر,136 %,69 % ,116 % ,89 % ,6964410,44,416438,محصولات شيميايي,فروش  ضعیف,0,0,تحرک_مثبت,1,2,152,223,34033,53,333,17670,-110,16363,8.5,1405-06-04,12:28:08,26,34,15,16,-8,0.7428571428571429,0.8823529411764706,0.6666666666666666,2.6296296296296298,2.5714285714285716,0,3,0,0.9999999999999999,ﺪﯾﺮﺧ ﻒﯿﻌﺿ ﻝﺎﻨﮕﯿﺳ
1050751214677134,شگامرن,0,1,0,0,0,0,25340,2.22,1.45,مثبت,0,0,86,0.21,-185, حجم کم,66 %,36 % ,317 % ,55 % ,167737,44,416438,محصولات شيميايي,فروش  ضعیف,0,0,تحرک_مثبت,0,0,0,0,0,1,101,101,-101,-101,-6.0,1405-06-04,12:29:43,0,1,0,0,-1,0.0,0.0,0.0,0.0,0.5,0,0,-3,-0.6000000000000001,ﺵﻭﺮﻓ ﻝﺎﻨﮕﯿﺳ
52587750999094180,نيشكر,5,0,2,0,0,0,60690,1.66,1.54,مثبت,0,0,60,16.05,1134,حجم متوسط1.25برابر,125 %,33 % ,171 % ,100 % ,815872,38,15187,قند و شكر,خرید  متوسط,0,0,تحرک_مثبت,2,0,5,233,1166,0,0,0,233,1166,7.0,1405-06-04,12:27:46,5,0,2,0,5,5.0,2.0,0.0,1.1666666666666667,0.0,2,3,-1,1.6,ﺪﯾﺮﺧ ﻝﺎﻨﮕﯿﺳ
71523986304961239,قشير,4,10,3,2,0,0,15190,2.98,2.98,صف خرید,0,0,72,2.0,1222, حجم کم,49 %,39 % ,161 % ,183 % ,7182641,38,15187,قند و شكر,فروش  ضعیف,0,0,تحرک_مثبت,1,3,9,275,2476,14,176,2476,99,0,2.5,1405-06-04,12:30:32,4,10,3,2,-6,0.36363636363636365,1.0,0.0,1.4,1.0909090909090908,0,3,-3,0.3999999999999998,ﯽﺜﻨﺧ
30852391633490755,ثفارس,63,54,20,17,4,1,15580,2.97,2.84,صف خرید,0,0,70,1.25,27361,حجم متوسط0.97برابر,97 %,92 % ,113 % ,42 % ,46424714,70,48213,انبوه سازي، املاك و مستغلات,فروش  متوسط rsi,0,0,تحرک_مثبت,1,2,201,176,35501,104,171,17827,5,17674,6.0,1405-06-04,12:30:52,63,54,20,17,9,1.1454545454545455,1.1111111111111112,2.0,1.609375,1.3818181818181818,3,3,-1,2.0,ﺪﯾﺮﺧ ﻝﺎﻨﮕﯿﺳ
25286509736208688,فلامي,3,5,3,1,2,0,8380,2.57,2.45,مثبت,0,0,59,1.45,0, حجم کم,73 %,82 % ,67 % ,60 % ,3556247,28,4088,ساخت محصولات فلزي,خرید  متوسط,0,0,تحرک_مثبت,1,0,3,454,1362,5,147,736,307,626,5.0,1405-06-04,10:00:05,3,5,3,1,-2,0.5,1.5,2.0,4.0,1.0,0,0,-1,-0.1,ﺵﻭﺮﻓ ﻝﺎﻨﮕﯿﺳ
53686258677793038,وارس,14,14,8,7,0,0,16570,1.35,1.35,مثبت,0,0,50,0.89,0, حجم کم,41 %,100 % ,119 % ,146 % ,6564500,56,223642,سرمايه گذاريها,خنثی,0,0,تحرک_مثبت,0,2,17,209,3563,14,235,3291,-26,272,5.0,1405-06-04,12:29:42,14,14,8,7,0,0.9333333333333333,1.0,0.0,1.4666666666666666,1.4,0,0,0,0.0,ﯽﺜﻨﺧ
45608932669358493,كايتا,4,3,2,1,1,0,15480,1.18,2.55,مثبت,0,0,59,1.36,619,حجم متوسط1.33برابر,133 %,26 % ,89 % ,189 % ,1142520,54,58599,ساير محصولات كاني غيرفلزي,خرید  قوی,0,0,تحرک_منفی,2,1,8,222,1776,3,235,707,-13,1069,6.0,1405-06-04,12:30:55,4,3,2,1,1,1.0,1.0,1.0,2.2,1.0,1,2,-1,0.9,ﺪﯾﺮﺧ ﻒﯿﻌﺿ ﻝﺎﻨﮕﯿﺳ
67126881188552864,رمپنا,24,26,14,17,7,7,32700,2.99,2.99,صف خرید,0,0,87,1.1,35166, حجم کم,54 %,84 % ,179 % ,134 % ,77720334,74,37765,خدمات فني و مهندسي,فروش  متوسط,0,0,تحرک_مثبت,0,3,372,283,105631,135,535,72306,-252,33325,1.0,1405-06-04,12:25:58,24,26,14,17,-2,0.8888888888888888,0.7777777777777778,0.875,2.92,2.888888888888889,0,3,-3,0.3999999999999998,ﯽﺜﻨﺧ
38555056423456635,شتوكا,10,2,6,0,2,0,7240,2.99,1.85,صف خرید,2,2,59,2.54,8313,حجم زیاد3.81برابر,381 %,214 % ,149 % ,48 % ,4275859,44,416438,محصولات شيميايي,خرید  قوی,7240,0.0,تحرک_مثبت,1,2,20,410,8202,4,159,638,251,7564,13.0,1405-06-04,11:36:25,10,2,6,0,8,3.3333333333333335,6.0,2.0,2.3636363636363638,0.6666666666666666,3,3,-1,2.0,ﺪﯾﺮﺧ ﻝﺎﻨﮕﯿﺳ
32845891587040106,ثنوسا,5,5,3,2,1,0,9490,2.93,2.93,صف خرید,0,0,79,12.19,1329, حجم کم,35 %,32 % ,133 % ,249 % ,9898286,70,48213,انبوه سازي، املاك و مستغلات,فروش  متوسط rsi,0,0,تحرک_مثبت,0,1,9,345,3108,7,197,1382,148,1726,2.0,1405-06-04,12:17:06,5,5,3,2,0,0.8333333333333334,1.0,1.0,2.1666666666666665,1.1666666666666667,0,3,-3,0.3999999999999998,ﯽﺜﻨﺧ
23374429962331387,كتوسعه,5,2,1,0,0,0,19090,2.25,2.84,مثبت,0,0,88,9.55,833,حجم زیاد2.81برابر,281 %,93 % ,75 % ,151 % ,1111324,14,8505,استخراج ساير معادن,فروش  قوی rsi,0,0,تحرک_منفی,0,0,8,139,1116,5,144,724,-5,392,-2.0,1405-06-04,10:39:28,5,2,1,0,3,1.6666666666666667,1.0,0.0,1.0,0.6666666666666666,2,2,-3,0.8999999999999998,ﺪﯾﺮﺧ ﻒﯿﻌﺿ ﻝﺎﻨﮕﯿﺳ
71666521540545716,غبهار,21,19,7,6,0,1,4200,1.45,1.45,مثبت,0,0,83,1.32,-416,حجم زیاد2.04برابر,204 %,565 % ,66 % ,299 % ,11119458,42,110444,محصولات غذايي و آشاميدني به جز قند و شكر,فروش  متوسط,0,0,تحرک_مثبت,0,4,30,199,5986,23,195,4501,4,1485,1.0,1405-06-04,12:30:30,21,19,7,6,2,1.05,1.0,0.0,1.2727272727272727,1.5,1,0,-3,-0.10000000000000006,ﺵﻭﺮﻓ ﻝﺎﻨﮕﯿﺳ
43374709930371268,دحاوي,0,0,0,0,0,0,3790,2.99,0.54,صف خرید,0,0,98,13.0,0,حجم متوسط1.1برابر,110 %,599 % ,73 % ,241 % ,251352,43,-98707,مواد و محصولات دارويي,فروش  قوی rsi,0,0,تحرک_مثبت,0,1,0,0,0,0,0,0,0,0,0.0,1405-06-04,8:48:28,0,0,0,0,0,0.0,0.0,0.0,0.0,0.0,0,0,-3,-0.5000000000000001,ﺵﻭﺮﻓ ﻝﺎﻨﮕﯿﺳ
14258394084745667,سمتاز,0,5,0,1,0,0,55520,1.09,2.91,مثبت,0,0,56,0.72,-722,حجم متوسط1.86برابر,186 %,178 % ,40 % ,96 % ,471001,53,-4902,سيمان، آهك و گچ,فروش  ضعیف,0,0,تحرک_منفی,0,3,0,0,0,5,157,787,-157,-787,-0.5,1405-06-04,11:28:27,0,5,0,1,-5,0.0,0.0,0.0,0.0,1.0,0,0,-1,-0.2,ﺵﻭﺮﻓ ﻝﺎﻨﮕﯿﺳ
10114441830266109,گدنا,26,8,9,2,0,0,7020,2.78,2.34,مثبت,0,0,80,3.27,1196,حجم متوسط1.52برابر,152 %,63 % ,132 % ,207 % ,21240392,55,6675,هتل و رستوران,فروش  قوی rsi,0,0,تحرک_مثبت,0,1,41,169,6946,14,160,2243,9,4703,0.0,1405-06-04,12:30:56,26,8,9,2,18,2.888888888888889,3.0,0.0,1.2962962962962963,1.1111111111111112,3,3,-3,1.6,ﺪﯾﺮﺧ ﻝﺎﻨﮕﯿﺳ
13386281759834677,رانيز,54,1,20,0,2,0,19610,1.13,1.75,مثبت,0,2,66,11.27,-5807,حجم متوسط1.15برابر,115 %,117 % ,125 % ,160 % ,33797174,34,214831,خودرو و ساخت قطعات,خرید  متوسط,0,0,تحرک_منفی,4,0,142,181,25709,20,122,2440,59,23269,9.0,1405-06-04,12:29:47,54,1,20,0,53,27.0,20.0,2.0,1.5272727272727273,0.5,3,0,-1,1.1000000000000003,ﺪﯾﺮﺧ ﻒﯿﻌﺿ ﻝﺎﻨﮕﯿﺳ
14073782708315535,شنفت,37,82,13,27,0,3,14940,0.27,0.13,مثبت,0,0,77,0.51,3907,حجم متوسط1.83برابر,183 %,297 % ,346 % ,770 % ,21037271,23,681694,فراورده هاي نفتي، كك و سوخت هسته اي,فروش  متوسط,0,0,تحرک_مثبت,0,4,70,182,12792,143,192,27488,-10,-14696,-3.0,1405-06-04,12:30:28,37,82,13,27,-45,0.4457831325301205,0.4642857142857143,0.0,1.3157894736842106,1.4939759036144578,0,3,-3,0.2999999999999998,ﯽﺜﻨﺧ
23175320865252772,وسالت,5,6,1,1,0,1,3640,1.96,1.96,صف خرید,0,0,57,2.25,648,حجم متوسط1.32برابر,132 %,80 % ,93 % ,241 % ,7596074,57,551430,بانكها و موسسات اعتباري,فروش  ضعیف,0,0,تحرک_مثبت,0,4,7,219,1533,6,180,1084,39,449,6.5,1405-06-04,11:17:57,5,6,1,1,-1,0.7142857142857143,0.5,0.0,1.0,1.7142857142857142,0,2,-1,0.5,ﺪﯾﺮﺧ ﻒﯿﻌﺿ ﻝﺎﻨﮕﯿﺳ
50587892784913370,حشكوه,52,52,15,17,4,4,1381,2.98,0.67,صف خرید,0,1,65,1.18,8945,حجم مشکوک14.99برابر,1499 %,93 % ,270 % ,125 % ,21486703,60,116556,حمل ونقل، انبارداري و ارتباطات,خنثی,0,0,تحرک_مثبت,1,2,122,190,23246,112,214,24073,-24,-827,7.0,1405-06-04,12:29:42,52,52,15,17,0,0.9811320754716981,0.8333333333333334,0.8,1.6415094339622642,1.679245283018868,0,3,-1,0.7999999999999999,ﺪﯾﺮﺧ ﻒﯿﻌﺿ ﻝﺎﻨﮕﯿﺳ
56429431740318486,شلرد,33,26,16,13,1,0,2264,2.96,2.96,صف خرید,0,0,52,1.46,3539, حجم کم,70 %,104 % ,117 % ,76 % ,161430942,44,416438,محصولات شيميايي,خرید  قوی,0,0,تحرک_مثبت,1,2,73,207,15172,53,171,9085,36,6087,9.0,1405-06-04,12:25:36,33,26,16,13,7,1.2222222222222223,1.1428571428571428,1.0,1.588235294117647,1.4444444444444444,3,3,0,2.2,ﺪﯾﺮﺧ ﻝﺎﻨﮕﯿﺳ
25215182208950217,وهور,55,84,26,57,8,17,2794,2.08,2.41,مثبت,0,0,79,0.73,-13621,حجم متوسط1.45برابر,145 %,139 % ,572 % ,460 % ,272869569,40,-10608,عرضه برق، گاز، بخاروآب گرم,فروش  قوی,0,0,تحرک_منفی,0,3,185,305,56527,287,272,78249,33,-21722,-6.0,1405-06-04,12:30:56,55,84,26,57,-29,0.6470588235294118,0.4482758620689655,0.4444444444444444,2.1607142857142856,2.6588235294117646,0,0,-3,-0.6000000000000001,ﺵﻭﺮﻓ ﻝﺎﻨﮕﯿﺳ
33783140337377394,خچرخش,4,3,2,2,1,1,19520,1.93,1.46,مثبت,0,0,71,1.63,626,حجم متوسط1.35برابر,135 %,129 % ,103 % ,116 % ,755101,34,214831,خودرو و ساخت قطعات,فروش  متوسط rsi,0,0,تحرک_مثبت,2,1,5,339,1696,3,296,889,43,807,1.0,1405-06-04,12:30:55,4,3,2,2,1,1.0,0.6666666666666666,0.5,2.2,2.5,1,2,-3,0.4999999999999999,ﯽﺜﻨﺧ
51390991364277477,سليم,16,13,5,4,0,0,1382,2.98,2.68,صف خرید,0,0,71,1.35,1511,حجم متوسط1.04برابر,104 %,209 % ,86 % ,114 % ,62495556,56,223642,سرمايه گذاريها,فروش  متوسط rsi,0,0,تحرک_مثبت,1,1,24,179,4306,17,180,3060,-1,1246,2.0,1405-06-04,12:30:57,16,13,5,4,3,1.1428571428571428,1.0,0.0,1.2352941176470589,1.2142857142857142,2,3,-3,1.2,ﺪﯾﺮﺧ ﻒﯿﻌﺿ ﻝﺎﻨﮕﯿﺳ
20092044608974663,احيا,106,0,31,0,0,0,4670,2.86,2.42,صف خرید,0,0,100,22.73,6428,حجم زیاد4.31برابر,431 %,92 % ,154 % ,129 % ,168562252,27,512358,فلزات اساسي,فروش  قوی rsi,0,0,تحرک_مثبت,0,0,484,139,67725,0,0,0,139,67725,1.0,1405-06-04,12:30:30,106,0,31,0,106,106.0,31.0,0.0,1.280373831775701,0.0,3,3,-3,1.6,ﺪﯾﺮﺧ ﻝﺎﻨﮕﯿﺳ
71744682148776880,ولصنم,18,20,6,8,1,0,2871,0.81,1.83,مثبت,0,0,71,1.12,286,حجم متوسط0.96برابر,96 %,61 % ,109 % ,161 % ,28942343,58,7845,ساير واسطه گريهاي مالي,فروش  متوسط,0,0,تحرک_منفی,0,2,21,213,4482,20,205,4111,8,371,-2.0,1405-06-04,12:30:52,18,20,6,8,-2,0.8571428571428571,0.6666666666666666,1.0,1.5263157894736843,1.3333333333333333,0,1,-3,-0.2000000000000001,ﺵﻭﺮﻓ ﻝﺎﻨﮕﯿﺳ
19239905145688600,منجيل,0,0,0,0,0,0,19000,2.98,2.98,صف خرید,0,0,100,235.02,28170,حجم متوسط1.27برابر,127 %,2200 % ,0 % ,0 % ,12272694,40,-10608,عرضه برق، گاز، بخاروآب گرم,فروش  قوی rsi,0,0,تحرک_مثبت,0,0,0,0,0,0,0,0,0,0,0.0,1405-06-04,8:48:29,0,0,0,0,0,0.0,0.0,0.0,0.0,0.0,0,3,-3,0.3999999999999998,ﯽﺜﻨﺧ
3722699128879020,حتايد,10,9,10,5,2,0,7580,2.99,2.99,صف خرید,0,1,54,9.91,36072,حجم متوسط1.15برابر,115 %,116 % ,61 % ,125 % ,61034956,60,116556,حمل ونقل، انبارداري و ارتباطات,خرید  قوی,0,0,تحرک_مثبت,1,3,105,366,38489,10,197,1974,169,36515,11.0,1405-06-04,12:28:10,10,9,10,5,1,1.0,1.6666666666666667,2.0,2.727272727272727,1.4,1,3,0,1.4,ﺪﯾﺮﺧ ﻒﯿﻌﺿ ﻝﺎﻨﮕﯿﺳ
15521712617204216,سفارس,9,37,4,17,0,5,29480,2.97,2.86,صف خرید,0,0,71,0.65,-12689,حجم متوسط0.98برابر,98 %,256 % ,27 % ,0 % ,21451867,53,-4902,سيمان، آهك و گچ,فروش  قوی,0,0,تحرک_مثبت,0,2,26,151,3938,57,237,13530,-86,-9592,-3.0,1405-06-04,12:24:10,9,37,4,17,-28,0.23684210526315788,0.2222222222222222,0.0,1.3,2.0789473684210527,0,0,-3,-0.6000000000000001,ﺵﻭﺮﻓ ﻝﺎﻨﮕﯿﺳ
53334304751609770,حگردش,18,19,7,6,0,0,2295,2.96,2.29,صف خرید,0,0,69,1.19,824,حجم زیاد2.75برابر,275 %,141 % ,93 % ,188 % ,13124870,60,116556,حمل ونقل، انبارداري و ارتباطات,خرید  متوسط,0,0,تحرک_مثبت,2,0,24,204,4897,24,189,4541,15,356,7.0,1405-06-04,12:28:08,18,19,7,6,-1,0.9,1.0,0.0,1.3157894736842106,1.25,0,2,-1,0.5,ﺪﯾﺮﺧ ﻒﯿﻌﺿ ﻝﺎﻨﮕﯿﺳ
45507655586782998,فجهان,7,4,6,4,2,3,2335,3.0,3.0,صف خرید,0,0,84,9.82,-621,حجم متوسط1.24برابر,124 %,107 % ,185 % ,156 % ,62967961,27,512358,فلزات اساسي,فروش  متوسط,0,0,تحرک_مثبت,0,3,33,338,11157,6,1455,8734,-1117,2423,2.0,1405-06-04,12:26:46,7,4,6,4,3,1.4,1.2,0.5,2.875,4.6,2,0,-3,0.29999999999999993,ﯽﺜﻨﺧ
39807886630843041,بمپنا,1,0,1,0,0,0,7510,2.88,2.88,صف خرید,0,0,88,38.32,225, حجم کم,2 %,95 % ,149 % ,23 % ,25465802,40,-10608,عرضه برق، گاز، بخاروآب گرم,فروش  قوی rsi,0,0,تحرک_مثبت,0,3,1,291,291,0,0,0,291,291,1.0,1405-06-04,12:00:31,1,0,1,0,1,1.0,1.0,0.0,1.0,0.0,1,1,-3,0.19999999999999987,ﯽﺜﻨﺧ
10831074117626896,قاروم,0,0,0,0,0,0,108400,0.93,0.93,صف خرید,0,0,98,1.4,0,حجم متوسط1.31برابر,131 %,239 % ,342 % ,347 % ,7955,38,15187,قند و شكر,فروش  قوی rsi,0,0,تحرک_مثبت,0,1,0,0,0,0,0,0,0,0,0.0,1405-06-04,8:48:30,0,0,0,0,0,0.0,0.0,0.0,0.0,0.0,0,0,-3,-0.5000000000000001,ﺵﻭﺮﻓ ﻝﺎﻨﮕﯿﺳ
46483466867025192,بكهنوج,4,6,3,1,3,0,1268,2.92,2.92,صف خرید,0,0,77,8.77,558, حجم کم,52 %,46 % ,139 % ,516 % ,47792596,40,-10608,عرضه برق، گاز، بخاروآب گرم,فروش  ضعیف,0,0,تحرک_مثبت,0,2,4,608,2432,6,194,1168,414,1264,2.5,1405-06-04,12:19:47,4,6,3,1,-2,0.5714285714285714,1.5,3.0,4.4,1.0,0,2,-3,0.0999999999999999,ﯽﺜﻨﺧ
7183333492448248,وپخش,24,35,6,9,2,3,49360,1.58,0.1,مثبت,0,0,67,0.97,2167, حجم کم,58 %,165 % ,0 % ,0 % ,7799926,43,-98707,مواد و محصولات دارويي,فروش  ضعیف,0,0,تحرک_مثبت,0,2,42,189,7956,40,196,7851,-7,105,4.5,1405-06-04,12:30:51,24,35,6,9,-11,0.6666666666666666,0.6,0.5,1.6,1.6388888888888888,0,3,-1,0.7,ﺪﯾﺮﺧ ﻒﯿﻌﺿ ﻝﺎﻨﮕﯿﺳ
60523145697836739,بورس,23,9,4,3,0,0,4790,2.79,2.79,صف خرید,0,0,68,8.21,24485, حجم کم,52 %,43 % ,61 % ,171 % ,118474825,67,104413,فعاليتهاي كمكي به نهادهاي مالي واسط,خرید  متوسط,0,0,تحرک_مثبت,2,0,176,159,28013,12,157,1893,2,26120,7.5,1405-06-04,12:29:16,23,9,4,3,14,2.3,1.0,0.0,1.125,1.2,3,3,-1,2.0,ﺪﯾﺮﺧ ﻝﺎﻨﮕﯿﺳ
37661500521100963,آبادا,9,9,2,0,0,0,11450,0.97,1.41,مثبت,0,0,78,4.98,0,حجم متوسط1.65برابر,165 %,116 % ,96 % ,229 % ,2954421,40,-10608,عرضه برق، گاز، بخاروآب گرم,فروش  متوسط rsi,0,0,تحرک_منفی,0,2,10,180,1802,11,128,1416,52,386,-0.5,1405-06-04,12:30:28,9,9,2,0,0,0.9,2.0,0.0,1.1,0.9,0,0,-3,-0.5000000000000001,ﺵﻭﺮﻓ ﻝﺎﻨﮕﯿﺳ
61298636307861167,وبرق,6,6,2,2,0,0,56410,2.99,2.99,صف خرید,0,0,94,3.98,677, حجم کم,37 %,13 % ,35 % ,71 % ,1179095,56,223642,سرمايه گذاريها,فروش  قوی rsi,0,0,تحرک_مثبت,0,1,12,168,2024,7,168,1179,0,845,1.0,1405-06-04,12:29:42,6,6,2,2,0,0.8571428571428571,0.6666666666666666,0.0,1.1428571428571428,1.1428571428571428,0,2,-3,0.0999999999999999,ﯽﺜﻨﺧ
65197850030400728,نماد,42,0,21,0,5,0,3640,2.82,2.82,صف خرید,0,1,64,18.93,17830,حجم متوسط1.09برابر,109 %,82 % ,71 % ,79 % ,100174388,56,223642,سرمايه گذاريها,خرید  قوی,0,0,تحرک_مثبت,4,0,78,297,23188,0,0,0,297,23188,11.0,1405-06-04,12:24:08,42,0,21,0,42,42.0,21.0,5.0,2.046511627906977,0.0,3,3,-1,2.0,ﺪﯾﺮﺧ ﻝﺎﻨﮕﯿﺳ
67244978897607661,وپايا,3,0,2,0,1,0,1729,2.98,2.8,صف خرید,0,0,80,29.59,498, حجم کم,50 %,123 % ,162 % ,169 % ,16714924,56,223642,سرمايه گذاريها,فروش  قوی rsi,0,0,تحرک_مثبت,0,2,3,320,961,0,0,0,320,961,1.0,1405-06-04,12:24:50,3,0,2,0,3,3.0,2.0,1.0,2.5,0.0,2,1,-3,0.6,ﺪﯾﺮﺧ ﻒﯿﻌﺿ ﻝﺎﻨﮕﯿﺳ
28230238564334914,قجام,2,5,0,1,0,0,13780,1.32,0.74,مثبت,0,0,69,0.86,7, حجم کم,47 %,74 % ,64 % ,190 % ,2497866,38,15187,قند و شكر,فروش  ضعیف,0,0,تحرک_مثبت,0,4,2,132,264,5,152,764,-20,-500,1.5,1405-06-04,12:29:42,2,5,0,1,-3,0.3333333333333333,0.0,0.0,0.6666666666666666,1.0,0,1,-1,0.09999999999999998,ﯽﺜﻨﺧ
27695838950009037,شارپيلن,0,0,0,0,0,0,3290,2.81,0.0,صف خرید,0,0,93,10.0,0, حجم کم,63 %,59 % ,84 % ,54 % ,358042,44,416438,محصولات شيميايي,فروش  قوی rsi,0,0,تحرک_مثبت,0,0,0,0,0,0,0,0,0,0,0.0,1405-06-04,8:48:31,0,0,0,0,0,0.0,0.0,0.0,0.0,0.0,0,0,-3,-0.5000000000000001,ﺵﻭﺮﻓ ﻝﺎﻨﮕﯿﺳ
54419429862704331,فروس,4,0,2,0,0,0,3163,3.0,3.0,صف خرید,0,0,59,9.45,2714,حجم متوسط0.95برابر,95 %,228 % ,92 % ,112 % ,11813547,27,512358,فلزات اساسي,خرید  متوسط,0,0,تحرک_مثبت,1,2,14,202,2838,0,0,0,202,2838,8.0,1405-06-04,11:39:12,4,0,2,0,4,4.0,2.0,0.0,1.2,0.0,2,3,-1,1.6,ﺪﯾﺮﺧ ﻝﺎﻨﮕﯿﺳ
44891482026867833,خساپا,146,126,59,46,16,4,670,2.92,2.61,صف خرید,0,0,74,1.31,27133,حجم متوسط1.2برابر,120 %,124 % ,268 % ,215 % ,4566719194,34,214831,خودرو و ساخت قطعات,فروش  متوسط rsi,0,0,تحرک_مثبت,0,3,1215,198,241710,929,181,168596,17,73114,2.0,1405-06-04,12:30:53,146,126,59,46,20,1.1496062992125984,1.2553191489361701,3.2,1.9387755102040816,1.5118110236220472,3,3,-3,1.6,ﺪﯾﺮﺧ ﻝﺎﻨﮕﯿﺳ
14312030900097668,غگلپا,10,10,6,6,1,0,20660,2.99,2.89,صف خرید,0,0,76,1.67,569, حجم کم,44 %,29 % ,39 % ,30 % ,7422059,42,110444,محصولات غذايي و آشاميدني به جز قند و شكر,فروش  متوسط rsi,0,0,تحرک_مثبت,0,2,16,289,4639,11,244,2689,45,1950,2.0,1405-06-04,11:44:30,10,10,6,6,0,0.9090909090909091,0.8571428571428571,1.0,1.9090909090909092,1.4545454545454546,0,2,-3,0.0999999999999999,ﯽﺜﻨﺧ
54263829393913132,كمينا,2,1,2,0,1,0,13600,2.95,2.88,صف خرید,0,0,75,15.22,2856, حجم کم,82 %,135 % ,108 % ,94 % ,2899468,54,58599,ساير محصولات كاني غيرفلزي,فروش  متوسط rsi,0,0,تحرک_مثبت,0,1,4,612,2448,2,102,204,510,2244,2.0,1405-06-04,12:28:08,2,1,2,0,1,1.0,2.0,1.0,3.0,0.5,1,3,-3,0.7999999999999997,ﺪﯾﺮﺧ ﻒﯿﻌﺿ ﻝﺎﻨﮕﯿﺳ
60235881999727383,آكو,64,0,2,0,0,0,38150,3.0,3.0,صف خرید,0,0,100,94.08,11379, حجم کم,36 %,114 % ,26 % ,23 % ,19901308,26,14357,توليد محصولات كامپيوتري الكترونيكي ونوري,فروش  قوی rsi,0,0,تحرک_مثبت,0,0,123,118,14613,0,0,0,118,14613,1.0,1405-06-04,12:30:54,64,0,2,0,64,64.0,2.0,0.0,1.0153846153846153,0.0,3,3,-3,1.6,ﺪﯾﺮﺧ ﻝﺎﻨﮕﯿﺳ
3863538898378476,ثمسكن,12,8,8,4,0,2,3090,3.0,3.0,صف خرید,0,0,72,3.57,3090, حجم کم,38 %,21 % ,98 % ,121 % ,90884867,70,48213,انبوه سازي، املاك و مستغلات,فروش  متوسط,0,0,تحرک_مثبت,3,1,42,237,9988,14,458,6418,-221,3570,2.0,1405-06-04,12:30:52,12,8,8,4,4,1.3333333333333333,1.6,0.0,1.5384615384615385,2.4444444444444446,2,3,-3,1.2,ﺪﯾﺮﺧ ﻒﯿﻌﺿ ﻝﺎﻨﮕﯿﺳ
45991797190214892,وآفر,1,0,0,0,0,0,10760,1.99,1.99,صف خرید,0,0,68,9.15,161, حجم کم,28 %,106 % ,111 % ,188 % ,664643,56,223642,سرمايه گذاريها,خرید  ضعیف,0,0,تحرک_مثبت,0,0,1,112,112,0,0,0,112,112,7.5,1405-06-04,11:39:55,1,0,0,0,1,1.0,0.0,0.0,0.5,0.0,1,1,-1,0.6,ﺪﯾﺮﺧ ﻒﯿﻌﺿ ﻝﺎﻨﮕﯿﺳ
68941822863885255,رافزا,6,5,3,1,1,0,16070,2.95,2.82,صف خرید,0,0,76,7.65,-1789, حجم کم,64 %,65 % ,130 % ,194 % ,7076831,72,-31944,رايانه و فعاليت‌هاي وابسته به آن,فروش  متوسط rsi,0,0,تحرک_مثبت,1,1,6,282,1695,10,148,1489,134,206,2.0,1405-06-04,12:05:18,6,5,3,1,1,1.0,1.5,1.0,2.0,1.0,1,0,-3,-0.10000000000000006,ﺵﻭﺮﻓ ﻝﺎﻨﮕﯿﺳ
59612098290740355,آباد,5,1,1,1,0,0,852,2.9,2.9,صف خرید,0,0,69,7.19,2130, حجم کم,77 %,137 % ,160 % ,263 % ,49995100,55,6675,هتل و رستوران,خرید  ضعیف,0,0,تحرک_مثبت,1,1,20,151,3027,1,456,456,-305,2571,7.5,1405-06-04,12:29:44,5,1,1,1,4,2.5,0.5,0.0,1.0,1.0,2,3,-1,1.6,ﺪﯾﺮﺧ ﻝﺎﻨﮕﯿﺳ
30447901674051381,ومدير,3,1,2,0,0,0,2700,2.66,1.98,مثبت,0,0,68,4.23,52, حجم کم,31 %,31 % ,30 % ,54 % ,26981083,56,223642,سرمايه گذاريها,خرید  متوسط,0,0,تحرک_مثبت,1,2,3,222,666,3,106,318,116,348,7.0,1405-06-04,12:29:18,3,1,2,0,2,1.5,2.0,0.0,1.25,0.5,1,1,-1,0.6,ﺪﯾﺮﺧ ﻒﯿﻌﺿ ﻝﺎﻨﮕﯿﺳ
50247622569476338,بوعلي,37,26,15,7,7,1,41370,2.99,2.22,صف خرید,0,0,73,1.96,6381, حجم کم,63 %,48 % ,58 % ,35 % ,20503026,44,416438,محصولات شيميايي,فروش  متوسط rsi,0,0,تحرک_مثبت,0,1,66,328,21652,52,178,9307,150,12345,2.0,1405-06-04,12:29:39,37,26,15,7,11,1.3703703703703705,1.875,3.5,2.289473684210526,1.4074074074074074,3,3,-3,1.6,ﺪﯾﺮﺧ ﻝﺎﻨﮕﯿﺳ
43552974795606067,خراسان,13,18,2,7,0,6,52350,2.99,2.99,صف خرید,0,0,65,0.45,4090, حجم کم,76 %,41 % ,71 % ,96 % ,5775422,44,416438,محصولات شيميايي,فروش  ضعیف,0,0,تحرک_مثبت,1,2,60,149,8983,20,860,17207,-711,-8224,2.5,1405-06-04,12:30:52,13,18,2,7,-5,0.6842105263157895,0.25,0.0,1.0714285714285714,2.8947368421052633,0,3,-1,0.7,ﺪﯾﺮﺧ ﻒﯿﻌﺿ ﻝﺎﻨﮕﯿﺳ
54277068923045214,فسرب,21,27,12,14,2,2,2223,2.96,2.69,صف خرید,0,0,76,1.19,982,حجم متوسط1.44برابر,144 %,138 % ,76 % ,120 % ,50410882,27,512358,فلزات اساسي,فروش  متوسط,0,0,تحرک_مثبت,0,4,33,269,8900,43,199,8572,70,328,1.0,1405-06-04,12:17:06,21,27,12,14,-6,0.75,0.8,0.6666666666666666,1.9545454545454546,1.8214285714285714,0,2,-3,0.0999999999999999,ﯽﺜﻨﺧ
47026464823464687,ومهان,47,52,13,22,4,1,8620,2.99,2.99,صف خرید,0,0,82,1.24,187692,حجم زیاد2.36برابر,236 %,419 % ,165 % ,49 % ,126758893,56,223642,سرمايه گذاريها,فروش  متوسط,0,0,تحرک_مثبت,0,3,1256,169,212566,296,186,55119,-17,157447,2.0,1405-06-04,12:30:52,47,52,13,22,-5,0.8867924528301887,0.5652173913043478,2.0,1.6666666666666667,1.490566037735849,0,3,-3,0.3999999999999998,ﯽﺜﻨﺧ
13140135188919199,قتربت,16,20,6,7,1,3,10770,2.96,2.96,صف خرید,0,0,64,0.7,4652,حجم متوسط1.76برابر,176 %,419 % ,28 % ,66 % ,6049814,38,15187,قند و شكر,فروش  ضعیف,0,0,تحرک_مثبت,0,3,27,225,6083,23,237,5464,-12,619,4.5,1405-06-04,12:22:45,16,20,6,7,-4,0.7619047619047619,0.75,0.25,1.588235294117647,2.0,0,3,-1,0.7,ﺪﯾﺮﺧ ﻒﯿﻌﺿ ﻝﺎﻨﮕﯿﺳ
13243992182070788,درهآور,36,35,16,11,2,1,15950,1.66,2.17,مثبت,0,0,72,0.87,-1169, حجم کم,63 %,124 % ,187 % ,196 % ,22476415,43,-98707,مواد و محصولات دارويي,فروش  متوسط rsi,0,0,تحرک_منفی,0,4,51,213,10879,54,199,10783,14,96,-5.0,1405-06-04,12:30:57,36,35,16,11,1,1.0,1.3333333333333333,1.0,1.6756756756756757,1.4166666666666667,1,0,-3,-0.20000000000000007,ﺵﻭﺮﻓ ﻝﺎﻨﮕﯿﺳ
34540569618314880,قاسم,11,3,6,2,1,0,2315,2.98,2.98,صف خرید,0,0,73,7.56,3438, حجم کم,28 %,12 % ,0 % ,0 % ,100965219,47,7716,خرده فروشي،باستثناي وسايل نقليه موتوري,فروش  متوسط rsi,0,0,تحرک_مثبت,0,0,24,230,5542,7,227,1591,3,3951,2.0,1405-06-04,12:29:44,11,3,6,2,8,2.75,2.0,1.0,1.8333333333333333,1.25,3,3,-3,1.6,ﺪﯾﺮﺧ ﻝﺎﻨﮕﯿﺳ
71758511001096824,غصينو,19,23,4,6,1,3,5960,2.58,2.24,مثبت,0,0,62,0.83,1305, حجم کم,78 %,52 % ,98 % ,77 % ,50209161,42,110444,محصولات غذايي و آشاميدني به جز قند و شكر,فروش  ضعیف,0,0,تحرک_مثبت,1,3,40,193,7751,45,184,8320,9,-569,-0.5,1405-06-04,12:28:33,19,23,4,6,-4,0.7916666666666666,0.5714285714285714,0.25,1.4,1.8333333333333333,0,3,-1,0.7,ﺪﯾﺮﺧ ﻒﯿﻌﺿ ﻝﺎﻨﮕﯿﺳ
4507558419857064,زماهان,10,6,3,2,0,0,13390,3.0,3.0,صف خرید,0,0,77,9.64,1661, حجم کم,47 %,51 % ,147 % ,299 % ,6304946,1,35200,زراعت و خدمات وابسته,فروش  متوسط rsi,0,0,تحرک_مثبت,0,1,13,181,2364,6,175,1050,6,1314,2.0,1405-06-04,11:23:31,10,6,3,2,4,1.4285714285714286,1.0,0.0,1.1818181818181819,1.1428571428571428,2,3,-3,1.2,ﺪﯾﺮﺧ ﻒﯿﻌﺿ ﻝﺎﻨﮕﯿﺳ
6478064539164167,ريشمك,4,0,1,0,0,0,14180,2.98,2.98,صف خرید,0,0,83,7.62,1772, حجم کم,15 %,265 % ,167 % ,249 % ,11547936,43,-98707,مواد و محصولات دارويي,فروش  قوی rsi,0,0,تحرک_مثبت,0,2,7,177,1241,0,0,0,177,1241,1.0,1405-06-04,9:49:52,4,0,1,0,4,4.0,1.0,0.0,1.0,0.0,2,3,-3,1.2,ﺪﯾﺮﺧ ﻒﯿﻌﺿ ﻝﺎﻨﮕﯿﺳ
43362635835198978,هاي وب,35,54,9,15,0,1,428,2.39,2.39,مثبت,0,0,76,0.9,-867,حجم متوسط1.38برابر,138 %,149 % ,152 % ,160 % ,615402592,73,-4741,اطلاعات و ارتباطات,فروش  قوی,0,0,تحرک_مثبت,0,4,64,171,10948,83,195,16196,-24,-5248,-3.0,1405-06-04,12:30:51,35,54,9,15,-19,0.6363636363636364,0.5625,0.0,1.2222222222222223,1.3454545454545455,0,0,-3,-0.6000000000000001,ﺵﻭﺮﻓ ﻝﺎﻨﮕﯿﺳ
2944500421562364,وتوصا,16,5,11,3,1,1,3054,2.97,2.8,صف خرید,0,0,79,1.84,-1165,حجم متوسط1.53برابر,153 %,139 % ,229 % ,69 % ,25676801,56,223642,سرمايه گذاريها,فروش  متوسط rsi,0,0,تحرک_مثبت,0,2,21,299,6283,15,284,4266,15,2017,2.0,1405-06-04,12:11:11,16,5,11,3,11,2.6666666666666665,2.75,0.5,1.8823529411764706,2.1666666666666665,3,0,-3,0.7000000000000001,ﺪﯾﺮﺧ ﻒﯿﻌﺿ ﻝﺎﻨﮕﯿﺳ
33931218652865616,ونفت,7,8,4,3,3,2,10040,2.97,2.87,صف خرید,0,0,70,1.95,669, حجم کم,41 %,51 % ,32 % ,78 % ,46407881,23,681694,فراورده هاي نفتي، كك و سوخت هسته اي,فروش  ضعیف,0,0,تحرک_مثبت,1,3,84,169,14240,12,1002,12024,-833,2216,6.5,1405-06-04,12:11:51,7,8,4,3,-1,0.7777777777777778,1.0,1.0,3.25,2.3333333333333335,0,2,-1,0.5,ﺪﯾﺮﺧ ﻒﯿﻌﺿ ﻝﺎﻨﮕﯿﺳ
35796086458096255,شيران,38,55,14,11,2,2,12190,0.83,1.57,مثبت,0,0,73,1.05,-600, حجم کم,44 %,45 % ,166 % ,38 % ,71183045,44,416438,محصولات شيميايي,فروش  ضعیف,0,0,تحرک_منفی,1,3,68,206,14071,79,177,14042,29,29,-3.5,1405-06-04,12:30:53,38,55,14,11,-17,0.6785714285714286,1.1666666666666667,0.6666666666666666,1.5897435897435896,1.3571428571428572,0,0,-3,-0.5000000000000001,ﺵﻭﺮﻓ ﻝﺎﻨﮕﯿﺳ
32357363984168442,جم,4,11,1,4,0,2,53130,2.99,2.99,صف خرید,0,0,80,1.61,294, حجم کم,16 %,64 % ,144 % ,17 % ,12099900,44,416438,محصولات شيميايي,فروش  متوسط,0,0,تحرک_مثبت,0,3,6,191,1150,11,296,3265,-105,-2115,0.0,1405-06-04,11:29:31,4,11,1,4,-7,0.3333333333333333,0.2,0.0,1.0,2.0833333333333335,0,1,-3,-0.2000000000000001,ﺵﻭﺮﻓ ﻝﺎﻨﮕﯿﺳ
14427168056799610,كيميا,25,11,11,5,5,2,5380,2.67,2.48,مثبت,0,0,90,1.56,1707,حجم متوسط1.04برابر,104 %,52 % ,157 % ,146 % ,33277493,27,512358,فلزات اساسي,فروش  قوی rsi,0,0,تحرک_مثبت,0,2,34,307,10457,22,247,5444,60,5013,-2.0,1405-06-04,12:29:17,25,11,11,5,14,2.0833333333333335,1.8333333333333333,1.6666666666666667,2.3461538461538463,2.1666666666666665,3,3,-3,1.6,ﺪﯾﺮﺧ ﻝﺎﻨﮕﯿﺳ
19471788163911687,كفپارس,26,15,12,4,3,1,5510,2.99,2.99,صف خرید,0,0,75,4.29,24442,حجم زیاد2.0برابر,200 %,25 % ,135 % ,142 % ,30594920,54,58599,ساير محصولات كاني غيرفلزي,فروش  متوسط rsi,0,0,تحرک_مثبت,0,2,111,232,25796,19,233,4435,-1,21361,2.0,1405-06-04,12:30:52,26,15,12,4,11,1.625,2.4,1.5,1.962962962962963,1.5,3,3,-3,1.6,ﺪﯾﺮﺧ ﻝﺎﻨﮕﯿﺳ
54509759694064219,تپكو,4,0,0,0,0,0,450,2.97,2.97,صف خرید,0,0,70,20.7,3500,حجم زیاد2.94برابر,294 %,290 % ,336 % ,313 % ,31792709,29,64793,ماشين آلات و تجهيزات,فروش  متوسط rsi,0,0,تحرک_مثبت,0,0,34,111,3788,0,0,0,111,3788,6.0,1405-06-04,10:51:14,4,0,0,0,4,4.0,0.0,0.0,0.8,0.0,2,3,-1,1.6,ﺪﯾﺮﺧ ﻝﺎﻨﮕﯿﺳ
61978776664766359,غپونه,40,33,18,19,6,6,8290,2.98,1.74,صف خرید,0,0,52,1.31,-215,حجم متوسط0.92برابر,92 %,40 % ,83 % ,85 % ,34753413,42,110444,محصولات غذايي و آشاميدني به جز قند و شكر,خرید  ضعیف,0,0,تحرک_مثبت,0,2,64,246,15786,41,281,11521,-35,4265,7.5,1405-06-04,12:07:07,40,33,18,19,7,1.1764705882352942,0.9,0.8571428571428571,2.1463414634146343,2.411764705882353,3,0,0,1.3000000000000003,ﺪﯾﺮﺧ ﻒﯿﻌﺿ ﻝﺎﻨﮕﯿﺳ
39751275523025334,اتكاي,41,20,29,9,5,1,2719,2.99,1.82,صف خرید,0,0,89,1.76,28563,حجم مشکوک15.54برابر,1554 %,613 % ,758 % ,0 % ,17156722,66,66233,بيمه وصندوق بازنشستگي به جزتامين اجتماعي,فروش  قوی rsi,0,0,تحرک_مثبت,0,1,128,265,34023,31,229,7117,36,26906,1.0,1405-06-04,12:28:39,41,20,29,9,21,1.9523809523809523,2.9,2.5,2.261904761904762,1.619047619047619,3,3,-3,1.6,ﺪﯾﺮﺧ ﻝﺎﻨﮕﯿﺳ
64341992373049080,سدبير,41,49,13,23,0,4,39660,2.99,2.86,صف خرید,0,0,73,0.89,1296,حجم زیاد2.34برابر,234 %,16 % ,152 % ,109 % ,2493060,56,223642,سرمايه گذاريها,فروش  متوسط,0,0,تحرک_مثبت,0,3,64,168,10766,62,234,14557,-66,-3791,-2.0,1405-06-04,12:30:32,41,49,13,23,-8,0.82,0.5416666666666666,0.0,1.2857142857142858,1.84,0,3,-3,0.2999999999999998,ﯽﺜﻨﺧ
17269972595370241,وآتوس,3,2,0,0,0,0,1447,2.99,1.78,صف خرید,0,0,65,3.52,1099, حجم کم,50 %,149 % ,161 % ,105 % ,25473239,56,223642,سرمايه گذاريها,خرید  ضعیف,0,0,تحرک_مثبت,1,0,4,144,576,3,133,401,11,175,7.5,1405-06-04,12:24:55,3,2,0,0,1,1.0,0.0,0.0,0.75,0.6666666666666666,1,3,-1,1.2,ﺪﯾﺮﺧ ﻒﯿﻌﺿ ﻝﺎﻨﮕﯿﺳ
38738476064699383,آرمان,2,3,1,2,0,0,1498,2.96,2.96,صف خرید,0,0,65,1.16,129,حجم متوسط1.93برابر,193 %,92 % ,94 % ,765 % ,4169974,66,66233,بيمه وصندوق بازنشستگي به جزتامين اجتماعي,فروش  ضعیف,0,0,تحرک_مثبت,1,1,2,214,428,3,266,800,-52,-372,4.0,1405-06-04,12:30:29,2,3,1,2,-1,0.5,0.3333333333333333,0.0,1.0,1.25,0,1,-1,0.19999999999999998,ﯽﺜﻨﺧ
39610074039667804,قرن,8,10,3,5,0,2,22660,3.0,3.0,صف خرید,0,0,67,2.35,-2190, حجم کم,21 %,42 % ,29 % ,53 % ,17334735,44,416438,محصولات شيميايي,فروش  ضعیف,0,0,تحرک_مثبت,0,3,14,182,2548,14,251,3520,-69,-972,4.5,1405-06-04,12:05:59,8,10,3,5,-2,0.7272727272727273,0.5,0.0,1.2222222222222223,2.272727272727273,0,0,-1,-0.1,ﺵﻭﺮﻓ ﻝﺎﻨﮕﯿﺳ
36995197800118822,سنوين,1,2,1,0,0,0,3090,3.0,2.67,صف خرید,0,0,62,1.6,0, حجم کم,55 %,104 % ,31 % ,148 % ,5858418,56,223642,سرمايه گذاريها,خرید  متوسط,0,0,تحرک_مثبت,1,2,1,233,233,2,146,293,87,-60,6.0,1405-06-04,11:17:58,1,2,1,0,-1,0.3333333333333333,1.0,0.0,1.0,0.6666666666666666,0,0,-1,-0.1,ﺵﻭﺮﻓ ﻝﺎﻨﮕﯿﺳ
27308217070238237,شكربن,16,9,14,3,4,0,8430,2.93,2.81,صف خرید,0,0,71,2.15,3824,حجم متوسط1.02برابر,102 %,64 % ,34 % ,82 % ,20274710,44,416438,محصولات شيميايي,فروش  متوسط rsi,0,0,تحرک_مثبت,1,2,21,374,7872,10,175,1757,199,6115,2.0,1405-06-04,12:24:11,16,9,14,3,7,1.6,3.5,4.0,2.9411764705882355,1.2,3,3,-3,1.6,ﺪﯾﺮﺧ ﻝﺎﻨﮕﯿﺳ
64216772923447100,شتاب,14,20,14,13,8,3,44098,4.0,4.0,صف خرید,0,0,81,10.41,2260, حجم کم,13 %,74 % ,202 % ,129 % ,56242279,68,48213,صندوق های اهرمی,فروش  ضعیف,0,0,تحرک_مثبت,0,4,35,604,21170,33,311,10282,293,10888,2.5,1405-06-04,12:30:34,14,20,14,13,-6,0.6666666666666666,1.0,2.0,4.533333333333333,2.2857142857142856,0,3,-3,0.3999999999999998,ﯽﺜﻨﺧ
69817338460284329,فروژ,9,11,1,4,0,1,1344,2.28,1.9,مثبت,0,0,76,1.34,-202,حجم متوسط1.03برابر,103 %,111 % ,127 % ,175 % ,52074766,27,512358,فلزات اساسي,فروش  متوسط,0,0,تحرک_مثبت,0,3,10,160,1601,13,178,2317,-18,-716,-3.0,1405-06-04,12:30:56,9,11,1,4,-2,0.75,0.2,0.0,1.0,1.6666666666666667,0,0,-3,-0.5000000000000001,ﺵﻭﺮﻓ ﻝﺎﻨﮕﯿﺳ
55201604487356053,فن آوا,1,0,1,0,0,0,2600,2.97,2.97,صف خرید,0,0,94,20.42,899, حجم کم,39 %,39 % ,37 % ,41 % ,10316706,72,-31944,رايانه و فعاليت‌هاي وابسته به آن,فروش  قوی rsi,0,0,تحرک_مثبت,0,0,4,219,878,0,0,0,219,878,1.0,1405-06-04,9:01:34,1,0,1,0,1,1.0,1.0,0.0,1.0,0.0,1,2,-3,0.4999999999999999,ﯽﺜﻨﺧ
63363116407864462,لابسا,5,6,0,2,0,0,5330,0.19,0.56,مثبت,0,0,67,1.22,-50, حجم کم,58 %,77 % ,78 % ,74 % ,8798266,29,64793,ماشين آلات و تجهيزات,فروش  ضعیف,0,0,تحرک_منفی,0,2,5,119,597,6,183,1102,-64,-505,0.0,1405-06-04,12:29:43,5,6,0,2,-1,0.7142857142857143,0.0,0.0,0.8333333333333334,1.1428571428571428,0,0,-1,-0.1,ﺵﻭﺮﻓ ﻝﺎﻨﮕﯿﺳ
5920901446678689,وتعاون,2,11,1,6,0,2,2169,-2.95,-2.33,منفی,0,0,52,0.5,-347,حجم زیاد2.19برابر,219 %,149 % ,132 % ,54 % ,10138927,66,66233,بيمه وصندوق بازنشستگي به جزتامين اجتماعي,فروش  ضعیف,0,0,تحرک_منفی,0,1,2,199,398,12,264,3175,-65,-2777,-2.5,1405-06-04,12:29:20,2,11,1,6,-9,0.16666666666666666,0.14285714285714285,0.0,1.0,2.25,0,0,0,0.0,ﯽﺜﻨﺧ
41781090739318251,تليسه,16,10,14,2,4,1,9520,2.92,2.92,صف خرید,0,0,70,9.77,2771, حجم کم,33 %,42 % ,85 % ,98 % ,33031029,1,35200,زراعت و خدمات وابسته,فروش  متوسط rsi,0,0,تحرک_مثبت,0,2,29,335,9724,13,216,2818,119,6906,6.0,1405-06-04,11:41:17,16,10,14,2,6,1.4545454545454546,4.666666666666667,2.0,2.9411764705882355,1.5454545454545454,3,3,-1,2.0,ﺪﯾﺮﺧ ﻝﺎﻨﮕﯿﺳ
49054891736433700,دعبيد,42,65,11,25,3,5,21490,2.97,2.64,صف خرید,0,0,72,0.57,-36599,حجم متوسط0.91برابر,91 %,130 % ,169 % ,444 % ,52748734,43,-98707,مواد و محصولات دارويي,فروش  قوی,0,0,تحرک_مثبت,0,4,108,176,19088,378,152,57633,24,-38545,-3.0,1405-06-04,12:30:55,42,65,11,25,-23,0.6363636363636364,0.4230769230769231,0.5,1.5813953488372092,1.7424242424242424,0,0,-3,-0.6000000000000001,ﺵﻭﺮﻓ ﻝﺎﻨﮕﯿﺳ
6905737326614124,رپويا,10,1,4,0,1,0,61640,2.99,2.96,صف خرید,0,0,88,6.51,-2161, حجم کم,67 %,54 % ,70 % ,216 % ,1866029,72,-31944,رايانه و فعاليت‌هاي وابسته به آن,فروش  قوی rsi,0,0,تحرک_مثبت,0,1,15,262,3939,1,111,111,151,3828,1.0,1405-06-04,12:20:30,10,1,4,0,9,5.0,4.0,1.0,1.7272727272727273,0.5,3,0,-3,0.7000000000000001,ﺪﯾﺮﺧ ﻒﯿﻌﺿ ﻝﺎﻨﮕﯿﺳ
10869855467299545,كوچين,90,24,31,3,2,0,16210,2.99,2.48,صف خرید,0,0,70,3.14,22486,حجم متوسط1.06برابر,106 %,207 % ,71 % ,137 % ,38261968,42,110444,محصولات غذايي و آشاميدني به جز قند و شكر,فروش  متوسط rsi,0,0,تحرک_مثبت,2,0,222,179,39807,59,141,8346,38,31461,6.0,1405-06-04,12:30:32,90,24,31,3,66,3.6,7.75,2.0,1.4395604395604396,1.08,3,3,-1,2.0,ﺪﯾﺮﺧ ﻝﺎﻨﮕﯿﺳ
5866848234665627,دسبحان,40,45,20,25,6,8,13470,2.98,2.98,صف خرید,0,0,92,0.75,11174,حجم زیاد2.11برابر,211 %,222 % ,751 % ,125 % ,53219942,43,-98707,مواد و محصولات دارويي,فروش  متوسط,0,0,تحرک_مثبت,0,4,181,272,49246,158,317,50241,-45,-995,-2.0,1405-06-04,12:19:44,40,45,20,25,-5,0.8695652173913043,0.7692307692307693,0.6666666666666666,2.1951219512195124,2.391304347826087,0,3,-3,0.2999999999999998,ﯽﺜﻨﺧ
65378630011538741,نبابك,10,5,6,3,3,2,8520,2.9,2.66,صف خرید,0,0,82,11.46,809,حجم زیاد3.03برابر,303 %,66 % ,63 % ,211 % ,4926121,17,11096,منسوجات,فروش  قوی rsi,0,0,تحرک_مثبت,0,0,18,555,9998,18,310,5597,245,4401,1.0,1405-06-04,11:14:06,10,5,6,3,5,1.6666666666666667,1.5,1.0,2.8181818181818183,3.0,2,2,-3,0.8999999999999998,ﺪﯾﺮﺧ ﻒﯿﻌﺿ ﻝﺎﻨﮕﯿﺳ
52932092555708556,تكاردان,1,0,0,0,0,0,2650,1.81,1.88,مثبت,0,0,75,13.68,-99, حجم کم,61 %,66 % ,55 % ,43 % ,4361621,67,104413,فعاليتهاي كمكي به نهادهاي مالي واسط,فروش  متوسط rsi,0,0,تحرک_منفی,0,0,1,121,121,0,0,0,121,121,-1.0,1405-06-04,10:31:42,1,0,0,0,1,1.0,0.0,0.0,0.5,0.0,1,0,-3,-0.10000000000000006,ﺵﻭﺮﻓ ﻝﺎﻨﮕﯿﺳ
33293588228706998,وپارس,43,38,21,22,5,4,1628,2.97,2.97,صف خرید,0,0,78,1.36,23904, حجم کم,83 %,94 % ,156 % ,154 % ,797537420,57,551430,بانكها و موسسات اعتباري,فروش  متوسط,0,0,تحرک_مثبت,0,4,219,191,41952,188,227,42819,-36,-867,0.0,1405-06-04,12:10:47,43,38,21,22,5,1.1025641025641026,0.9130434782608695,1.0,2.022727272727273,2.051282051282051,2,3,-3,1.2,ﺪﯾﺮﺧ ﻒﯿﻌﺿ ﻝﺎﻨﮕﯿﺳ
69090868458637360,ديران,6,3,0,2,0,1,14580,2.97,2.97,صف خرید,0,0,99,3.57,364, حجم کم,17 %,321 % ,561 % ,401 % ,16395117,43,-98707,مواد و محصولات دارويي,فروش  متوسط,0,0,تحرک_مثبت,0,4,23,141,3247,6,345,2071,-204,1176,2.0,1405-06-04,12:03:03,6,3,0,2,3,1.5,0.0,0.0,0.8571428571428571,2.5,2,1,-3,0.6,ﺪﯾﺮﺧ ﻒﯿﻌﺿ ﻝﺎﻨﮕﯿﺳ
17834623106317041,خنصير,21,20,7,8,1,1,4410,2.56,1.4,مثبت,0,0,78,0.9,0,حجم متوسط1.98برابر,198 %,98 % ,122 % ,164 % ,12418426,34,214831,خودرو و ساخت قطعات,فروش  متوسط,0,0,تحرک_مثبت,0,3,24,195,4699,25,231,5779,-36,-1080,-3.0,1405-06-04,12:30:52,21,20,7,8,1,1.0,0.7777777777777778,0.5,1.5,1.5714285714285714,1,0,-3,-0.20000000000000007,ﺵﻭﺮﻓ ﻝﺎﻨﮕﯿﺳ
15259343650667588,قزوين,8,4,3,0,1,0,11350,2.99,2.81,صف خرید,0,1,55,2.52,3040,حجم متوسط1.21برابر,121 %,158 % ,70 % ,69 % ,3609461,38,15187,قند و شكر,خرید  قوی,0,0,تحرک_مثبت,1,1,11,321,3535,5,132,664,189,2871,8.0,1405-06-04,12:30:51,8,4,3,0,4,1.6,3.0,1.0,1.7777777777777777,0.8,2,3,0,1.8,ﺪﯾﺮﺧ ﻝﺎﻨﮕﯿﺳ
51617145873056483,شتران,40,20,23,10,9,2,5710,2.88,2.88,صف خرید,0,0,77,8.75,45848, حجم کم,28 %,41 % ,106 % ,110 % ,744870572,23,681694,فراورده هاي نفتي، كك و سوخت هسته اي,فروش  متوسط rsi,0,0,تحرک_مثبت,0,2,292,288,84203,53,264,14043,24,70160,2.0,1405-06-04,12:17:51,40,20,23,10,20,1.9047619047619047,2.090909090909091,3.0,2.6341463414634148,1.9047619047619047,3,3,-3,1.6,ﺪﯾﺮﺧ ﻝﺎﻨﮕﯿﺳ
66599109405217136,گكوثر,0,1,0,0,0,0,3630,2.83,2.83,صف خرید,0,0,78,5.51,712, حجم کم,29 %,46 % ,229 % ,380 % ,12953652,55,6675,هتل و رستوران,فروش  ضعیف,0,0,تحرک_مثبت,0,4,0,0,0,1,109,109,-109,-109,0.5,1405-06-04,10:06:39,0,1,0,0,-1,0.0,0.0,0.0,0.0,0.5,0,2,-3,0.0999999999999999,ﯽﺜﻨﺧ
15039949673085566,پرديس,8,6,3,2,1,1,2012,2.97,2.92,صف خرید,0,0,73,2.67,2380,حجم متوسط1.1برابر,110 %,106 % ,83 % ,108 % ,30572174,56,223642,سرمايه گذاريها,فروش  متوسط rsi,0,0,تحرک_مثبت,1,2,12,235,2827,8,209,1672,26,1155,2.0,1405-06-04,12:16:46,8,6,3,2,2,1.1428571428571428,1.0,0.5,1.7777777777777777,1.8571428571428572,1,3,-3,0.7999999999999997,ﺪﯾﺮﺧ ﻒﯿﻌﺿ ﻝﺎﻨﮕﯿﺳ
8000351713789858,نان,14,12,3,7,0,0,6450,2.87,2.71,صف خرید,0,0,67,2.15,9680,حجم متوسط1.12برابر,112 %,98 % ,172 % ,197 % ,46187734,42,110444,محصولات غذايي و آشاميدني به جز قند و شكر,خرید  ضعیف,0,0,تحرک_مثبت,3,0,42,146,6163,42,232,9769,-86,-3606,5.5,1405-06-04,12:18:41,14,12,3,7,2,1.0769230769230769,0.375,0.0,1.1333333333333333,1.4615384615384615,1,3,-1,1.2,ﺪﯾﺮﺧ ﻒﯿﻌﺿ ﻝﺎﻨﮕﯿﺳ
4942127026063388,كاما,16,6,2,0,0,0,5330,2.9,2.9,صف خرید,0,0,94,9.84,-160, حجم کم,5 %,8 % ,16 % ,23 % ,176483524,13,243886,استخراج كانه هاي فلزي,فروش  قوی rsi,0,0,تحرک_مثبت,0,2,23,154,3559,9,156,1408,-2,2151,1.0,1405-06-04,12:20:10,16,6,2,0,10,2.2857142857142856,2.0,0.0,1.0588235294117647,0.8571428571428571,3,0,-3,0.7000000000000001,ﺪﯾﺮﺧ ﻒﯿﻌﺿ ﻝﺎﻨﮕﯿﺳ
3407806799514469,شاروم,10,6,3,0,0,0,12280,2.93,2.85,صف خرید,0,0,58,6.0,1230, حجم کم,63 %,82 % ,107 % ,106 % ,9942084,44,416438,محصولات شيميايي,خرید  متوسط,0,0,تحرک_مثبت,4,0,11,167,1842,11,118,1308,49,534,8.0,1405-06-04,11:59:08,10,6,3,0,4,1.4285714285714286,3.0,0.0,1.1818181818181819,0.8571428571428571,2,3,-1,1.6,ﺪﯾﺮﺧ ﻝﺎﻨﮕﯿﺳ
43283802997035462,وسبحان,12,25,3,8,2,2,3232,1.44,1.26,مثبت,0,0,89,0.64,-3486, حجم کم,74 %,62 % ,61 % ,138 % ,45271563,56,223642,سرمايه گذاريها,فروش  متوسط,0,0,تحرک_مثبت,0,4,15,253,3801,29,248,7196,5,-3395,-3.0,1405-06-04,12:30:33,12,25,3,8,-13,0.46153846153846156,0.3333333333333333,0.6666666666666666,1.9230769230769231,1.6538461538461537,0,0,-3,-0.6000000000000001,ﺵﻭﺮﻓ ﻝﺎﻨﮕﯿﺳ
4247709727327181,مفاخر,11,10,2,5,0,0,10240,-0.49,0.1,منفی,0,0,61,1.05,-330, حجم کم,65 %,59 % ,33 % ,169 % ,9465905,72,-31944,رايانه و فعاليت‌هاي وابسته به آن,خرید  ضعیف,0,0,تحرک_منفی,1,1,12,166,1996,12,193,2322,-27,-326,-0.5,1405-06-04,12:29:42,11,10,2,5,1,1.0,0.3333333333333333,0.0,1.0833333333333333,1.3636363636363635,1,0,-1,0.30000000000000004,ﯽﺜﻨﺧ
13235547361447092,زاگرس,26,34,15,14,0,4,147100,2.94,2.8,صف خرید,0,0,76,1.5,-1968,حجم متوسط1.22برابر,122 %,109 % ,120 % ,186 % ,1585785,44,416438,محصولات شيميايي,فروش  متوسط,0,0,تحرک_مثبت,0,3,75,205,15440,59,304,17941,-99,-2501,0.0,1405-06-04,12:29:47,26,34,15,14,-8,0.7428571428571429,1.0,0.0,1.5185185185185186,1.9428571428571428,0,0,-3,-0.5000000000000001,ﺵﻭﺮﻓ ﻝﺎﻨﮕﯿﺳ
2328862017676109,وسپه,40,45,21,27,3,2,6100,2.87,2.7,صف خرید,0,0,76,1.01,-1388, حجم کم,59 %,118 % ,123 % ,133 % ,113170663,56,223642,سرمايه گذاريها,فروش  متوسط,0,0,تحرک_مثبت,0,3,107,204,21882,97,228,22206,-24,-324,-1.0,1405-06-04,12:29:41,40,45,21,27,-5,0.8695652173913043,0.75,1.0,1.853658536585366,1.7826086956521738,0,0,-3,-0.5000000000000001,ﺵﻭﺮﻓ ﻝﺎﻨﮕﯿﺳ
46348559193224090,فولاد,73,44,43,14,10,2,2698,2.98,2.94,صف خرید,0,6,59,2.42,-52144, حجم کم,59 %,107 % ,107 % ,163 % ,3243021708,27,512358,فلزات اساسي,خرید  متوسط,0,0,تحرک_مثبت,1,2,782,233,182827,902,175,158071,58,24756,10.0,1405-06-04,12:27:49,73,44,43,14,29,1.6222222222222222,2.8666666666666667,3.3333333333333335,2.2432432432432434,1.511111111111111,3,0,-1,1.1000000000000003,ﺪﯾﺮﺧ ﻒﯿﻌﺿ ﻝﺎﻨﮕﯿﺳ
43062880954780884,تپمپي,6,6,2,4,0,3,6730,2.75,1.53,مثبت,0,0,67,0.69,-1830,حجم متوسط1.17برابر,117 %,99 % ,65 % ,111 % ,5656017,29,64793,ماشين آلات و تجهيزات,خنثی,0,0,تحرک_مثبت,0,4,6,174,1046,11,274,3022,-100,-1976,2.0,1405-06-04,12:26:00,6,6,2,4,0,0.8571428571428571,0.4,0.0,1.1428571428571428,3.5714285714285716,0,0,-1,-0.2,ﺵﻭﺮﻓ ﻝﺎﻨﮕﯿﺳ
35424116338766901,حفارس,12,12,6,7,3,2,6610,2.96,2.96,صف خرید,0,0,83,4.93,9473, حجم کم,58 %,82 % ,81 % ,116 % ,37279461,60,116556,حمل ونقل، انبارداري و ارتباطات,فروش  متوسط,0,0,تحرک_مثبت,0,3,51,273,13959,16,245,3934,28,10025,2.0,1405-06-04,12:25:34,12,12,6,7,0,0.9230769230769231,0.75,1.0,2.5384615384615383,2.230769230769231,0,3,-3,0.3999999999999998,ﯽﺜﻨﺧ
62177651435283872,شكلر,14,4,8,1,1,1,26260,2.98,2.98,صف خرید,0,0,81,6.21,4739, حجم کم,36 %,36 % ,32 % ,242 % ,6774641,44,416438,محصولات شيميايي,فروش  قوی rsi,0,0,تحرک_مثبت,0,1,26,237,6163,5,199,995,38,5168,1.0,1405-06-04,11:54:06,14,4,8,1,10,2.8,4.0,0.5,1.8,2.0,3,3,-3,1.6,ﺪﯾﺮﺧ ﻝﺎﻨﮕﯿﺳ
44052047028305231,پشاهن,0,0,0,0,0,0,89980,3.0,2.37,صف خرید,0,0,71,9.0,0,حجم متوسط1.95برابر,195 %,21 % ,318 % ,189 % ,8074,25,35003,لاستيك و پلاستيك,فروش  متوسط rsi,0,0,تحرک_مثبت,0,0,0,0,0,0,0,0,0,0,1.0,1405-06-04,8:48:37,0,0,0,0,0,0.0,0.0,0.0,0.0,0.0,0,0,-3,-0.5000000000000001,ﺵﻭﺮﻓ ﻝﺎﻨﮕﯿﺳ
38628771709301941,كيسون,40,21,16,9,3,0,1835,2.97,2.53,صف خرید,0,0,71,1.68,2061, حجم کم,79 %,97 % ,99 % ,161 % ,187964332,74,37765,خدمات فني و مهندسي,فروش  متوسط rsi,0,0,تحرک_مثبت,1,2,66,214,14177,36,227,8179,-13,5998,2.0,1405-06-04,12:23:02,40,21,16,9,19,1.8181818181818181,1.6,3.0,1.7317073170731707,1.3636363636363635,3,3,-3,1.6,ﺪﯾﺮﺧ ﻝﺎﻨﮕﯿﺳ
14800142337291217,فولاي,7,3,3,0,1,0,4000,2.83,2.83,صف خرید,0,0,78,17.37,1496, حجم کم,17 %,20 % ,54 % ,280 % ,42873638,27,512358,فلزات اساسي,فروش  متوسط rsi,0,0,تحرک_مثبت,0,1,8,294,2352,3,116,350,178,2002,2.0,1405-06-04,12:28:32,7,3,3,0,4,1.75,3.0,1.0,1.875,0.75,2,3,-3,1.2,ﺪﯾﺮﺧ ﻒﯿﻌﺿ ﻝﺎﻨﮕﯿﺳ
14825677919842501,تكيميا,3,6,1,1,0,0,2711,1.5,0.94,مثبت,0,0,65,1.44,85, حجم کم,50 %,55 % ,41 % ,105 % ,18435909,67,104413,فعاليتهاي كمكي به نهادهاي مالي واسط,فروش  ضعیف,0,0,تحرک_مثبت,0,3,3,175,527,6,159,957,16,-430,3.5,1405-06-04,12:30:33,3,6,1,1,-3,0.42857142857142855,0.5,0.0,1.0,1.0,0,1,-1,0.19999999999999998,ﯽﺜﻨﺧ
10568944722570445,سصفها,19,14,4,3,0,1,35690,2.97,2.97,صف خرید,0,0,91,2.36,7331, حجم کم,73 %,46 % ,0 % ,9 % ,4937613,53,-4902,سيمان، آهك و گچ,فروش  متوسط,0,0,تحرک_مثبت,0,3,47,143,6754,16,163,2613,-20,4141,2.0,1405-06-04,12:28:36,19,14,4,3,5,1.2666666666666666,1.0,0.0,1.15,1.4666666666666666,2,3,-3,1.2,ﺪﯾﺮﺧ ﻒﯿﻌﺿ ﻝﺎﻨﮕﯿﺳ
68629328102697289,شپاكساح,12,6,5,1,2,0,1613,-2.95,-2.89,صف فروش,2,2,0,1.17,7,حجم مشکوک11.94برابر,1194 %,2200 % ,0 % ,0 % ,9754697,44,416438,محصولات شيميايي,خرید  قوی,1619,-0.37,تحرک_منفی,2,0,22,246,5432,20,142,2852,104,2580,5.0,1405-06-04,12:28:10,12,6,5,1,6,1.7142857142857142,2.5,2.0,2.076923076923077,1.0,3,1,3,2.2000000000000006,ﺪﯾﺮﺧ ﻝﺎﻨﮕﯿﺳ
4545713647225984,ثپهران,11,1,1,0,0,0,3940,-0.76,-0.76,منفی,0,0,61,11.01,-1801,حجم زیاد2.38برابر,238 %,131 % ,171 % ,176 % ,15807928,70,48213,انبوه سازي، املاك و مستغلات,خرید  متوسط,0,0,تحرک_منفی,3,0,18,129,2336,9,109,986,20,1350,3.0,1405-06-04,12:30:29,11,1,1,0,10,5.5,1.0,0.0,1.0,0.5,3,0,-1,1.1000000000000003,ﺪﯾﺮﺧ ﻒﯿﻌﺿ ﻝﺎﻨﮕﯿﺳ
61332057061846617,دابور,26,38,12,15,8,1,53610,3.0,2.59,صف خرید,0,0,68,0.76,150, حجم کم,46 %,146 % ,152 % ,110 % ,8799203,43,-98707,مواد و محصولات دارويي,فروش  ضعیف,0,0,تحرک_مثبت,0,4,32,332,10643,51,195,9957,137,686,4.5,1405-06-04,12:28:10,26,38,12,15,-12,0.6666666666666666,0.75,4.0,2.888888888888889,1.4871794871794872,0,1,-1,0.09999999999999998,ﯽﺜﻨﺧ
16410724132711490,غفارس,21,12,10,7,2,1,20650,2.99,2.89,صف خرید,0,0,86,1.72,4047, حجم کم,54 %,74 % ,114 % ,100 % ,9124325,42,110444,محصولات غذايي و آشاميدني به جز قند و شكر,فروش  قوی rsi,0,0,تحرک_مثبت,0,2,32,236,7558,17,221,3773,15,3785,1.0,1405-06-04,12:24:06,21,12,10,7,9,1.6153846153846154,1.25,1.0,1.8636363636363635,1.8461538461538463,3,3,-3,1.6,ﺪﯾﺮﺧ ﻝﺎﻨﮕﯿﺳ
11773403764702778,وبيمه,2,0,0,0,0,0,2432,2.96,2.96,صف خرید,0,0,80,29.0,0, حجم کم,5 %,1 % ,66 % ,65 % ,49164696,56,223642,سرمايه گذاريها,فروش  قوی rsi,0,0,تحرک_مثبت,0,1,3,159,478,0,0,0,159,478,1.0,1405-06-04,11:56:15,2,0,0,0,2,2.0,0.0,0.0,0.6666666666666666,0.0,1,0,-3,-0.10000000000000006,ﺵﻭﺮﻓ ﻝﺎﻨﮕﯿﺳ
70883594945615893,سآبيك,6,10,2,4,0,1,73680,2.99,2.91,صف خرید,0,0,63,0.98,-12106,حجم متوسط1.32برابر,132 %,129 % ,58 % ,91 % ,2821123,53,-4902,سيمان، آهك و گچ,فروش  ضعیف,0,0,تحرک_مثبت,1,3,16,157,2514,27,276,7469,-119,-4955,3.5,1405-06-04,12:17:53,6,10,2,4,-4,0.5454545454545454,0.4,0.0,1.1428571428571428,1.7272727272727273,0,0,-1,-0.2,ﺵﻭﺮﻓ ﻝﺎﻨﮕﯿﺳ
57086055330734195,كرازي,6,8,3,3,0,0,1745,2.95,2.95,صف خرید,0,0,76,4.2,3203, حجم کم,26 %,46 % ,100 % ,95 % ,167148802,54,58599,ساير محصولات كاني غيرفلزي,فروش  ضعیف,0,0,تحرک_مثبت,0,2,15,207,3117,8,192,1542,15,1575,2.5,1405-06-04,11:01:32,6,8,3,3,-2,0.6666666666666666,0.75,0.0,1.2857142857142858,1.2222222222222223,0,3,-3,0.3999999999999998,ﯽﺜﻨﺧ
67327029014085707,سخزر,5,10,1,2,1,1,5740,2.87,2.69,صف خرید,0,0,67,0.8,-4583, حجم کم,48 %,76 % ,88 % ,120 % ,41083137,53,-4902,سيمان، آهك و گچ,فروش  ضعیف,0,0,تحرک_مثبت,0,4,5,290,1450,19,168,3202,122,-1752,2.5,1405-06-04,12:27:06,5,10,1,2,-5,0.45454545454545453,0.3333333333333333,0.5,1.8333333333333333,1.5454545454545454,0,0,-1,-0.2,ﺵﻭﺮﻓ ﻝﺎﻨﮕﯿﺳ
12965822877128721,ثقزوي,5,9,0,3,0,0,2150,-2.71,-1.81,منفی,0,0,77,0.67,0,حجم زیاد2.7برابر,270 %,242 % ,113 % ,128 % ,6983232,70,48213,انبوه سازي، املاك و مستغلات,فروش  متوسط,0,0,تحرک_منفی,0,3,6,125,751,12,145,1749,-20,-998,-7.0,1405-06-04,12:30:30,5,9,0,3,-4,0.5,0.0,0.0,0.8333333333333334,1.2,0,0,-3,-0.6000000000000001,ﺵﻭﺮﻓ ﻝﺎﻨﮕﯿﺳ
31024260997481994,غگرجي,19,21,7,7,1,0,4530,0.44,0.89,مثبت,0,0,85,1.3,-653,حجم متوسط1.91برابر,191 %,210 % ,177 % ,0 % ,9818879,42,110444,محصولات غذايي و آشاميدني به جز قند و شكر,فروش  ضعیف,0,0,تحرک_منفی,0,3,23,225,5197,26,182,4734,43,463,-0.5,1405-06-04,12:30:51,19,21,7,7,-2,0.8636363636363636,0.875,1.0,1.55,1.2727272727272727,0,0,-3,-0.5000000000000001,ﺵﻭﺮﻓ ﻝﺎﻨﮕﯿﺳ
20453559648564964,مهر,4,1,3,0,0,0,3074,2.98,2.98,صف خرید,0,0,87,45.11,2742, حجم کم,51 %,138 % ,145 % ,254 % ,40487075,56,223642,سرمايه گذاريها,فروش  قوی rsi,0,0,تحرک_مثبت,0,1,7,255,1786,2,154,308,101,1478,1.0,1405-06-04,11:23:08,4,1,3,0,3,2.0,3.0,0.0,1.4,0.5,2,3,-3,1.2,ﺪﯾﺮﺧ ﻒﯿﻌﺿ ﻝﺎﻨﮕﯿﺳ
8175784894140974,فزر,130,224,27,52,6,5,223900,2.99,1.29,صف خرید,0,0,86,0.71,-160740,حجم متوسط1.96برابر,196 %,185 % ,38 % ,22 % ,26312410,13,243886,استخراج كانه هاي فلزي,فروش  متوسط,0,0,تحرک_مثبت,0,2,2658,150,399828,5496,144,792219,6,-392391,-3.0,1405-06-04,12:30:57,130,224,27,52,-94,0.5777777777777777,0.5094339622641509,1.0,1.4274809160305344,1.3377777777777777,0,0,-3,-0.6000000000000001,ﺵﻭﺮﻓ ﻝﺎﻨﮕﯿﺳ
70219663893822560,بكاب,11,20,4,5,0,0,11210,2.94,2.75,صف خرید,0,0,65,1.24,889,حجم متوسط1.61برابر,161 %,82 % ,167 % ,180 % ,4633944,31,32044,ماشين آلات و دستگاه‌هاي برقي,فروش  ضعیف,0,0,تحرک_مثبت,0,2,17,187,3179,21,178,3743,9,-564,3.5,1405-06-04,12:30:28,11,20,4,5,-9,0.5238095238095238,0.6666666666666666,0.0,1.25,1.1904761904761905,0,2,-1,0.5,ﺪﯾﺮﺧ ﻒﯿﻌﺿ ﻝﺎﻨﮕﯿﺳ
62404730109947970,غكورش,26,13,10,4,0,0,23220,2.97,2.97,صف خرید,0,0,80,8.66,19679, حجم کم,25 %,22 % ,66 % ,51 % ,51007476,42,110444,محصولات غذايي و آشاميدني به جز قند و شكر,فروش  قوی rsi,0,0,تحرک_مثبت,0,1,156,166,25993,16,166,2665,0,23328,1.0,1405-06-04,12:12:36,26,13,10,4,13,1.8571428571428572,2.0,0.0,1.3333333333333333,1.2142857142857142,3,3,-3,1.6,ﺪﯾﺮﺧ ﻝﺎﻨﮕﯿﺳ
22903901709044823,ختراك,20,14,7,4,2,1,1681,2.94,2.88,صف خرید,0,1,67,1.76,1345,حجم متوسط0.93برابر,93 %,127 % ,64 % ,101 % ,57600723,34,214831,خودرو و ساخت قطعات,خرید  قوی,0,0,تحرک_مثبت,1,2,27,244,6612,17,238,4060,6,2552,11.0,1405-06-04,11:38:08,20,14,7,4,6,1.3333333333333333,1.4,1.0,1.7619047619047619,1.5333333333333334,3,3,-1,2.0,ﺪﯾﺮﺧ ﻝﺎﻨﮕﯿﺳ
4470657233334072,سخاش,14,4,6,2,0,0,11630,2.92,2.92,صف خرید,0,0,54,8.5,3415, حجم کم,41 %,127 % ,112 % ,119 % ,10894984,53,-4902,سيمان، آهك و گچ,خرید  متوسط,0,0,تحرک_مثبت,3,1,24,191,4604,5,181,905,10,3699,8.0,1405-06-04,12:00:56,14,4,6,2,10,2.8,2.0,0.0,1.3333333333333333,1.2,3,3,0,2.2,ﺪﯾﺮﺧ ﻝﺎﻨﮕﯿﺳ
49270349234092953,خاور,41,45,13,16,3,6,1600,2.96,2.96,صف خرید,0,0,73,0.94,6285,حجم متوسط1.11برابر,111 %,90 % ,76 % ,141 % ,370362947,34,214831,خودرو و ساخت قطعات,فروش  متوسط,0,0,تحرک_مثبت,1,3,149,184,27477,124,255,31698,-71,-4221,-1.0,1405-06-04,12:24:50,41,45,13,16,-4,0.8913043478260869,0.7647058823529411,0.42857142857142855,1.6428571428571428,1.9782608695652173,0,3,-3,0.2999999999999998,ﯽﺜﻨﺧ
7503669593172728,ثاصفا,0,2,0,0,0,0,15460,3.0,3.0,صف خرید,0,0,73,2.17,0,حجم متوسط1.66برابر,166 %,42 % ,239 % ,347 % ,150269,70,48213,انبوه سازي، املاك و مستغلات,فروش  ضعیف,0,0,تحرک_مثبت,0,1,0,0,0,2,137,275,-137,-275,0.5,1405-06-04,10:06:02,0,2,0,0,-2,0.0,0.0,0.0,0.0,0.6666666666666666,0,0,-3,-0.5000000000000001,ﺵﻭﺮﻓ ﻝﺎﻨﮕﯿﺳ
68909035712962732,ثباغ,27,26,20,19,5,7,7800,2.9,2.9,صف خرید,0,0,87,1.19,2476,حجم زیاد2.16برابر,216 %,95 % ,248 % ,168 % ,10832395,70,48213,انبوه سازي، املاك و مستغلات,فروش  متوسط,0,0,تحرک_مثبت,0,3,56,299,16782,44,327,14414,-28,2368,1.0,1405-06-04,12:20:54,27,26,20,19,1,1.0,1.0,0.625,2.5714285714285716,2.962962962962963,1,3,-3,0.7999999999999997,ﺪﯾﺮﺧ ﻒﯿﻌﺿ ﻝﺎﻨﮕﯿﺳ
4341085373810698,بزندگي,2,3,1,1,1,0,4730,2.16,1.08,مثبت,0,0,84,4.68,-227, حجم کم,61 %,40 % ,324 % ,173 % ,6258661,66,66233,بيمه وصندوق بازنشستگي به جزتامين اجتماعي,فروش  ضعیف,0,0,تحرک_مثبت,0,4,2,336,672,3,157,473,179,199,1.5,1405-06-04,11:35:17,2,3,1,1,-1,0.5,0.5,1.0,2.6666666666666665,1.0,0,0,-3,-0.5000000000000001,ﺵﻭﺮﻓ ﻝﺎﻨﮕﯿﺳ
5128151910501174,وحافظ,14,21,3,8,1,3,2311,2.71,0.84,مثبت,0,0,50,0.7,-185,حجم متوسط1.5برابر,150 %,91 % ,170 % ,57 % ,31563536,66,66233,بيمه وصندوق بازنشستگي به جزتامين اجتماعي,فروش  ضعیف,0,0,تحرک_مثبت,0,3,21,182,3840,26,271,7060,-89,-3220,1.5,1405-06-04,12:30:30,14,21,3,8,-7,0.6363636363636364,0.3333333333333333,0.25,1.4666666666666666,2.0,0,0,0,0.0,ﯽﺜﻨﺧ
67083516977047564,ثقزويح,1,1,1,1,0,0,672,2.91,2.91,صف خرید,0,0,29,7.5,0, حجم کم,19 %,1 % ,5 % ,6 % ,20167676,70,48213,انبوه سازي، املاك و مستغلات,خنثی,0,0,تحرک_مثبت,0,0,1,261,261,1,226,226,35,35,6.0,1405-06-04,12:14:05,1,1,1,1,0,0.5,0.5,0.0,1.0,1.0,0,0,3,0.7000000000000001,ﺪﯾﺮﺧ ﻒﯿﻌﺿ ﻝﺎﻨﮕﯿﺳ
24303422207378456,غالبر,25,36,5,11,0,0,29240,0.76,1.21,مثبت,0,0,59,0.77,1090,حجم متوسط1.14برابر,114 %,71 % ,136 % ,134 % ,5498182,42,110444,محصولات غذايي و آشاميدني به جز قند و شكر,فروش  ضعیف,0,0,تحرک_منفی,1,3,36,157,5654,53,190,10081,-33,-4427,-0.5,1405-06-04,12:30:51,25,36,5,11,-11,0.6756756756756757,0.4166666666666667,0.0,1.1538461538461537,1.2702702702702702,0,3,-1,0.7,ﺪﯾﺮﺧ ﻒﯿﻌﺿ ﻝﺎﻨﮕﯿﺳ
17933573078185644,آينده,0,0,0,0,0,0,3750,2.74,2.74,صف خرید,0,0,42,11.5,0,حجم مشکوک6.63برابر,663 %,2200 % ,0 % ,0 % ,47961,1,35200,زراعت و خدمات وابسته,خنثی,0,0,تحرک_مثبت,0,1,0,0,0,0,0,0,0,0,6.0,1405-06-04,8:48:40,0,0,0,0,0,0.0,0.0,0.0,0.0,0.0,0,0,1,0.30000000000000004,ﯽﺜﻨﺧ
24212636157410845,وآرين,6,9,4,7,3,1,2414,2.99,2.26,صف خرید,0,0,87,2.75,0,حجم متوسط1.9برابر,190 %,64 % ,79 % ,336 % ,10823953,56,223642,سرمايه گذاريها,فروش  متوسط,0,0,تحرک_مثبت,0,1,10,447,4474,11,302,3329,145,1145,2.0,1405-06-04,11:33:05,6,9,4,7,-3,0.6,0.5,1.5,3.5714285714285716,2.1,0,0,-3,-0.5000000000000001,ﺵﻭﺮﻓ ﻝﺎﻨﮕﯿﺳ
26014913469567886,وغدير,51,34,24,7,8,1,19340,2.98,2.93,صف خرید,0,0,77,1.28,18642,حجم متوسط1.02برابر,102 %,77 % ,96 % ,109 % ,129926565,39,17871,شركتهاي چند رشته اي صنعتي,فروش  متوسط rsi,0,0,تحرک_مثبت,0,2,177,209,37151,158,131,20802,78,16349,2.0,1405-06-04,12:24:11,51,34,24,7,17,1.457142857142857,3.0,4.0,2.2115384615384617,1.3142857142857143,3,3,-3,1.6,ﺪﯾﺮﺧ ﻝﺎﻨﮕﯿﺳ
55959112038778737,سخواف,15,19,6,9,1,4,5720,2.88,-0.72,صف خرید,0,0,51,0.88,29,حجم مشکوک13.41برابر,1341 %,230 % ,224 % ,479 % ,4091629,53,-4902,سيمان، آهك و گچ,فروش  ضعیف,0,0,تحرک_مثبت,1,3,83,312,25954,58,474,27545,-162,-1591,2.5,1405-06-04,11:54:29,15,19,6,9,-4,0.75,0.6,0.2,1.625,2.4,0,1,0,0.3,ﯽﺜﻨﺧ
47702059190622416,ثتوسا,4,4,2,1,0,1,17150,2.94,2.94,صف خرید,0,0,82,2.19,952, حجم کم,73 %,55 % ,65 % ,223 % ,2626422,70,48213,انبوه سازي، املاك و مستغلات,فروش  متوسط,0,0,تحرک_مثبت,0,4,15,164,2464,4,290,1162,-126,1302,2.0,1405-06-04,12:10:49,4,4,2,1,0,0.8,1.0,0.0,1.2,2.0,0,2,-3,0.0999999999999999,ﯽﺜﻨﺧ
4733285133017464,فخاس,21,19,11,4,2,1,2902,2.98,2.95,صف خرید,0,0,78,1.74,6188,حجم متوسط1.12برابر,112 %,159 % ,185 % ,211 % ,57728774,27,512358,فلزات اساسي,فروش  متوسط rsi,0,0,تحرک_مثبت,1,2,61,181,11042,29,163,4740,18,6302,2.0,1405-06-04,12:23:05,21,19,11,4,2,1.05,2.2,1.0,1.9090909090909092,1.4,1,3,-3,0.7999999999999997,ﺪﯾﺮﺧ ﻒﯿﻌﺿ ﻝﺎﻨﮕﯿﺳ
28854105556435129,ثزاگرس,19,25,5,11,1,2,107600,-0.65,0.28,منفی,0,0,39,0.7,0,حجم متوسط1.17برابر,117 %,156 % ,65 % ,161 % ,834871,70,48213,انبوه سازي، املاك و مستغلات,فروش  ضعیف,0,0,تحرک_منفی,0,3,23,168,3865,29,214,6206,-46,-2341,-2.5,1405-06-04,12:30:30,19,25,5,11,-6,0.7307692307692307,0.4166666666666667,0.3333333333333333,1.45,1.7692307692307692,0,0,1,0.2,ﯽﺜﻨﺧ
27218386411183410,سدور,30,13,15,4,3,1,25380,2.96,2.84,صف خرید,0,0,79,1.41,6081,حجم زیاد3.17برابر,317 %,76 % ,111 % ,245 % ,2370509,53,-4902,سيمان، آهك و گچ,فروش  متوسط rsi,0,0,تحرک_مثبت,0,2,59,193,11416,30,198,5943,-5,5473,2.0,1405-06-04,12:27:47,30,13,15,4,17,2.142857142857143,3.0,1.5,1.935483870967742,1.5714285714285714,3,3,-3,1.6,ﺪﯾﺮﺧ ﻝﺎﻨﮕﯿﺳ
53350307353645375,غانيزان,11,2,6,1,1,0,7790,2.91,2.91,صف خرید,0,0,67,44.01,3893, حجم کم,38 %,42 % ,125 % ,137 % ,19147553,42,110444,محصولات غذايي و آشاميدني به جز قند و شكر,خرید  متوسط,0,0,تحرک_مثبت,2,1,19,218,4159,3,156,468,62,3691,8.0,1405-06-04,11:41:18,11,2,6,1,9,3.6666666666666665,3.0,1.0,1.8333333333333333,1.0,3,3,-1,2.0,ﺪﯾﺮﺧ ﻝﺎﻨﮕﯿﺳ
26025177574491991,شليا,1,1,1,0,0,0,17000,2.97,2.97,صف خرید,0,0,86,4.0,0, حجم کم,16 %,76 % ,104 % ,111 % ,1323659,54,58599,ساير محصولات كاني غيرفلزي,فروش  قوی rsi,0,0,تحرک_مثبت,0,2,1,297,297,1,168,168,129,129,1.0,1405-06-04,11:38:10,1,1,1,0,0,0.5,1.0,0.0,1.0,0.5,0,0,-3,-0.5000000000000001,ﺵﻭﺮﻓ ﻝﺎﻨﮕﯿﺳ
68863997659126807,داتام,3,0,1,0,0,0,3440,2.99,2.99,صف خرید,0,0,67,27.56,710, حجم کم,67 %,50 % ,96 % ,143 % ,12404921,56,223642,سرمايه گذاريها,خرید  متوسط,0,0,تحرک_مثبت,1,1,4,173,694,0,0,0,173,694,8.0,1405-06-04,12:27:49,3,0,1,0,3,3.0,1.0,0.0,1.0,0.0,2,2,-1,1.3,ﺪﯾﺮﺧ ﻒﯿﻌﺿ ﻝﺎﻨﮕﯿﺳ
39683880301779506,كمرجانح,10,7,3,2,1,0,2407,3.0,2.65,صف خرید,0,0,39,2.91,0,حجم متوسط0.96برابر,96 %,101 % ,154 % ,145 % ,15553522,54,58599,ساير محصولات كاني غيرفلزي,خرید  متوسط,0,0,تحرک_مثبت,3,1,11,223,2457,8,175,1400,48,1057,8.0,1405-06-04,10:26:37,10,7,3,2,3,1.25,1.0,1.0,1.6363636363636365,1.125,2,0,1,1.1,ﺪﯾﺮﺧ ﻒﯿﻌﺿ ﻝﺎﻨﮕﯿﺳ
49627523909849331,كفرآور,2,1,1,0,0,0,33730,2.99,2.63,صف خرید,0,0,65,1.1,-508,حجم متوسط1.42برابر,142 %,118 % ,122 % ,131 % ,331137,54,58599,ساير محصولات كاني غيرفلزي,خرید  متوسط,0,0,تحرک_مثبت,3,1,2,188,376,1,174,174,14,202,7.0,1405-06-04,12:04:12,2,1,1,0,1,1.0,1.0,0.0,1.0,0.5,1,0,-1,0.30000000000000004,ﯽﺜﻨﺧ
56820995669577571,قلرست,9,4,7,2,3,0,25320,2.97,2.89,صف خرید,0,0,72,2.51,4687,حجم متوسط1.3برابر,130 %,151 % ,43 % ,25 % ,3560318,38,15187,قند و شكر,فروش  متوسط rsi,0,0,تحرک_مثبت,1,1,16,365,5843,5,203,1019,162,4824,2.0,1405-06-04,11:56:16,9,4,7,2,5,1.8,2.3333333333333335,3.0,3.1,1.2,2,3,-3,1.2,ﺪﯾﺮﺧ ﻒﯿﻌﺿ ﻝﺎﻨﮕﯿﺳ
42690477960659940,كشرق,6,9,1,5,0,2,143200,-2.98,-2.78,صف فروش,0,0,55,0.44,-38,حجم متوسط1.89برابر,189 %,114 % ,34 % ,60 % ,147574,10,14941,استخراج زغال سنگ,فروش  ضعیف,0,0,تحرک_منفی,0,3,10,182,1827,10,272,2727,-90,-900,-3.5,1405-06-04,11:58:24,6,9,1,5,-3,0.6,0.16666666666666666,0.0,1.0,2.4,0,0,0,0.0,ﯽﺜﻨﺧ
48990026850202503,خگستر,64,56,26,24,8,3,4020,2.81,2.81,صف خرید,0,0,81,1.59,2901, حجم کم,73 %,114 % ,153 % ,219 % ,415163034,34,214831,خودرو و ساخت قطعات,فروش  قوی rsi,0,0,تحرک_مثبت,0,2,336,193,64972,226,192,43592,1,21380,1.0,1405-06-04,12:27:46,64,56,26,24,8,1.1228070175438596,1.04,2.0,2.0,1.6666666666666667,3,3,-3,1.6,ﺪﯾﺮﺧ ﻝﺎﻨﮕﯿﺳ
9481703061634967,پارسيان,5,11,0,0,0,0,1652,2.99,1.93,صف خرید,0,0,70,0.77,-3523,حجم متوسط1.21برابر,121 %,109 % ,173 % ,71 % ,36309601,66,66233,بيمه وصندوق بازنشستگي به جزتامين اجتماعي,فروش  ضعیف,0,0,تحرک_مثبت,0,4,5,159,798,14,131,1846,28,-1048,2.5,1405-06-04,12:15:36,5,11,0,0,-6,0.4166666666666667,0.0,0.0,0.8333333333333334,0.9166666666666666,0,0,-1,-0.2,ﺵﻭﺮﻓ ﻝﺎﻨﮕﯿﺳ
69446612239102459,شكام,8,21,7,11,5,4,8770,2.93,2.7,صف خرید,0,0,83,3.87,-4867, حجم کم,44 %,343 % ,170 % ,92 % ,67978116,44,416438,محصولات شيميايي,فروش  متوسط,0,0,تحرک_مثبت,0,4,52,398,20737,122,189,23141,209,-2404,0.0,1405-06-04,11:33:52,8,21,7,11,-13,0.36363636363636365,0.5833333333333334,1.0,4.444444444444445,2.3636363636363638,0,0,-3,-0.5000000000000001,ﺵﻭﺮﻓ ﻝﺎﻨﮕﯿﺳ
16693610252404739,ثالوند,8,7,2,6,0,4,6840,2.86,2.86,صف خرید,0,0,85,1.43,602, حجم کم,70 %,42 % ,128 % ,109 % ,15957029,70,48213,انبوه سازي، املاك و مستغلات,فروش  متوسط,0,0,تحرک_مثبت,0,4,36,169,6088,9,599,5392,-430,696,2.0,1405-06-04,12:10:52,8,7,2,6,1,1.0,0.2857142857142857,0.0,1.1111111111111112,4.125,1,2,-3,0.4999999999999999,ﯽﺜﻨﺧ
36235343945196457,وفردا,4,4,0,2,0,0,1703,2.78,2.9,مثبت,0,0,72,1.41,-262, حجم کم,68 %,49 % ,76 % ,97 % ,14082641,66,66233,بيمه وصندوق بازنشستگي به جزتامين اجتماعي,فروش  متوسط,0,0,تحرک_منفی,2,2,4,135,542,4,236,944,-101,-402,-3.0,1405-06-04,12:23:27,4,4,0,2,0,0.8,0.0,0.0,0.8,1.2,0,0,-3,-0.5000000000000001,ﺵﻭﺮﻓ ﻝﺎﻨﮕﯿﺳ
23441366113375722,پارسان,18,22,15,8,6,3,30850,2.97,2.97,صف خرید,0,0,69,5.84,22912, حجم کم,50 %,57 % ,41 % ,86 % ,47490581,44,416438,محصولات شيميايي,خرید  متوسط,0,0,تحرک_مثبت,3,1,96,382,36696,35,310,10867,72,25829,8.0,1405-06-04,12:28:08,18,22,15,8,-4,0.782608695652174,1.6666666666666667,1.5,3.3157894736842106,1.9565217391304348,0,3,-1,0.7999999999999999,ﺪﯾﺮﺧ ﻒﯿﻌﺿ ﻝﺎﻨﮕﯿﺳ
15472396110662150,سكرما,2,13,0,4,0,0,67140,0.24,1.0,مثبت,0,0,58,0.49,-423, حجم کم,61 %,147 % ,53 % ,111 % ,998819,53,-4902,سيمان، آهك و گچ,فروش  ضعیف,0,0,تحرک_منفی,0,3,2,121,242,13,172,2242,-51,-2000,-0.5,1405-06-04,12:30:53,2,13,0,4,-11,0.14285714285714285,0.0,0.0,0.6666666666666666,1.2142857142857142,0,0,-1,-0.2,ﺵﻭﺮﻓ ﻝﺎﻨﮕﯿﺳ
48753732042176709,شبريز,42,26,25,13,9,3,50710,2.99,2.97,صف خرید,0,0,78,1.69,61078,حجم متوسط0.9برابر,90 %,78 % ,73 % ,103 % ,31933085,23,681694,فراورده هاي نفتي، كك و سوخت هسته اي,فروش  متوسط rsi,0,0,تحرک_مثبت,0,2,452,199,90295,115,312,35909,-113,54386,2.0,1405-06-04,12:29:18,42,26,25,13,16,1.5555555555555556,1.7857142857142858,2.25,2.604651162790698,2.0,3,3,-3,1.6,ﺪﯾﺮﺧ ﻝﺎﻨﮕﯿﺳ
10171945867136336,سيتا,22,7,8,3,0,0,32700,2.32,1.88,مثبت,0,0,61,2.23,-786, حجم کم,88 %,272 % ,46 % ,68 % ,6407698,53,-4902,سيمان، آهك و گچ,خرید  متوسط,0,0,تحرک_مثبت,3,0,26,169,4399,7,229,1603,-60,2796,5.0,1405-06-04,12:29:18,22,7,8,3,15,2.75,2.0,0.0,1.3043478260869565,1.25,3,0,-1,1.1000000000000003,ﺪﯾﺮﺧ ﻒﯿﻌﺿ ﻝﺎﻨﮕﯿﺳ
5968811612822747,ولنوين,16,6,5,4,0,1,2862,2.99,2.84,صف خرید,0,0,73,6.63,2036,حجم زیاد2.41برابر,241 %,156 % ,325 % ,165 % ,16172859,58,7845,ساير واسطه گريهاي مالي,فروش  متوسط,0,0,تحرک_مثبت,0,2,30,164,4947,14,233,3271,-69,1676,2.0,1405-06-04,12:24:10,16,6,5,4,10,2.2857142857142856,1.0,0.0,1.2352941176470589,2.142857142857143,3,3,-3,1.6,ﺪﯾﺮﺧ ﻝﺎﻨﮕﯿﺳ
1822787329898392,كلر,11,6,8,2,1,1,11020,2.99,2.99,صف خرید,0,0,74,12.76,3031, حجم کم,36 %,24 % ,29 % ,99 % ,21538673,44,416438,محصولات شيميايي,فروش  متوسط rsi,0,0,تحرک_مثبت,0,2,18,327,5892,9,189,1707,138,4185,2.0,1405-06-04,12:10:51,11,6,8,2,5,1.5714285714285714,2.6666666666666665,0.5,2.0,1.8571428571428572,2,3,-3,1.2,ﺪﯾﺮﺧ ﻒﯿﻌﺿ ﻝﺎﻨﮕﯿﺳ
3542690854557886,كيا,3,3,0,0,0,0,9000,-0.77,-1.1,منفی,0,0,70,0.69,-892,حجم متوسط1.15برابر,115 %,60 % ,100 % ,63 % ,2006658,28,4088,ساخت محصولات فلزي,فروش  متوسط rsi,0,0,تحرک_مثبت,1,0,4,132,529,4,146,585,-14,-56,0.0,1405-06-04,11:45:36,3,3,0,0,0,0.75,0.0,0.0,0.75,0.75,0,0,-1,-0.2,ﺵﻭﺮﻓ ﻝﺎﻨﮕﯿﺳ
24653108506137885,كانسار,18,7,8,3,1,1,13590,2.95,2.73,صف خرید,0,0,61,4.77,4759,حجم متوسط1.59برابر,159 %,93 % ,99 % ,199 % ,7828460,14,8505,استخراج ساير معادن,خرید  متوسط,0,0,تحرک_مثبت,4,0,50,184,9220,14,275,3851,-91,5369,8.0,1405-06-04,12:12:35,18,7,8,3,11,2.25,2.0,0.5,1.631578947368421,1.875,3,3,-1,2.0,ﺪﯾﺮﺧ ﻝﺎﻨﮕﯿﺳ
23353689102956991,دكوثر,22,57,7,33,0,15,21910,2.96,2.91,صف خرید,0,0,91,0.35,11355, حجم کم,67 %,148 % ,145 % ,157 % ,44008722,43,-98707,مواد و محصولات دارويي,فروش  متوسط,0,0,تحرک_مثبت,0,3,74,144,10688,103,351,36198,-207,-25510,-2.0,1405-06-04,12:21:34,22,57,7,33,-35,0.3793103448275862,0.20588235294117646,0.0,1.2608695652173914,2.8448275862068964,0,3,-3,0.2999999999999998,ﯽﺜﻨﺧ
61102694810476197,شپارس,3,1,1,0,0,0,2240,2.99,2.99,صف خرید,0,0,86,31.54,1393, حجم کم,6 %,7 % ,87 % ,56 % ,127415898,44,416438,محصولات شيميايي,فروش  قوی rsi,0,0,تحرک_مثبت,0,2,8,202,1622,1,112,112,90,1510,1.0,1405-06-04,11:32:21,3,1,1,0,2,1.5,1.0,0.0,1.0,0.5,1,3,-3,0.7999999999999997,ﺪﯾﺮﺧ ﻒﯿﻌﺿ ﻝﺎﻨﮕﯿﺳ
47841327496247362,واعتبار,4,6,4,5,2,0,3133,2.99,2.5,صف خرید,0,0,83,2.53,-1236,حجم متوسط1.69برابر,169 %,48 % ,108 % ,136 % ,9608093,56,223642,سرمايه گذاريها,فروش  متوسط,0,0,تحرک_مثبت,0,3,4,779,3118,7,334,2343,445,775,2.0,1405-06-04,11:03:34,4,6,4,5,-2,0.5714285714285714,0.6666666666666666,2.0,3.6,1.5714285714285714,0,0,-3,-0.5000000000000001,ﺵﻭﺮﻓ ﻝﺎﻨﮕﯿﺳ
54482686501491508,زبينا,14,20,7,12,0,0,14120,2.47,2.39,مثبت,0,0,71,0.89,-1185, حجم کم,54 %,61 % ,58 % ,46 % ,16684039,1,35200,زراعت و خدمات وابسته,فروش  متوسط,0,0,تحرک_مثبت,0,4,17,211,3597,22,235,5188,-24,-1591,-3.0,1405-06-04,12:17:54,14,20,7,12,-6,0.6666666666666666,0.5384615384615384,0.0,1.4,1.5238095238095237,0,0,-3,-0.6000000000000001,ﺵﻭﺮﻓ ﻝﺎﻨﮕﯿﺳ
52232388263291380,واميد,66,89,29,38,8,7,5790,2.84,1.07,صف خرید,0,0,69,0.83,-18018,حجم زیاد3.39برابر,339 %,24 % ,36 % ,82 % ,84259832,39,17871,شركتهاي چند رشته اي صنعتي,فروش  ضعیف,0,0,تحرک_مثبت,1,1,348,188,65435,398,223,89141,-35,-23706,1.5,1405-06-04,12:29:41,66,89,29,38,-23,0.7333333333333333,0.7435897435897436,1.0,2.014925373134328,1.8,0,0,-1,-0.2,ﺵﻭﺮﻓ ﻝﺎﻨﮕﯿﺳ
45895339414786358,خرينگ,14,24,6,5,2,0,15260,2.83,2.22,مثبت,0,0,76,0.9,-3612,حجم متوسط1.06برابر,106 %,76 % ,129 % ,206 % ,7464411,34,214831,خودرو و ساخت قطعات,فروش  ضعیف,0,0,تحرک_مثبت,0,3,14,292,4091,39,160,6242,132,-2151,-4.5,1405-06-04,12:30:52,14,24,6,5,-10,0.56,1.0,2.0,2.0,1.16,0,0,-3,-0.6000000000000001,ﺵﻭﺮﻓ ﻝﺎﻨﮕﯿﺳ
42075223783409640,خاذين,8,4,5,1,0,0,2742,2.97,2.93,صف خرید,0,0,84,3.18,1567,حجم متوسط1.24برابر,124 %,159 % ,127 % ,209 % ,14560597,34,214831,خودرو و ساخت قطعات,فروش  قوی rsi,0,0,تحرک_مثبت,0,2,10,250,2506,7,153,1071,97,1435,1.0,1405-06-04,10:05:41,8,4,5,1,4,1.6,2.5,0.0,1.4444444444444444,1.0,2,3,-3,1.2,ﺪﯾﺮﺧ ﻒﯿﻌﺿ ﻝﺎﻨﮕﯿﺳ
57722642338781674,پلاسك,2,1,1,0,1,0,5590,2.95,2.95,صف خرید,0,0,70,3.87,682, حجم کم,34 %,145 % ,136 % ,114 % ,8674280,25,35003,لاستيك و پلاستيك,فروش  متوسط rsi,0,0,تحرک_مثبت,0,3,2,347,694,2,195,391,152,303,6.0,1405-06-04,10:39:25,2,1,1,0,1,1.0,1.0,1.0,2.6666666666666665,0.5,1,2,-1,0.9,ﺪﯾﺮﺧ ﻒﯿﻌﺿ ﻝﺎﻨﮕﯿﺳ
26547785441834730,زشريف,14,8,12,5,6,2,18510,2.95,2.95,صف خرید,0,0,72,4.07,3720, حجم کم,76 %,78 % ,110 % ,156 % ,7640557,1,35200,زراعت و خدمات وابسته,فروش  متوسط rsi,0,0,تحرک_مثبت,3,0,19,460,8741,11,402,4422,58,4319,2.0,1405-06-04,12:29:43,14,8,12,5,6,1.5555555555555556,2.0,2.0,3.7333333333333334,2.5555555555555554,3,3,-3,1.6,ﺪﯾﺮﺧ ﻝﺎﻨﮕﯿﺳ
11560002870991149,وپسا,3,4,1,3,0,1,2485,2.98,2.98,صف خرید,0,0,80,2.36,0,حجم متوسط1.19برابر,119 %,15 % ,0 % ,0 % ,7858521,45,-108,پيمانكاري صنعتي,فروش  متوسط,0,0,تحرک_مثبت,0,1,13,162,2106,7,296,2076,-134,30,2.0,1405-06-04,12:30:54,3,4,1,3,-1,0.6,0.25,0.0,1.0,2.4,0,0,-3,-0.5000000000000001,ﺵﻭﺮﻓ ﻝﺎﻨﮕﯿﺳ
65122215875355555,شفن,47,29,26,10,7,2,5970,2.93,2.07,صف خرید,0,0,77,2.45,22027,حجم متوسط1.97برابر,197 %,200 % ,160 % ,160 % ,39544585,44,416438,محصولات شيميايي,فروش  متوسط rsi,0,0,تحرک_مثبت,0,1,86,419,36064,46,196,9056,223,27008,2.0,1405-06-04,12:30:52,47,29,26,10,18,1.5666666666666667,2.3636363636363638,2.3333333333333335,2.25,1.6333333333333333,3,3,-3,1.6,ﺪﯾﺮﺧ ﻝﺎﻨﮕﯿﺳ
15962072736526551,كاريز,0,0,0,0,0,0,17050,0.0,0.0,صفر تابلو,0,0,89,0.0,0,0,0,120 % ,123 % ,151 % ,2017546,66,66233,بيمه وصندوق بازنشستگي به جزتامين اجتماعي,0,0,0,تحرک_ثابت,0,0,0,0,0,0,0,0,0,0,-3.0,1405-06-04,8:48:43,0,0,0,0,0,0.0,0.0,0.0,0.0,0.0,0,0,-3,-0.6000000000000001,ﺵﻭﺮﻓ ﻝﺎﻨﮕﯿﺳ
49188729526980541,شسپا,33,30,9,13,1,4,18830,2.95,2.9,صف خرید,0,0,68,1.58,4925, حجم کم,32 %,46 % ,77 % ,52 % ,95948547,23,681694,فراورده هاي نفتي، كك و سوخت هسته اي,خرید  ضعیف,0,0,تحرک_مثبت,1,2,142,166,23600,65,205,13361,-39,10239,7.5,1405-06-04,12:20:51,33,30,9,13,3,1.064516129032258,0.6428571428571429,0.2,1.3823529411764706,2.032258064516129,2,3,-1,1.6,ﺪﯾﺮﺧ ﻝﺎﻨﮕﯿﺳ
8915450910866216,دزهراوي,20,26,7,9,2,1,4620,2.9,2.9,صف خرید,0,0,76,1.03,-5095, حجم کم,46 %,148 % ,113 % ,181 % ,111755247,43,-98707,مواد و محصولات دارويي,فروش  متوسط,0,0,تحرک_مثبت,0,4,39,182,7106,56,182,10236,0,-3130,-1.0,1405-06-04,12:12:39,20,26,7,9,-6,0.7407407407407407,0.7,1.0,1.7619047619047619,1.4814814814814814,0,0,-3,-0.5000000000000001,ﺵﻭﺮﻓ ﻝﺎﻨﮕﯿﺳ
45519261544951819,سپيد,21,37,12,13,5,4,45890,2.98,2.92,صف خرید,0,0,91,1.34,4204, حجم کم,40 %,86 % ,94 % ,203 % ,53078484,1,35200,زراعت و خدمات وابسته,فروش  متوسط,0,0,تحرک_مثبت,0,4,116,265,30850,165,174,28818,91,2032,2.0,1405-06-04,12:30:53,21,37,12,13,-16,0.5526315789473685,0.8571428571428571,1.0,2.6363636363636362,1.8421052631578947,0,3,-3,0.3999999999999998,ﯽﺜﻨﺧ
8234855558996646,غدانه,70,154,14,72,2,18,18070,0.84,-0.5,مثبت,0,0,64,0.56,-14036,حجم زیاد2.2برابر,220 %,17 % ,12 % ,107 % ,40683956,42,110444,محصولات غذايي و آشاميدني به جز قند و شكر,فروش  ضعیف,0,0,تحرک_مثبت,0,4,322,167,53872,683,183,125456,-16,-71584,1.5,1405-06-04,12:30:56,70,154,14,72,-84,0.45161290322580644,0.1917808219178082,0.10526315789473684,1.323943661971831,2.0387096774193547,0,0,-1,-0.2,ﺵﻭﺮﻓ ﻝﺎﻨﮕﯿﺳ
7457232989848872,خمحور,6,7,1,2,1,0,5110,2.82,2.82,صف خرید,0,0,67,1.43,0, حجم کم,50 %,70 % ,59 % ,97 % ,18568893,34,214831,خودرو و ساخت قطعات,خرید  متوسط,0,0,تحرک_مثبت,3,1,7,313,2194,7,165,1157,148,1037,8.0,1405-06-04,11:58:26,6,7,1,2,-1,0.75,0.3333333333333333,1.0,1.7142857142857142,1.125,0,0,-1,-0.1,ﺵﻭﺮﻓ ﻝﺎﻨﮕﯿﺳ
66424163876658304,ودانا,1,2,1,0,0,0,4330,1.88,1.88,صف خرید,0,0,63,1.55,190,حجم متوسط1.43برابر,143 %,19 % ,0 % ,93 % ,1968469,56,223642,سرمايه گذاريها,خرید  متوسط,0,0,تحرک_مثبت,1,1,1,354,354,2,175,350,179,4,8.0,1405-06-04,9:51:45,1,2,1,0,-1,0.3333333333333333,1.0,0.0,1.0,0.6666666666666666,0,1,-1,0.19999999999999998,ﯽﺜﻨﺧ
58482817740704549,خكرمان,23,27,10,10,1,1,9990,2.99,1.86,صف خرید,0,0,83,1.37,-4835,حجم متوسط1.66برابر,166 %,194 % ,254 % ,472 % ,13061858,34,214831,خودرو و ساخت قطعات,فروش  ضعیف,0,0,تحرک_مثبت,0,3,43,192,8293,44,189,8320,3,-27,0.5,1405-06-04,12:29:47,23,27,10,10,-4,0.8214285714285714,0.9090909090909091,0.5,1.5833333333333333,1.5,0,0,-3,-0.5000000000000001,ﺵﻭﺮﻓ ﻝﺎﻨﮕﯿﺳ
70391097626818082,گشان,6,12,6,3,4,0,29900,3.0,2.86,صف خرید,0,0,77,4.24,-754,حجم متوسط1.33برابر,133 %,206 % ,155 % ,287 % ,2960889,55,6675,هتل و رستوران,فروش  ضعیف,0,0,تحرک_مثبت,0,4,7,1090,7630,20,152,3054,938,4576,2.5,1405-06-04,12:04:57,6,12,6,3,-6,0.46153846153846156,1.5,4.0,4.571428571428571,1.1538461538461537,0,0,-3,-0.5000000000000001,ﺵﻭﺮﻓ ﻝﺎﻨﮕﯿﺳ
14617104402836487,سيلام,6,8,2,1,0,0,22700,2.99,2.99,صف خرید,0,0,84,2.88,1362,حجم متوسط1.03برابر,103 %,56 % ,72 % ,36 % ,2534588,53,-4902,سيمان، آهك و گچ,فروش  ضعیف,0,0,تحرک_مثبت,0,2,22,151,3323,13,150,1960,1,1363,2.5,1405-06-04,12:29:18,6,8,2,1,-2,0.6666666666666666,1.0,0.0,1.1428571428571428,1.0,0,3,-3,0.3999999999999998,ﯽﺜﻨﺧ
66456062140680461,ثامان,68,64,40,37,13,13,38460,3.0,2.97,صف خرید,0,0,75,1.52,1181,حجم متوسط0.9برابر,90 %,113 % ,116 % ,90 % ,11749498,70,48213,انبوه سازي، املاك و مستغلات,فروش  متوسط rsi,0,0,تحرک_مثبت,0,3,129,277,35760,100,281,28135,-4,7625,2.0,1405-06-04,12:27:06,68,64,40,37,4,1.0461538461538462,1.0526315789473684,0.9285714285714286,2.5072463768115942,2.5538461538461537,2,3,-3,1.2,ﺪﯾﺮﺧ ﻒﯿﻌﺿ ﻝﺎﻨﮕﯿﺳ
6433335428452486,خعمرا,2,1,0,0,0,0,5870,2.98,2.98,صف خرید,0,0,79,1.38,0,حجم متوسط1.52برابر,152 %,239 % ,90 % ,195 % ,1024471,34,214831,خودرو و ساخت قطعات,فروش  متوسط rsi,0,0,تحرک_مثبت,0,1,2,175,350,2,150,301,25,49,2.0,1405-06-04,12:02:19,2,1,0,0,1,1.0,0.0,0.0,0.6666666666666666,0.5,1,0,-3,-0.10000000000000006,ﺵﻭﺮﻓ ﻝﺎﻨﮕﯿﺳ
44846320603450383,فروسيل,3,1,1,0,0,0,11910,2.94,2.94,صف خرید,0,0,71,6.13,1171, حجم کم,29 %,74 % ,46 % ,55 % ,4368755,27,512358,فلزات اساسي,فروش  متوسط rsi,0,0,تحرک_مثبت,1,2,3,149,447,1,119,119,30,328,2.0,1405-06-04,12:12:34,3,1,1,0,2,1.5,1.0,0.0,1.0,0.5,1,3,-3,0.7999999999999997,ﺪﯾﺮﺧ ﻒﯿﻌﺿ ﻝﺎﻨﮕﯿﺳ
49632601495766480,كروميت,7,7,1,3,0,0,4370,2.82,2.82,صف خرید,0,0,64,3.8,393,حجم متوسط0.91برابر,91 %,85 % ,160 % ,112 % ,19116818,13,243886,استخراج كانه هاي فلزي,خنثی,0,0,تحرک_مثبت,1,1,12,154,1855,10,257,2571,-103,-716,5.0,1405-06-04,11:59:48,7,7,1,3,0,0.875,0.25,0.0,1.0,1.25,0,1,-1,0.19999999999999998,ﯽﺜﻨﺧ
12303918642491681,زنجان,0,1,0,0,0,0,1804,1.98,1.98,صف خرید,0,0,80,5.57,-498,حجم متوسط1.49برابر,149 %,33 % ,65 % ,88 % ,2120021,44,416438,محصولات شيميايي,فروش  ضعیف,0,0,تحرک_مثبت,0,2,0,0,0,1,135,135,-135,-135,0.5,1405-06-04,9:35:56,0,1,0,0,-1,0.0,0.0,0.0,0.0,0.5,0,0,-3,-0.5000000000000001,ﺵﻭﺮﻓ ﻝﺎﻨﮕﯿﺳ
51459202425114449,تابا,19,20,12,12,4,5,33490,-2.98,-2.11,صف فروش,0,0,48,0.59,-127,حجم مشکوک5.73برابر,573 %,203 % ,269 % ,314 % ,567442,74,37765,خدمات فني و مهندسي,فروش  ضعیف,0,0,تحرک_منفی,1,1,22,303,6669,25,371,9297,-68,-2628,-3.0,1405-06-04,12:31:16,19,20,12,12,-1,0.9047619047619048,0.9230769230769231,0.6666666666666666,2.55,2.7142857142857144,0,0,0,0.0,ﯽﺜﻨﺧ
2400322364771558,شستا,33,37,18,8,6,0,2946,2.97,2.97,صف خرید,0,0,73,3.21,-33947, حجم کم,38 %,59 % ,128 % ,141 % ,2018283536,39,17871,شركتهاي چند رشته اي صنعتي,فروش  ضعیف,0,0,تحرک_مثبت,0,3,264,235,62147,391,155,60839,80,1308,2.5,1405-06-04,12:26:42,33,37,18,8,-4,0.868421052631579,2.0,6.0,2.3823529411764706,1.1842105263157894,0,0,-3,-0.5000000000000001,ﺵﻭﺮﻓ ﻝﺎﻨﮕﯿﺳ
12638840758449459,پخش,82,129,31,64,6,13,14040,2.86,1.17,مثبت,0,0,71,0.49,-46815,حجم متوسط1.49برابر,149 %,282 % ,542 % ,39 % ,65627333,43,-98707,مواد و محصولات دارويي,فروش  قوی,0,0,تحرک_مثبت,0,3,148,223,33113,373,239,89518,-16,-56405,-4.0,1405-06-04,12:30:57,82,129,31,64,-47,0.6307692307692307,0.47692307692307695,0.42857142857142855,1.7228915662650603,1.9846153846153847,0,0,-3,-0.6000000000000001,ﺵﻭﺮﻓ ﻝﺎﻨﮕﯿﺳ
60887982279284651,ثجنوب,15,20,7,8,2,2,18030,1.01,1.4,مثبت,0,0,62,0.89,-2104, حجم کم,65 %,66 % ,78 % ,94 % ,12191912,70,48213,انبوه سازي، املاك و مستغلات,فروش  ضعیف,0,0,تحرک_منفی,1,3,22,259,5699,27,244,6593,15,-894,0.5,1405-06-04,12:30:33,15,20,7,8,-5,0.7142857142857143,0.7777777777777778,0.6666666666666666,2.0,1.8095238095238095,0,0,-1,-0.2,ﺵﻭﺮﻓ ﻝﺎﻨﮕﯿﺳ
47973532381204870,بيوتيك,4,3,2,2,1,0,31030,2.99,2.99,صف خرید,0,0,94,38.27,2318, حجم کم,38 %,1213 % ,326 % ,60 % ,3085345,43,-98707,مواد و محصولات دارويي,فروش  قوی rsi,0,0,تحرک_مثبت,0,2,13,273,3549,3,237,711,36,2838,1.0,1405-06-04,11:14:23,4,3,2,2,1,1.0,0.6666666666666666,1.0,2.2,1.25,1,3,-3,0.7999999999999997,ﺪﯾﺮﺧ ﻒﯿﻌﺿ ﻝﺎﻨﮕﯿﺳ
50011948410571353,ولتجار,1,1,1,0,0,0,3226,2.97,2.97,صف خرید,0,0,75,20.53,161, حجم کم,14 %,18 % ,36 % ,59 % ,11910442,58,7845,ساير واسطه گريهاي مالي,فروش  متوسط rsi,0,0,تحرک_مثبت,0,0,1,337,337,1,128,128,209,209,2.0,1405-06-04,9:43:10,1,1,1,0,0,0.5,1.0,0.0,1.0,0.5,0,1,-3,-0.2000000000000001,ﺵﻭﺮﻓ ﻝﺎﻨﮕﯿﺳ
31959715133485440,ولقمان,1,1,0,1,0,0,3121,-0.35,0.29,منفی,0,0,86,1.45,-48,حجم متوسط1.49برابر,149 %,78 % ,148 % ,74 % ,773778,56,223642,سرمايه گذاريها,فروش  متوسط,0,0,تحرک_منفی,0,1,1,104,104,1,206,206,-102,-102,-3.0,1405-06-04,12:30:49,1,1,0,1,0,0.5,0.0,0.0,0.5,1.0,0,0,-3,-0.5000000000000001,ﺵﻭﺮﻓ ﻝﺎﻨﮕﯿﺳ
51294484197536070,غشوكو,6,14,0,2,0,0,12740,2.91,2.26,مثبت,0,0,69,0.72,-1096, حجم کم,65 %,29 % ,12 % ,45 % ,8648355,42,110444,محصولات غذايي و آشاميدني به جز قند و شكر,فروش  ضعیف,0,0,تحرک_مثبت,0,2,6,124,744,35,123,4339,1,-3595,1.5,1405-06-04,12:30:30,6,14,0,2,-8,0.4,0.0,0.0,0.8571428571428571,1.0666666666666667,0,0,-1,-0.2,ﺵﻭﺮﻓ ﻝﺎﻨﮕﯿﺳ
48780480822364410,بپرديس,0,0,0,0,0,0,2728,2.98,0.0,صف خرید,0,0,82,2.0,0, حجم کم,4 %,269 % ,241 % ,965 % ,103708,66,66233,بيمه وصندوق بازنشستگي به جزتامين اجتماعي,فروش  قوی rsi,0,0,تحرک_مثبت,0,1,0,0,0,0,0,0,0,0,0.0,1405-06-04,8:48:46,0,0,0,0,0,0.0,0.0,0.0,0.0,0.0,0,0,-3,-0.5000000000000001,ﺵﻭﺮﻓ ﻝﺎﻨﮕﯿﺳ
71856634742001725,سپ,1,1,0,0,0,0,14070,2.85,1.9,مثبت,0,0,79,1.4,-36, حجم کم,57 %,271 % ,135 % ,292 % ,657072,72,-31944,رايانه و فعاليت‌هاي وابسته به آن,فروش  متوسط rsi,0,0,تحرک_مثبت,0,2,1,123,123,1,123,123,0,0,0.0,1405-06-04,9:55:48,1,1,0,0,0,0.5,0.0,0.0,0.5,0.5,0,0,-3,-0.5000000000000001,ﺵﻭﺮﻓ ﻝﺎﻨﮕﯿﺳ
20966291817819448,فسديد,0,0,0,0,0,0,90660,1.99,1.99,صف خرید,0,0,67,3.67,0, حجم کم,12 %,22 % ,19 % ,11 % ,170846,27,512358,فلزات اساسي,خنثی,0,0,تحرک_مثبت,0,2,0,0,0,0,0,0,0,0,6.0,1405-06-04,8:48:46,0,0,0,0,0,0.0,0.0,0.0,0.0,0.0,0,0,-1,-0.1,ﺵﻭﺮﻓ ﻝﺎﻨﮕﯿﺳ
67988012428906654,دارو,63,120,16,33,4,4,8670,0.58,-0.12,مثبت,0,0,76,0.64,2811,حجم متوسط0.91برابر,91 %,88 % ,117 % ,153 % ,175510694,43,-98707,مواد و محصولات دارويي,فروش  متوسط,0,0,تحرک_مثبت,0,4,233,155,36217,407,168,68771,-13,-32554,-3.0,1405-06-04,12:30:51,63,120,16,33,-57,0.5206611570247934,0.47058823529411764,0.8,1.546875,1.4297520661157024,0,3,-3,0.2999999999999998,ﯽﺜﻨﺧ
7745894403636165,شپنا,106,30,59,17,34,4,12200,2.95,2.95,صف خرید,0,0,68,6.43,335093, حجم کم,44 %,61 % ,89 % ,75 % ,841394147,23,681694,فراورده هاي نفتي، كك و سوخت هسته اي,خرید  متوسط,0,0,تحرک_مثبت,3,1,1571,250,394089,81,258,20949,-8,373140,8.0,1405-06-04,12:30:28,106,30,59,17,76,3.4193548387096775,3.2777777777777777,6.8,3.130841121495327,2.161290322580645,3,3,-1,2.0,ﺪﯾﺮﺧ ﻝﺎﻨﮕﯿﺳ
9141577977527107,وايرا,3,0,0,0,0,0,3170,2.92,2.6,صف خرید,0,0,66,2.66,225, حجم کم,85 %,106 % ,66 % ,190 % ,6128279,56,223642,سرمايه گذاريها,خرید  ضعیف,0,0,تحرک_مثبت,2,1,4,112,450,0,0,0,112,450,7.5,1405-06-04,11:32:03,3,0,0,0,3,3.0,0.0,0.0,0.75,0.0,2,1,-1,1.0000000000000002,ﺪﯾﺮﺧ ﻒﯿﻌﺿ ﻝﺎﻨﮕﯿﺳ
65883838195688438,خودرو,181,155,111,80,38,19,716,2.87,2.73,صف خرید,0,0,79,1.18,117568,حجم متوسط1.15برابر,115 %,121 % ,218 % ,182 % ,7438994758,34,214831,خودرو و ساخت قطعات,فروش  متوسط rsi,0,0,تحرک_مثبت,0,2,1852,253,468869,1485,246,366396,7,102473,1.0,1405-06-04,12:29:40,181,155,111,80,26,1.1602564102564104,1.3703703703703705,1.9,2.6483516483516483,2.1153846153846154,3,3,-3,1.6,ﺪﯾﺮﺧ ﻝﺎﻨﮕﯿﺳ
59217041815333317,خكار,31,45,10,21,0,6,1883,0.91,1.66,مثبت,0,0,73,0.74,-1751,حجم متوسط1.19برابر,119 %,104 % ,128 % ,202 % ,97732249,34,214831,خودرو و ساخت قطعات,فروش  قوی,0,0,تحرک_منفی,0,3,64,169,10824,59,251,14849,-82,-4025,-6.0,1405-06-04,12:30:52,31,45,10,21,-14,0.6739130434782609,0.45454545454545453,0.0,1.28125,2.0869565217391304,0,0,-3,-0.6000000000000001,ﺵﻭﺮﻓ ﻝﺎﻨﮕﯿﺳ
44604318643489231,بيدار,13,14,12,8,6,4,49137,4.0,4.0,صف خرید,0,0,84,8.89,988, حجم کم,6 %,55 % ,161 % ,228 % ,72029044,68,48213,صندوق های اهرمی,فروش  ضعیف,0,0,تحرک_مثبت,0,4,30,460,13806,21,368,7733,92,6073,2.5,1405-06-04,11:50:59,13,14,12,8,-1,0.8666666666666667,1.3333333333333333,1.2,3.9285714285714284,2.8,0,2,-3,0.0999999999999999,ﯽﺜﻨﺧ
22275596386264204,كوثر,12,0,4,0,1,0,1764,2.98,2.98,صف خرید,0,0,75,9.25,3776, حجم کم,40 %,169 % ,210 % ,156 % ,80060692,66,66233,بيمه وصندوق بازنشستگي به جزتامين اجتماعي,فروش  متوسط rsi,0,0,تحرک_مثبت,0,2,24,164,3943,0,0,0,164,3943,2.0,1405-06-04,10:56:06,12,0,4,0,12,12.0,4.0,1.0,1.6153846153846154,0.0,3,3,-3,1.6,ﺪﯾﺮﺧ ﻝﺎﻨﮕﯿﺳ
60350996279289099,كاوه,39,43,12,20,1,4,5940,2.95,2.77,صف خرید,0,0,68,1.01,9011,حجم متوسط0.99برابر,99 %,117 % ,90 % ,99 % ,79708143,27,512358,فلزات اساسي,فروش  ضعیف,0,0,تحرک_مثبت,2,1,84,204,17198,61,221,13499,-17,3699,5.5,1405-06-04,12:17:50,39,43,12,20,-4,0.8863636363636364,0.5714285714285714,0.2,1.4,1.8863636363636365,0,3,-1,0.7999999999999999,ﺪﯾﺮﺧ ﻒﯿﻌﺿ ﻝﺎﻨﮕﯿﺳ
37842793167868642,غويتا,12,5,4,2,0,2,5450,2.83,2.83,صف خرید,0,0,64,8.55,8012, حجم کم,31 %,36 % ,119 % ,65 % ,70807762,42,110444,محصولات غذايي و آشاميدني به جز قند و شكر,خرید  متوسط,0,0,تحرک_مثبت,2,2,53,214,11348,7,379,2653,-165,8695,8.0,1405-06-04,11:39:58,12,5,4,2,7,2.0,1.3333333333333333,0.0,1.2307692307692308,2.8333333333333335,3,3,-1,2.0,ﺪﯾﺮﺧ ﻝﺎﻨﮕﯿﺳ
66315581735594751,توسن,28,39,10,13,0,4,10760,2.97,2.49,صف خرید,0,0,75,1.26,-3172, حجم کم,42 %,80 % ,117 % ,36 % ,74836952,72,-31944,رايانه و فعاليت‌هاي وابسته به آن,فروش  متوسط,0,0,تحرک_مثبت,0,4,63,229,14431,101,220,22290,9,-7859,0.0,1405-06-04,12:26:46,28,39,10,13,-11,0.7,0.7142857142857143,0.0,1.3103448275862069,1.8,0,0,-3,-0.5000000000000001,ﺵﻭﺮﻓ ﻝﺎﻨﮕﯿﺳ
12490072956930435,مديريت,4,1,1,1,0,0,4570,2.7,2.25,مثبت,0,0,75,6.93,136, حجم کم,85 %,26 % ,130 % ,47 % ,3292998,56,223642,سرمايه گذاريها,فروش  متوسط rsi,0,0,تحرک_مثبت,1,1,4,154,619,1,243,243,-89,376,1.0,1405-06-04,12:10:06,4,1,1,1,3,2.0,0.5,0.0,1.0,1.0,2,1,-3,0.6,ﺪﯾﺮﺧ ﻒﯿﻌﺿ ﻝﺎﻨﮕﯿﺳ
34721884030854211,سفاسي,3,5,0,1,0,0,4370,2.58,2.58,مثبت,0,0,78,0.71,0,حجم متوسط1.6برابر,160 %,64 % ,325 % ,212 % ,2707388,54,58599,ساير محصولات كاني غيرفلزي,فروش  متوسط,0,0,تحرک_مثبت,0,3,5,124,620,5,174,873,-50,-253,-2.0,1405-06-04,12:01:38,3,5,0,1,-2,0.5,0.0,0.0,0.75,1.0,0,0,-3,-0.6000000000000001,ﺵﻭﺮﻓ ﻝﺎﻨﮕﯿﺳ
49641108336531623,انرژي,26,4,18,1,1,0,25330,2.97,2.97,صف خرید,0,0,86,16.07,43396, حجم کم,64 %,64 % ,42 % ,85 % ,30384507,67,104413,فعاليتهاي كمكي به نهادهاي مالي واسط,فروش  قوی rsi,0,0,تحرک_مثبت,0,0,197,243,47930,6,139,837,104,47093,1.0,1405-06-04,12:24:53,26,4,18,1,22,5.2,9.0,1.0,1.8148148148148149,1.0,3,3,-3,1.6,ﺪﯾﺮﺧ ﻝﺎﻨﮕﯿﺳ
11427387039523955,شفام,1,2,1,2,0,0,2509,3.0,3.0,صف خرید,0,0,62,9.03,201, حجم کم,35 %,29 % ,146 % ,90 % ,17852383,44,416438,محصولات شيميايي,فروش  ضعیف,0,0,تحرک_مثبت,0,3,2,315,630,3,312,936,3,-306,4.5,1405-06-04,12:27:45,1,2,1,2,-1,0.3333333333333333,0.3333333333333333,0.0,1.0,1.3333333333333333,0,1,-1,0.19999999999999998,ﯽﺜﻨﺧ
47302318535715632,ونوين,40,20,30,6,14,1,3560,2.89,2.89,صف خرید,0,0,68,12.68,40459, حجم کم,38 %,105 % ,75 % ,67 % ,624412249,57,551430,بانكها و موسسات اعتباري,خرید  متوسط,0,0,تحرک_مثبت,2,2,118,445,52524,34,194,6613,251,45911,8.0,1405-06-04,12:25:35,40,20,30,6,20,1.9047619047619047,4.285714285714286,7.0,3.4146341463414633,1.4761904761904763,3,3,-1,2.0,ﺪﯾﺮﺧ ﻝﺎﻨﮕﯿﺳ
58108537439201620,دوايكس,94,122,43,62,9,16,26807,4.0,3.88,صف خرید,0,0,76,0.9,-25967, حجم کم,86 %,143 % ,186 % ,160 % ,121953147,68,48213,صندوق های اهرمی,فروش  قوی,0,0,تحرک_مثبت,0,4,1021,203,208078,1167,215,251254,-12,-43176,-2.0,1405-06-04,12:30:53,94,122,43,62,-28,0.7642276422764228,0.6825396825396826,0.5294117647058824,1.9157894736842105,2.1463414634146343,0,0,-3,-0.6000000000000001,ﺵﻭﺮﻓ ﻝﺎﻨﮕﯿﺳ
56574323121551263,شكبير,12,14,3,7,0,3,121700,2.96,2.96,صف خرید,0,0,73,0.8,2511,حجم متوسط1.81برابر,181 %,26 % ,104 % ,172 % ,425546,44,416438,محصولات شيميايي,فروش  متوسط,0,0,تحرک_مثبت,2,1,49,132,6488,15,299,4488,-167,2000,0.0,1405-06-04,11:12:38,12,14,3,7,-2,0.8,0.375,0.0,1.1538461538461537,2.4,0,3,-3,0.2999999999999998,ﯽﺜﻨﺧ
41529644566373651,هانيكو,9,1,1,1,0,0,8100,2.27,1.89,مثبت,0,0,62,5.19,-1069,حجم متوسط1.13برابر,113 %,275 % ,97 % ,95 % ,12613394,28,4088,ساخت محصولات فلزي,خرید  ضعیف,0,0,تحرک_مثبت,2,0,9,153,1382,2,248,497,-95,885,6.5,1405-06-04,12:30:32,9,1,1,1,8,4.5,0.5,0.0,1.0,1.0,3,0,-1,1.1000000000000003,ﺪﯾﺮﺧ ﻒﯿﻌﺿ ﻝﺎﻨﮕﯿﺳ
33441514568901717,ميدكو,40,22,38,16,17,5,7370,2.93,2.93,صف خرید,0,0,74,1.07,258834,حجم زیاد4.71برابر,471 %,1326 % ,41 % ,216 % ,96002350,27,512358,فلزات اساسي,فروش  متوسط rsi,0,0,تحرک_مثبت,1,1,845,351,296671,53,721,38225,-370,258446,1.0,1405-06-04,12:23:24,40,22,38,16,18,1.7391304347826086,2.235294117647059,2.8333333333333335,3.975609756097561,2.739130434782609,3,3,-3,1.6,ﺪﯾﺮﺧ ﻝﺎﻨﮕﯿﺳ
33541897671561960,واتي,38,64,16,32,3,3,7830,1.03,1.81,مثبت,0,0,87,0.65,-2463,حجم متوسط0.93برابر,93 %,112 % ,174 % ,208 % ,42563608,56,223642,سرمايه گذاريها,فروش  متوسط,0,0,تحرک_منفی,0,4,86,187,16096,101,230,23297,-43,-7201,-5.0,1405-06-04,12:30:56,38,64,16,32,-26,0.5846153846153846,0.48484848484848486,0.75,1.7692307692307692,1.7076923076923076,0,0,-3,-0.6000000000000001,ﺵﻭﺮﻓ ﻝﺎﻨﮕﯿﺳ
48511238766369097,دانا,5,3,1,1,0,0,2373,2.99,2.69,صف خرید,0,0,70,2.65,1251,حجم متوسط0.91برابر,91 %,217 % ,85 % ,99 % ,21261171,66,66233,بيمه وصندوق بازنشستگي به جزتامين اجتماعي,فروش  متوسط rsi,0,0,تحرک_مثبت,1,2,6,189,1135,3,211,633,-22,502,6.0,1405-06-04,11:50:58,5,3,1,1,2,1.25,0.5,0.0,1.0,1.0,1,3,-1,1.2,ﺪﯾﺮﺧ ﻒﯿﻌﺿ ﻝﺎﻨﮕﯿﺳ
26259366519412975,زشگزا,19,22,9,7,1,0,32440,2.98,2.79,صف خرید,0,0,62,1.12,-252, حجم کم,50 %,58 % ,63 % ,41 % ,9276880,1,35200,زراعت و خدمات وابسته,خرید  متوسط,0,0,تحرک_مثبت,1,3,26,228,5940,33,177,5848,51,92,7.0,1405-06-04,12:11:50,19,22,9,7,-3,0.8260869565217391,1.125,1.0,1.65,1.2608695652173914,0,0,-1,-0.1,ﺵﻭﺮﻓ ﻝﺎﻨﮕﯿﺳ
29860265627578401,ما,7,1,3,0,1,0,3580,2.87,2.87,صف خرید,0,0,80,16.67,5607,حجم زیاد2.85برابر,285 %,240 % ,73 % ,88 % ,7216133,66,66233,بيمه وصندوق بازنشستگي به جزتامين اجتماعي,فروش  قوی rsi,0,0,تحرک_مثبت,0,0,25,234,5858,1,107,107,127,5751,1.0,1405-06-04,11:40:37,7,1,3,0,6,3.5,3.0,1.0,1.875,0.5,3,3,-3,1.6,ﺪﯾﺮﺧ ﻝﺎﻨﮕﯿﺳ
23086515493897579,ولغدر,1,0,0,0,0,0,3170,2.92,2.92,صف خرید,0,0,82,8.33,32, حجم کم,12 %,64 % ,234 % ,186 % ,13148920,58,7845,ساير واسطه گريهاي مالي,فروش  قوی rsi,0,0,تحرک_مثبت,0,1,1,113,113,0,0,0,113,113,1.0,1405-06-04,9:10:47,1,0,0,0,1,1.0,0.0,0.0,0.5,0.0,1,1,-3,0.19999999999999987,ﯽﺜﻨﺧ
3623921205367364,كدما,16,18,6,7,1,0,88260,3.0,2.98,صف خرید,0,0,69,1.73,265, حجم کم,69 %,74 % ,232 % ,115 % ,1986128,13,243886,استخراج كانه هاي فلزي,خرید  متوسط,0,0,تحرک_مثبت,1,3,30,190,5706,29,163,4753,27,953,8.0,1405-06-04,11:55:10,16,18,6,7,-2,0.8421052631578947,0.75,1.0,1.588235294117647,1.3157894736842106,0,1,-1,0.19999999999999998,ﯽﺜﻨﺧ
22501232035732859,وثنو,6,5,3,4,0,2,5040,2.86,2.86,صف خرید,0,0,74,1.19,1462, حجم کم,54 %,69 % ,201 % ,20 % ,21332868,56,223642,سرمايه گذاريها,فروش  متوسط,0,0,تحرک_مثبت,1,1,31,158,4918,7,581,4069,-423,849,1.0,1405-06-04,11:06:43,6,5,3,4,1,1.0,0.6,0.0,1.2857142857142858,3.1666666666666665,1,3,-3,0.7999999999999997,ﺪﯾﺮﺧ ﻒﯿﻌﺿ ﻝﺎﻨﮕﯿﺳ
44549439964296944,كالا,67,109,25,55,7,18,9590,2.9,2.68,صف خرید,0,0,67,0.76,-29577, حجم کم,77 %,82 % ,84 % ,115 % ,165714719,67,104413,فعاليتهاي كمكي به نهادهاي مالي واسط,فروش  ضعیف,0,0,تحرک_مثبت,0,4,262,186,48798,290,242,70202,-56,-21404,2.5,1405-06-04,12:30:51,67,109,25,55,-42,0.6090909090909091,0.44642857142857145,0.3684210526315789,1.8676470588235294,2.309090909090909,0,0,-1,-0.2,ﺵﻭﺮﻓ ﻝﺎﻨﮕﯿﺳ
40262275031537922,دروز,16,12,7,4,1,1,19530,2.95,2.37,صف خرید,0,0,81,1.44,2931,حجم متوسط1.86برابر,186 %,168 % ,0 % ,0 % ,2470025,43,-98707,مواد و محصولات دارويي,فروش  قوی rsi,0,0,تحرک_مثبت,0,1,20,290,5816,14,189,2646,101,3170,1.0,1405-06-04,12:30:53,16,12,7,4,4,1.2307692307692308,1.4,0.5,1.6470588235294117,1.6153846153846154,2,3,-3,1.2,ﺪﯾﺮﺧ ﻒﯿﻌﺿ ﻝﺎﻨﮕﯿﺳ
64380036977879368,كولان,9,0,5,0,0,0,28360,2.35,2.45,مثبت,0,0,57,12.35,-1473,حجم متوسط1.3برابر,130 %,106 % ,56 % ,89 % ,3552479,21,29491,محصولات كاغذي,خرید  متوسط,0,0,تحرک_منفی,3,0,19,342,6505,0,0,0,342,6505,7.0,1405-06-04,12:07:28,9,0,5,0,9,9.0,5.0,0.0,1.4,0.0,3,0,-1,1.1000000000000003,ﺪﯾﺮﺧ ﻒﯿﻌﺿ ﻝﺎﻨﮕﯿﺳ
30974710508383145,شسينا,5,6,0,4,0,0,3790,2.99,2.99,صف خرید,0,0,72,1.11,-1071, حجم کم,62 %,71 % ,118 % ,104 % ,23243613,44,416438,محصولات شيميايي,فروش  متوسط,0,0,تحرک_مثبت,0,3,7,131,921,7,200,1400,-69,-479,-1.0,1405-06-04,11:36:22,5,6,0,4,-1,0.7142857142857143,0.0,0.0,0.8333333333333334,1.4285714285714286,0,0,-3,-0.5000000000000001,ﺵﻭﺮﻓ ﻝﺎﻨﮕﯿﺳ
40553302624764543,وكغدير,25,7,13,3,5,1,5290,2.92,2.92,صف خرید,0,0,91,7.24,13137, حجم کم,72 %,69 % ,136 % ,207 % ,99787802,39,17871,شركتهاي چند رشته اي صنعتي,فروش  قوی rsi,0,0,تحرک_مثبت,0,0,44,379,16691,15,235,3531,144,13160,1.0,1405-06-04,12:29:18,25,7,13,3,18,3.125,3.25,2.5,2.423076923076923,1.875,3,3,-3,1.6,ﺪﯾﺮﺧ ﻝﺎﻨﮕﯿﺳ
61664227282090067,سلار,0,1,0,0,0,0,3290,2.81,2.81,صف خرید,0,0,80,4.0,0, حجم کم,17 %,14 % ,163 % ,257 % ,6470520,53,-4902,سيمان، آهك و گچ,فروش  ضعیف,0,0,تحرک_مثبت,0,2,0,0,0,1,160,160,-160,-160,0.5,1405-06-04,11:39:55,0,1,0,0,-1,0.0,0.0,0.0,0.0,0.5,0,0,-3,-0.5000000000000001,ﺵﻭﺮﻓ ﻝﺎﻨﮕﯿﺳ
44967158778304588,قثابت,14,15,6,8,0,1,4130,2.99,2.99,صف خرید,0,0,60,1.47,186,حجم متوسط1.01برابر,101 %,236 % ,77 % ,164 % ,32105468,38,15187,قند و شكر,فروش  ضعیف,0,0,تحرک_مثبت,0,3,36,190,6852,21,280,5884,-90,968,6.5,1405-06-04,11:45:13,14,15,6,8,-1,0.875,0.6666666666666666,0.0,1.3333333333333333,1.75,0,1,-1,0.19999999999999998,ﯽﺜﻨﺧ
20411759370751096,كنور,11,11,5,3,2,0,5210,2.96,2.96,صف خرید,0,0,85,1.89,6595, حجم کم,63 %,55 % ,52 % ,145 % ,37853277,13,243886,استخراج كانه هاي فلزي,فروش  قوی rsi,0,0,تحرک_مثبت,0,1,27,313,8468,23,164,3793,149,4675,1.0,1405-06-04,12:30:51,11,11,5,3,0,0.9166666666666666,1.25,2.0,2.1666666666666665,1.1666666666666667,0,3,-3,0.3999999999999998,ﯽﺜﻨﺧ
16405556680571453,كخاك,14,15,4,7,2,1,48650,2.98,2.86,صف خرید,0,0,75,1.11,3331, حجم کم,76 %,33 % ,26 % ,50 % ,3932215,54,58599,ساير محصولات كاني غيرفلزي,فروش  متوسط,0,0,تحرک_مثبت,0,3,30,201,6049,17,263,4480,-62,1569,1.0,1405-06-04,12:23:27,14,15,4,7,-1,0.875,0.5,1.0,1.8666666666666667,1.6875,0,3,-3,0.3999999999999998,ﯽﺜﻨﺧ
19298748452450329,تايرا,23,11,9,4,0,0,3000,1.25,1.62,مثبت,0,0,75,1.39,3509, حجم کم,74 %,110 % ,82 % ,102 % ,58310365,29,64793,ماشين آلات و تجهيزات,فروش  متوسط rsi,0,0,تحرک_منفی,0,1,33,204,6761,24,146,3526,58,3235,1.0,1405-06-04,12:30:29,23,11,9,4,12,1.9166666666666667,1.8,0.0,1.3333333333333333,1.25,3,3,-3,1.6,ﺪﯾﺮﺧ ﻝﺎﻨﮕﯿﺳ
60289595205403229,بهير,0,0,0,0,0,0,3950,1.8,1.8,صف خرید,0,0,79,1.64,0, حجم کم,47 %,136 % ,92 % ,181 % ,1139303,56,223642,سرمايه گذاريها,فروش  متوسط rsi,0,0,تحرک_مثبت,0,2,0,0,0,0,0,0,0,0,1.0,1405-06-04,8:48:50,0,0,0,0,0,0.0,0.0,0.0,0.0,0.0,0,0,-3,-0.5000000000000001,ﺵﻭﺮﻓ ﻝﺎﻨﮕﯿﺳ
60654872678917533,سقاين,9,12,5,7,3,4,25450,2.99,2.95,صف خرید,0,0,71,1.66,503, حجم کم,65 %,78 % ,65 % ,173 % ,8038077,53,-4902,سيمان، آهك و گچ,فروش  متوسط,0,0,تحرک_مثبت,0,4,11,635,6989,15,363,5456,272,1533,2.0,1405-06-04,11:41:20,9,12,5,7,-3,0.6923076923076923,0.625,0.6,2.9,3.0,0,2,-3,0.0999999999999999,ﯽﺜﻨﺧ
4267564158935326,قيستو,2,3,1,0,0,0,39090,2.98,1.32,صف خرید,0,0,80,1.12,-128,حجم متوسط0.92برابر,92 %,220 % ,89 % ,134 % ,1293193,38,15187,قند و شكر,فروش  ضعیف,0,0,تحرک_مثبت,0,3,2,204,408,4,158,634,46,-226,-0.5,1405-06-04,12:22:43,2,3,1,0,-1,0.5,1.0,0.0,1.0,0.75,0,0,-3,-0.5000000000000001,ﺵﻭﺮﻓ ﻝﺎﻨﮕﯿﺳ
24253947487334809,معين,25,4,15,1,5,0,2387,2.98,2.85,صف خرید,0,5,67,25.65,29593,حجم مشکوک5.24برابر,524 %,100 % ,45 % ,72 % ,27318405,66,66233,بيمه وصندوق بازنشستگي به جزتامين اجتماعي,خرید  قوی,0,0,تحرک_مثبت,4,0,50,592,29637,4,153,613,439,29024,11.0,1405-06-04,12:05:18,25,4,15,1,21,5.0,7.5,5.0,2.5,1.0,3,3,-1,2.0,ﺪﯾﺮﺧ ﻝﺎﻨﮕﯿﺳ
64899658576570461,بانيان,29,7,16,2,4,1,19300,2.99,2.4,صف خرید,0,0,86,7.15,-10768,حجم زیاد3.04برابر,304 %,274 % ,350 % ,487 % ,5945072,31,32044,ماشين آلات و دستگاه‌هاي برقي,فروش  قوی rsi,0,0,تحرک_مثبت,0,0,54,220,11914,55,172,9473,48,2441,1.0,1405-06-04,12:23:23,29,7,16,2,22,3.625,5.333333333333333,2.0,2.1666666666666665,1.75,3,0,-3,0.7000000000000001,ﺪﯾﺮﺧ ﻒﯿﻌﺿ ﻝﺎﻨﮕﯿﺳ
778253364357513,وبملت,133,145,74,43,32,7,1489,2.97,2.9,صف خرید,0,0,76,1.26,199616,حجم متوسط0.95برابر,95 %,110 % ,110 % ,145 % ,8129595612,57,551430,بانكها و موسسات اعتباري,فروش  ضعیف,0,0,تحرک_مثبت,0,4,3027,225,683921,3335,151,504556,74,179365,2.5,1405-06-04,12:29:39,133,145,74,43,-12,0.910958904109589,1.6818181818181819,4.0,2.7388059701492535,1.5273972602739727,0,3,-3,0.3999999999999998,ﯽﺜﻨﺧ
18303237082155264,دفرا,9,12,2,4,1,0,55450,2.02,2.26,مثبت,0,0,71,0.66,-19, حجم کم,38 %,49 % ,185 % ,295 % ,2579032,43,-98707,مواد و محصولات دارويي,فروش  متوسط,0,0,تحرک_منفی,0,4,10,217,2176,15,191,2879,26,-703,-5.0,1405-06-04,12:25:39,9,12,2,4,-3,0.6923076923076923,0.4,1.0,1.6,1.2307692307692308,0,0,-3,-0.6000000000000001,ﺵﻭﺮﻓ ﻝﺎﻨﮕﯿﺳ
28251956446987982,شمواد,10,9,10,6,4,4,11210,2.94,2.94,صف خرید,0,0,83,3.82,0, حجم کم,16 %,8 % ,5 % ,51 % ,42531010,44,416438,محصولات شيميايي,فروش  قوی rsi,0,0,تحرک_مثبت,0,3,22,338,7436,21,311,6537,27,899,2.0,1405-06-04,12:30:54,10,9,10,6,1,1.0,1.4285714285714286,0.8,3.6363636363636362,3.5,1,0,-3,-0.10000000000000006,ﺵﻭﺮﻓ ﻝﺎﻨﮕﯿﺳ
60247433951600827,شاوان,24,3,19,0,0,0,33310,3.0,3.0,صف خرید,0,0,87,26.83,69723,حجم زیاد2.3برابر,230 %,151 % ,81 % ,120 % ,9552617,23,681694,فراورده هاي نفتي، كك و سوخت هسته اي,فروش  قوی rsi,0,0,تحرک_مثبت,0,0,190,374,71168,3,155,467,219,70701,1.0,1405-06-04,12:04:52,24,3,19,0,21,6.0,19.0,0.0,1.72,0.75,3,3,-3,1.6,ﺪﯾﺮﺧ ﻝﺎﻨﮕﯿﺳ
43622578471330344,دسبحا,92,99,39,37,10,4,6340,1.28,-1.28,مثبت,0,0,79,0.85,-39603,حجم زیاد2.41برابر,241 %,26 % ,157 % ,303 % ,100864719,43,-98707,مواد و محصولات دارويي,فروش  ضعیف,0,0,تحرک_مثبت,0,4,350,212,74288,622,191,119339,21,-45051,-2.5,1405-06-04,12:30:51,92,99,39,37,-7,0.92,1.0263157894736843,2.0,1.946236559139785,1.56,0,0,-3,-0.6000000000000001,ﺵﻭﺮﻓ ﻝﺎﻨﮕﯿﺳ
25211433301660888,خپارس,13,7,3,2,0,0,1512,3.0,3.0,صف خرید,0,0,85,7.71,-453, حجم کم,18 %,20 % ,31 % ,28 % ,126471711,34,214831,خودرو و ساخت قطعات,فروش  قوی rsi,0,0,تحرک_مثبت,0,0,19,143,2720,8,194,1552,-51,1168,1.0,1405-06-04,11:15:50,13,7,3,2,6,1.625,1.0,0.0,1.1428571428571428,1.125,3,0,-3,0.7000000000000001,ﺪﯾﺮﺧ ﻒﯿﻌﺿ ﻝﺎﻨﮕﯿﺳ
22255783119783047,درازك,115,149,44,65,6,12,4760,2.81,1.51,صف خرید,0,0,96,0.81,63012,حجم مشکوک12.38برابر,1238 %,970 % ,756 % ,0 % ,50625358,43,-98707,مواد و محصولات دارويي,فروش  متوسط,0,0,تحرک_مثبت,0,3,809,223,180810,830,203,168583,20,12227,0.0,1405-06-04,12:27:05,115,149,44,65,-34,0.7666666666666667,0.6666666666666666,0.46153846153846156,1.6293103448275863,1.8266666666666667,0,3,-3,0.2999999999999998,ﯽﺜﻨﺧ
20487994977117557,غشهد,19,10,8,5,1,0,8200,2.76,2.76,مثبت,0,1,63,1.66,2593,حجم متوسط1.9برابر,190 %,168 % ,69 % ,142 % ,5323644,42,110444,محصولات غذايي و آشاميدني به جز قند و شكر,خرید  قوی,0,0,تحرک_مثبت,4,0,22,212,4683,20,144,2881,68,1802,11.0,1405-06-04,12:25:37,19,10,8,5,9,1.7272727272727273,1.3333333333333333,1.0,1.6,1.3636363636363635,3,3,-1,2.0,ﺪﯾﺮﺧ ﻝﺎﻨﮕﯿﺳ
63580313877463104,پاسا,8,4,7,1,2,0,9510,2.92,2.92,صف خرید,0,0,83,9.83,6376, حجم کم,42 %,75 % ,65 % ,153 % ,19951587,25,35003,لاستيك و پلاستيك,فروش  قوی rsi,0,0,تحرک_مثبت,0,2,28,269,7543,4,176,704,93,6839,1.0,1405-06-04,12:01:18,8,4,7,1,4,1.6,3.5,2.0,2.7777777777777777,1.0,2,3,-3,1.2,ﺪﯾﺮﺧ ﻒﯿﻌﺿ ﻝﺎﻨﮕﯿﺳ
67213778593531096,وامير,3,1,1,0,0,0,10300,3.0,3.0,صف خرید,0,0,94,12.78,2060, حجم کم,21 %,37 % ,21 % ,30 % ,11868376,13,243886,استخراج كانه هاي فلزي,فروش  قوی rsi,0,0,تحرک_مثبت,0,0,10,242,2423,1,103,103,139,2320,1.0,1405-06-04,11:53:04,3,1,1,0,2,1.5,1.0,0.0,1.0,0.5,1,3,-3,0.7999999999999997,ﺪﯾﺮﺧ ﻒﯿﻌﺿ ﻝﺎﻨﮕﯿﺳ
44013656953678055,شرانل,17,20,7,2,0,0,94270,2.97,2.47,مثبت,0,0,67,0.89,39, حجم کم,55 %,142 % ,99 % ,68 % ,2236968,23,681694,فراورده هاي نفتي، كك و سوخت هسته اي,فروش  ضعیف,0,0,تحرک_مثبت,1,3,24,190,4567,28,154,4334,36,233,1.5,1405-06-04,12:30:57,17,20,7,2,-3,0.8095238095238095,2.3333333333333335,0.0,1.3333333333333333,1.0476190476190477,0,1,-1,0.09999999999999998,ﯽﺜﻨﺧ
44296315953738727,فاهواز,0,0,0,0,0,0,7130,0.99,0.14,صف خرید,0,0,86,10.0,0, حجم کم,37 %,62 % ,66 % ,76 % ,290830,27,512358,فلزات اساسي,فروش  قوی rsi,0,0,تحرک_مثبت,0,0,0,0,0,0,0,0,0,0,0.0,1405-06-04,8:48:51,0,0,0,0,0,0.0,0.0,0.0,0.0,0.0,0,0,-3,-0.5000000000000001,ﺵﻭﺮﻓ ﻝﺎﻨﮕﯿﺳ
66772024744156373,فباهنر,19,26,10,12,7,1,11000,3.0,3.0,صف خرید,0,0,62,2.0,3493, حجم کم,77 %,75 % ,60 % ,76 % ,68454791,27,512358,فلزات اساسي,خرید  متوسط,0,0,تحرک_مثبت,2,2,75,264,19817,60,198,11913,66,7904,8.0,1405-06-04,11:49:33,19,26,10,12,-7,0.7037037037037037,0.7692307692307693,3.5,3.2,1.5925925925925926,0,3,-1,0.7999999999999999,ﺪﯾﺮﺧ ﻒﯿﻌﺿ ﻝﺎﻨﮕﯿﺳ
66127247173352975,تشتاد,0,0,0,0,0,0,5420,2.85,0.76,صف خرید,0,0,66,11.0,0, حجم کم,14 %,76 % ,207 % ,106 % ,969788,34,214831,خودرو و ساخت قطعات,خنثی,0,0,تحرک_مثبت,1,1,0,0,0,0,0,0,0,0,6.0,1405-06-04,8:48:52,0,0,0,0,0,0.0,0.0,0.0,0.0,0.0,0,0,-1,-0.1,ﺵﻭﺮﻓ ﻝﺎﻨﮕﯿﺳ
48457557221009333,وتوسكا,2,1,0,0,0,0,1624,1.5,2.69,مثبت,0,0,78,2.44,0, حجم کم,44 %,28 % ,93 % ,229 % ,8178553,56,223642,سرمايه گذاريها,فروش  متوسط rsi,0,0,تحرک_منفی,0,1,3,135,406,1,165,165,-30,241,-1.0,1405-06-04,11:24:32,2,1,0,0,1,1.0,0.0,0.0,0.6666666666666666,0.5,1,0,-3,-0.10000000000000006,ﺵﻭﺮﻓ ﻝﺎﻨﮕﯿﺳ
49502666250908008,افق,20,14,8,6,3,3,73380,2.99,2.81,صف خرید,0,0,72,0.92,3498, حجم کم,72 %,35 % ,53 % ,92 % ,9627230,47,7716,خرده فروشي،باستثناي وسايل نقليه موتوري,فروش  متوسط rsi,0,0,تحرک_مثبت,0,3,60,228,13693,23,353,8135,-125,5558,1.0,1405-06-04,12:30:28,20,14,8,6,6,1.3333333333333333,1.1428571428571428,0.75,2.0476190476190474,2.3333333333333335,3,3,-3,1.5,ﺪﯾﺮﺧ ﻝﺎﻨﮕﯿﺳ
7681671915916933,جهش,53,52,33,27,15,9,36053,4.0,3.94,صف خرید,0,0,71,1.73,-7661, حجم کم,29 %,73 % ,100 % ,120 % ,123210882,68,48213,صندوق های اهرمی,فروش  متوسط rsi,0,0,تحرک_مثبت,1,1,431,237,102176,517,199,103141,38,-965,0.0,1405-06-04,12:28:11,53,52,33,27,1,1.0,1.1785714285714286,1.5,2.9814814814814814,2.339622641509434,1,0,-3,-0.10000000000000006,ﺵﻭﺮﻓ ﻝﺎﻨﮕﯿﺳ
12901875871456398,ولراز,4,1,2,0,0,0,3910,2.89,2.89,صف خرید,0,0,87,9.15,1173, حجم کم,21 %,46 % ,93 % ,98 % ,16815635,58,7845,ساير واسطه گريهاي مالي,فروش  قوی rsi,0,0,تحرک_مثبت,0,0,8,165,1321,1,117,117,48,1204,1.0,1405-06-04,12:05:38,4,1,2,0,3,2.0,2.0,0.0,1.2,0.5,2,3,-3,1.2,ﺪﯾﺮﺧ ﻒﯿﻌﺿ ﻝﺎﻨﮕﯿﺳ
8977441217024425,فسپا,51,46,25,23,10,5,6100,2.35,2.18,مثبت,0,0,89,1.1,10932,حجم متوسط0.9برابر,90 %,72 % ,134 % ,265 % ,97254051,27,512358,فلزات اساسي,فروش  قوی rsi,0,0,تحرک_مثبت,0,3,131,265,34774,93,255,23747,10,11027,-1.0,1405-06-04,12:30:53,51,46,25,23,5,1.0851063829787233,1.0416666666666667,1.6666666666666667,2.423076923076923,2.0,2,3,-3,1.2,ﺪﯾﺮﺧ ﻒﯿﻌﺿ ﻝﺎﻨﮕﯿﺳ
23214828924506640,پكرمان,4,4,3,3,1,0,7160,2.87,2.87,صف خرید,0,0,69,4.89,1443,حجم متوسط1.08برابر,108 %,122 % ,71 % ,129 % ,29507793,25,35003,لاستيك و پلاستيك,خرید  متوسط,0,0,تحرک_مثبت,3,0,23,291,6697,25,181,4542,110,2155,8.0,1405-06-04,11:35:19,4,4,3,3,0,0.8,0.75,1.0,2.4,1.4,0,3,-1,0.7999999999999999,ﺪﯾﺮﺧ ﻒﯿﻌﺿ ﻝﺎﻨﮕﯿﺳ
63315013743060811,ثنور,5,5,5,0,0,0,6390,1.91,1.91,صف خرید,0,0,94,5.25,143,حجم زیاد2.82برابر,282 %,538 % ,80 % ,241 % ,880292,70,48213,انبوه سازي، املاك و مستغلات,فروش  قوی rsi,0,0,تحرک_مثبت,0,2,5,259,1296,6,146,881,113,415,1.0,1405-06-04,11:23:28,5,5,5,0,0,0.8333333333333334,5.0,0.0,1.6666666666666667,0.8333333333333334,0,1,-3,-0.2000000000000001,ﺵﻭﺮﻓ ﻝﺎﻨﮕﯿﺳ
61506294208022391,غشصفا,4,3,2,2,0,1,21870,2.97,2.97,صف خرید,0,0,72,1.65,1874, حجم کم,31 %,57 % ,153 % ,106 % ,5934706,42,110444,محصولات غذايي و آشاميدني به جز قند و شكر,فروش  متوسط,0,0,تحرک_مثبت,2,1,7,173,1212,3,489,1468,-316,-256,0.0,1405-06-04,11:58:22,4,3,2,2,1,1.0,0.6666666666666666,0.0,1.2,2.5,1,3,-3,0.7999999999999997,ﺪﯾﺮﺧ ﻒﯿﻌﺿ ﻝﺎﻨﮕﯿﺳ
14398278072324784,قهكمت,4,5,1,1,0,0,10630,2.9,2.61,صف خرید,0,0,84,0.79,-36, حجم کم,43 %,17 % ,69 % ,87 % ,5019246,38,15187,قند و شكر,فروش  ضعیف,0,0,تحرک_مثبت,0,1,4,150,602,5,144,721,6,-119,-1.5,1405-06-04,12:25:57,4,5,1,1,-1,0.6666666666666666,0.5,0.0,1.0,1.0,0,0,-3,-0.6000000000000001,ﺵﻭﺮﻓ ﻝﺎﻨﮕﯿﺳ
9917562130961534,درپاد,16,3,7,2,3,0,13220,2.96,2.96,صف خرید,0,0,88,26.96,1525,حجم زیاد2.27برابر,227 %,75 % ,58 % ,261 % ,7665161,27,512358,فلزات اساسي,فروش  قوی rsi,0,0,تحرک_مثبت,0,0,76,241,18357,9,179,1613,62,16744,1.0,1405-06-04,11:49:55,16,3,7,2,13,4.0,2.3333333333333335,3.0,2.235294117647059,1.25,3,3,-3,1.6,ﺪﯾﺮﺧ ﻝﺎﻨﮕﯿﺳ
9698674686691945,كپارس,11,3,2,0,0,0,15120,3.0,3.0,صف خرید,0,0,88,9.86,6881, حجم کم,52 %,13 % ,34 % ,14 % ,10102183,49,25165,كاشي و سراميك,فروش  قوی rsi,0,0,تحرک_مثبت,0,1,47,155,7327,4,125,502,30,6825,1.0,1405-06-04,10:59:08,11,3,2,0,8,2.75,2.0,0.0,1.0833333333333333,0.75,3,3,-3,1.6,ﺪﯾﺮﺧ ﻝﺎﻨﮕﯿﺳ
43966385447049549,ودي,5,0,1,0,0,0,5990,2.92,2.92,صف خرید,0,0,82,4.73,1041, حجم کم,49 %,41 % ,58 % ,60 % ,6872858,66,66233,بيمه وصندوق بازنشستگي به جزتامين اجتماعي,فروش  قوی rsi,0,0,تحرک_مثبت,0,3,6,172,1036,0,0,0,172,1036,1.0,1405-06-04,12:10:51,5,0,1,0,5,5.0,1.0,0.0,1.0,0.0,2,3,-3,1.2,ﺪﯾﺮﺧ ﻒﯿﻌﺿ ﻝﺎﻨﮕﯿﺳ
21501758781665781,غمارگ,18,20,11,10,5,2,2010,2.97,2.61,صف خرید,0,0,81,2.02,0,حجم متوسط1.21برابر,121 %,144 % ,157 % ,145 % ,51179770,42,110444,محصولات غذايي و آشاميدني به جز قند و شكر,فروش  ضعیف,0,0,تحرک_مثبت,0,3,31,318,9879,27,234,6325,84,3554,2.5,1405-06-04,12:06:01,18,20,11,10,-2,0.8571428571428571,1.0,1.6666666666666667,2.8421052631578947,1.9047619047619047,0,0,-3,-0.5000000000000001,ﺵﻭﺮﻓ ﻝﺎﻨﮕﯿﺳ
28147934478934110,فغدير,5,0,0,0,0,0,5030,2.86,2.86,صف خرید,0,0,81,18.35,13782,حجم زیاد2.12برابر,212 %,181 % ,252 % ,419 % ,13885867,27,512358,فلزات اساسي,فروش  قوی rsi,0,0,تحرک_مثبت,0,0,101,136,13797,0,0,0,136,13797,1.0,1405-06-04,9:46:16,5,0,0,0,5,5.0,0.0,0.0,0.8333333333333334,0.0,2,3,-3,1.2,ﺪﯾﺮﺧ ﻒﯿﻌﺿ ﻝﺎﻨﮕﯿﺳ
46934177065273437,محتشم,4,0,1,0,0,0,13150,2.98,2.98,صف خرید,0,0,75,124.31,3945, حجم کم,30 %,207 % ,127 % ,310 % ,12642530,17,11096,منسوجات,فروش  متوسط rsi,0,0,تحرک_مثبت,1,0,21,181,3819,0,0,0,181,3819,2.0,1405-06-04,9:21:39,4,0,1,0,4,4.0,1.0,0.0,1.0,0.0,2,3,-3,1.2,ﺪﯾﺮﺧ ﻒﯿﻌﺿ ﻝﺎﻨﮕﯿﺳ
27952969918967492,ركيش,8,5,2,2,0,1,2553,2.99,2.86,صف خرید,0,0,75,2.53,1000, حجم کم,59 %,120 % ,57 % ,184 % ,27767360,72,-31944,رايانه و فعاليت‌هاي وابسته به آن,فروش  متوسط,0,0,تحرک_مثبت,1,1,17,154,2625,6,232,1393,-78,1232,2.0,1405-06-04,12:19:46,8,5,2,2,3,1.3333333333333333,0.6666666666666666,0.0,1.1111111111111112,2.0,2,2,-3,0.8999999999999998,ﺪﯾﺮﺧ ﻒﯿﻌﺿ ﻝﺎﻨﮕﯿﺳ
59866041653103343,نوين,25,22,12,8,4,1,8080,-2.88,-2.76,صف فروش,0,0,72,1.0,-1963,حجم زیاد2.03برابر,203 %,391 % ,120 % ,343 % ,11643869,66,66233,بيمه وصندوق بازنشستگي به جزتامين اجتماعي,فروش  متوسط rsi,0,0,تحرک_منفی,0,2,52,264,13777,56,197,11049,67,2728,-5.0,1405-06-04,12:30:56,25,22,12,8,3,1.0869565217391304,1.3333333333333333,2.0,2.1923076923076925,1.5217391304347827,2,0,-3,0.19999999999999996,ﯽﺜﻨﺧ
60610861509165508,حكشتي,23,8,21,5,11,1,8760,2.94,2.94,صف خرید,0,6,65,4.84,44824,حجم متوسط0.93برابر,93 %,152 % ,112 % ,84 % ,112840914,60,116556,حمل ونقل، انبارداري و ارتباطات,خرید  قوی,0,0,تحرک_مثبت,3,1,185,408,75607,69,443,30567,-35,45040,11.0,1405-06-04,11:46:18,23,8,21,5,15,2.5555555555555554,3.5,5.5,4.125,2.0,3,3,-1,2.0,ﺪﯾﺮﺧ ﻝﺎﻨﮕﯿﺳ
52792903131341205,افرا,34,41,12,26,2,12,11960,-2.92,-2.92,صف فروش,0,0,51,0.39,-46049,حجم مشکوک7.5برابر,750 %,8 % ,58 % ,11 % ,12063396,72,-31944,رايانه و فعاليت‌هاي وابسته به آن,فروش  ضعیف,0,0,تحرک_منفی,0,2,237,190,45058,395,267,105541,-77,-60483,-3.5,1405-06-04,12:30:56,34,41,12,26,-7,0.8095238095238095,0.4444444444444444,0.15384615384615385,1.6,3.0238095238095237,0,0,0,0.0,ﯽﺜﻨﺧ
9098178887955847,شهر,7,3,4,1,1,0,2135,2.99,1.74,صف خرید,0,0,76,6.31,-848,حجم متوسط1.01برابر,101 %,88 % ,82 % ,137 % ,30567480,56,223642,سرمايه گذاريها,فروش  متوسط rsi,0,0,تحرک_مثبت,0,2,10,287,2879,5,143,718,144,2161,2.0,1405-06-04,12:27:49,7,3,4,1,4,1.75,2.0,1.0,2.0,1.0,2,0,-3,0.29999999999999993,ﯽﺜﻨﺧ
36282416082320053,والماس,5,6,2,4,2,3,2223,0.72,0.36,مثبت,0,0,60,0.7,16,حجم متوسط1.78برابر,178 %,211 % ,176 % ,177 % ,15103386,56,223642,سرمايه گذاريها,فروش  ضعیف,0,0,تحرک_مثبت,1,2,8,537,4299,7,718,5031,-181,-732,1.5,1405-06-04,12:30:54,5,6,2,4,-1,0.7142857142857143,0.4,0.5,2.8333333333333335,3.5714285714285716,0,1,-1,0.09999999999999998,ﯽﺜﻨﺧ
34673681828119297,فاما,10,2,3,2,1,0,5560,2.39,2.21,مثبت,0,0,74,1.64,-28, حجم کم,73 %,66 % ,89 % ,158 % ,10549910,28,4088,ساخت محصولات فلزي,فروش  متوسط rsi,0,0,تحرک_مثبت,2,0,10,242,2428,2,340,681,-98,1747,-1.0,1405-06-04,12:19:02,10,2,3,2,8,3.3333333333333335,1.0,1.0,1.6363636363636365,1.3333333333333333,3,0,-3,0.7000000000000001,ﺪﯾﺮﺧ ﻒﯿﻌﺿ ﻝﺎﻨﮕﯿﺳ
40043919653526083,وثخوز,1,3,1,0,0,0,5720,2.88,2.34,صف خرید,0,0,66,1.2,0, حجم کم,26 %,25 % ,65 % ,163 % ,6013061,70,48213,انبوه سازي، املاك و مستغلات,خرید  متوسط,0,0,تحرک_مثبت,2,2,1,213,213,3,129,389,84,-176,3.0,1405-06-04,12:30:30,1,3,1,0,-2,0.25,1.0,0.0,1.0,0.75,0,0,-1,-0.1,ﺵﻭﺮﻓ ﻝﺎﻨﮕﯿﺳ
55979741213594029,كباده,36,26,13,7,0,2,19700,0.05,-0.1,مثبت,0,0,69,1.27,2916,حجم زیاد2.87برابر,287 %,172 % ,182 % ,237 % ,2558731,54,58599,ساير محصولات كاني غيرفلزي,خرید  متوسط,0,0,تحرک_مثبت,1,1,47,184,8677,34,199,6783,-15,1894,5.0,1405-06-04,12:30:54,36,26,13,7,10,1.3333333333333333,1.625,0.0,1.3243243243243243,1.5925925925925926,3,3,-1,2.0,ﺪﯾﺮﺧ ﻝﺎﻨﮕﯿﺳ
45641540066710190,لكما,2,1,0,1,0,0,1106,1.94,1.94,صف خرید,0,0,68,10.86,0, حجم کم,19 %,5 % ,0 % ,0 % ,24565897,32,14722,ساخت دستگاه‌ها و وسايل ارتباطي,خرید  ضعیف,0,0,تحرک_مثبت,0,0,3,115,346,1,221,221,-106,125,7.5,1405-06-04,12:09:42,2,1,0,1,1,1.0,0.0,0.0,0.6666666666666666,1.0,1,0,-1,0.30000000000000004,ﯽﺜﻨﺧ
22382156782768756,بكام,17,3,6,1,0,0,3283,2.98,2.95,صف خرید,0,0,87,4.97,8313, حجم کم,83 %,76 % ,67 % ,157 % ,40968672,31,32044,ماشين آلات و دستگاه‌هاي برقي,فروش  قوی rsi,0,0,تحرک_مثبت,0,2,30,208,6261,3,147,442,61,5819,1.0,1405-06-04,12:26:41,17,3,6,1,14,4.25,3.0,0.0,1.2777777777777777,1.0,3,3,-3,1.6,ﺪﯾﺮﺧ ﻝﺎﻨﮕﯿﺳ
18883380772506226,ثرود,8,9,2,1,0,0,5370,2.87,2.49,صف خرید,0,0,68,1.45,322, حجم کم,62 %,100 % ,148 % ,148 % ,13197064,70,48213,انبوه سازي، املاك و مستغلات,خرید  متوسط,0,0,تحرک_مثبت,1,3,10,191,1913,15,131,1966,60,-53,6.0,1405-06-04,11:16:56,8,9,2,1,-1,0.8,1.0,0.0,1.1111111111111112,1.0,0,1,-1,0.19999999999999998,ﯽﺜﻨﺧ
43256212620530446,كبافق,1,0,0,0,0,0,37590,2.99,2.99,صف خرید,0,0,79,22.46,488, حجم کم,16 %,109 % ,240 % ,217 % ,1696975,13,243886,استخراج كانه هاي فلزي,فروش  متوسط rsi,0,0,تحرک_مثبت,0,2,3,138,414,0,0,0,138,414,2.0,1405-06-04,10:09:07,1,0,0,0,1,1.0,0.0,0.0,0.5,0.0,1,1,-3,0.19999999999999987,ﯽﺜﻨﺧ
33808206014018431,سمازن,6,13,4,9,1,0,80900,2.99,2.71,صف خرید,0,0,69,1.7,-374, حجم کم,30 %,43 % ,17 % ,31 % ,5981941,53,-4902,سيمان، آهك و گچ,خرید  متوسط,0,0,تحرک_مثبت,1,3,13,373,4852,17,204,3468,169,1384,8.0,1405-06-04,12:07:04,6,13,4,9,-7,0.42857142857142855,0.4,1.0,2.142857142857143,1.5714285714285714,0,0,-1,-0.1,ﺵﻭﺮﻓ ﻝﺎﻨﮕﯿﺳ
9987529074833218,آبين,1,0,1,0,0,0,7930,2.99,2.99,صف خرید,0,0,71,12.2,0, حجم کم,15 %,26 % ,96 % ,184 % ,5435683,1,35200,زراعت و خدمات وابسته,فروش  متوسط rsi,0,0,تحرک_مثبت,1,2,1,246,246,0,0,0,246,246,2.0,1405-06-04,10:54:43,1,0,1,0,1,1.0,1.0,0.0,1.0,0.0,1,0,-3,-0.10000000000000006,ﺵﻭﺮﻓ ﻝﺎﻨﮕﯿﺳ
71290297158948749,زقيام,15,17,6,6,1,0,11440,-1.12,-0.35,منفی,0,0,69,0.81,2468, حجم کم,77 %,129 % ,79 % ,146 % ,11719142,1,35200,زراعت و خدمات وابسته,فروش  ضعیف,0,0,تحرک_منفی,0,3,19,225,4284,21,198,4160,27,124,-0.5,1405-06-04,12:27:45,15,17,6,6,-2,0.8333333333333334,0.8571428571428571,1.0,1.625,1.2777777777777777,0,3,-1,0.7,ﺪﯾﺮﺧ ﻒﯿﻌﺿ ﻝﺎﻨﮕﯿﺳ
8646067353086740,بالاس,30,40,10,19,0,2,48500,0.75,1.31,مثبت,0,0,54,0.58,-108,حجم متوسط1.71برابر,171 %,217 % ,351 % ,137 % ,2241853,45,-108,پيمانكاري صنعتي,فروش  ضعیف,0,0,تحرک_منفی,0,3,57,161,9197,58,229,13309,-68,-4112,-0.5,1405-06-04,12:30:56,30,40,10,19,-10,0.7317073170731707,0.5,0.0,1.2903225806451613,1.6829268292682926,0,0,0,0.0,ﯽﺜﻨﺧ
64973252728260903,وكبهمن,12,4,6,0,4,0,3390,2.73,2.42,صف خرید,0,0,72,22.76,3287,حجم متوسط1.37برابر,137 %,69 % ,107 % ,107 % ,19601238,56,223642,سرمايه گذاريها,فروش  متوسط rsi,0,0,تحرک_مثبت,1,1,16,501,8019,13,117,1527,384,6492,2.0,1405-06-04,12:30:56,12,4,6,0,8,2.4,6.0,4.0,2.923076923076923,0.8,3,3,-3,1.6,ﺪﯾﺮﺧ ﻝﺎﻨﮕﯿﺳ
47232550823972469,وتوكا,14,1,12,1,0,0,3395,2.97,2.97,صف خرید,0,0,90,28.07,36316,حجم زیاد2.03برابر,203 %,193 % ,139 % ,275 % ,56252603,27,512358,فلزات اساسي,فروش  قوی rsi,0,0,تحرک_مثبت,0,1,122,300,36695,1,281,281,19,36414,1.0,1405-06-04,11:39:14,14,1,12,1,13,7.0,6.0,0.0,1.7333333333333334,1.0,3,3,-3,1.6,ﺪﯾﺮﺧ ﻝﺎﻨﮕﯿﺳ
12329519546621752,چدن,8,2,7,2,1,0,3259,2.97,2.97,صف خرید,0,0,73,10.18,3748, حجم کم,25 %,47 % ,112 % ,150 % ,136786085,28,4088,ساخت محصولات فلزي,فروش  متوسط rsi,0,0,تحرک_مثبت,0,3,22,299,6588,4,414,1659,-115,4929,2.0,1405-06-04,11:45:12,8,2,7,2,6,2.6666666666666665,2.3333333333333335,1.0,2.2222222222222223,1.3333333333333333,3,3,-3,1.6,ﺪﯾﺮﺧ ﻝﺎﻨﮕﯿﺳ
917857106093847,حپارسا,22,17,6,7,0,1,19180,1.05,1.74,مثبت,0,0,61,0.62,-2083,حجم متوسط1.45برابر,145 %,102 % ,56 % ,50 % ,6062704,60,116556,حمل ونقل، انبارداري و ارتباطات,خرید  ضعیف,0,0,تحرک_منفی,0,2,27,186,5038,33,220,7260,-34,-2222,0.5,1405-06-04,12:29:45,22,17,6,7,5,1.2222222222222223,0.75,0.0,1.2173913043478262,1.6111111111111112,2,0,-1,0.6000000000000001,ﺪﯾﺮﺧ ﻒﯿﻌﺿ ﻝﺎﻨﮕﯿﺳ
22667016906590506,شبهرن,65,119,19,40,0,9,39170,-0.53,-1.85,منفی,0,0,72,0.56,42533,حجم زیاد3.61برابر,361 %,80 % ,188 % ,96 % ,16515231,23,681694,فراورده هاي نفتي، كك و سوخت هسته اي,فروش  متوسط,0,0,تحرک_مثبت,0,4,539,150,81077,475,233,110803,-83,-29726,-5.0,1405-06-04,12:30:52,65,119,19,40,-54,0.5416666666666666,0.4634146341463415,0.0,1.2727272727272727,1.7,0,3,-3,0.2999999999999998,ﯽﺜﻨﺧ
55373808401388162,فتوسا,16,9,1,2,0,2,5660,1.25,1.61,مثبت,0,0,74,1.83,-1891, حجم کم,64 %,63 % ,69 % ,189 % ,27075910,27,512358,فلزات اساسي,فروش  متوسط,0,0,تحرک_منفی,0,4,21,149,3142,15,223,3353,-74,-211,-3.0,1405-06-04,12:27:09,16,9,1,2,7,1.6,0.3333333333333333,0.0,1.0,2.1,3,0,-3,0.7000000000000001,ﺪﯾﺮﺧ ﻒﯿﻌﺿ ﻝﺎﻨﮕﯿﺳ
35142337153422264,فرويح,3,2,3,1,0,0,1141,2.98,2.98,صف خرید,0,0,0,14.67,-180,حجم مشکوک13842288.0برابر,1384228800 %,0,0,0,0,27,512358,فلزات اساسي,خرید  متوسط,0,0,تحرک_مثبت,3,0,3,248,744,2,231,462,17,282,7.0,1405-06-04,11:31:23,3,2,3,1,1,1.0,1.5,0.0,1.5,1.0,1,0,3,1.1,ﺪﯾﺮﺧ ﻒﯿﻌﺿ ﻝﺎﻨﮕﯿﺳ
58873907630765023,امين,0,1,0,0,0,0,2721,2.99,2.99,صف خرید,0,0,77,8.49,-1510,حجم متوسط1.35برابر,135 %,127 % ,50 % ,188 % ,6217897,67,104413,فعاليتهاي كمكي به نهادهاي مالي واسط,فروش  ضعیف,0,0,تحرک_مثبت,1,1,0,0,0,1,109,109,-109,-109,0.5,1405-06-04,10:13:18,0,1,0,0,-1,0.0,0.0,0.0,0.0,0.5,0,0,-3,-0.5000000000000001,ﺵﻭﺮﻓ ﻝﺎﻨﮕﯿﺳ
30765727085936322,فجام,15,21,10,8,2,5,17330,2.97,2.97,صف خرید,0,0,90,1.31,2300,حجم متوسط1.09برابر,109 %,107 % ,220 % ,228 % ,6548631,28,4088,ساخت محصولات فلزي,فروش  متوسط,0,0,تحرک_مثبت,0,4,26,371,9656,26,293,7621,78,2035,2.0,1405-06-04,12:28:07,15,21,10,8,-6,0.6818181818181818,1.1111111111111112,0.3333333333333333,2.1875,2.4545454545454546,0,3,-3,0.3999999999999998,ﯽﺜﻨﺧ
114312662654155,وسپهر,14,3,9,0,1,0,4470,3.0,2.76,صف خرید,0,0,71,8.39,606, حجم کم,48 %,76 % ,92 % ,103 % ,45728535,39,17871,شركتهاي چند رشته اي صنعتي,فروش  متوسط rsi,0,0,تحرک_مثبت,3,0,17,260,4436,5,128,640,132,3796,2.0,1405-06-04,12:14:10,14,3,9,0,11,3.5,9.0,1.0,1.8666666666666667,0.75,3,2,-3,1.3000000000000003,ﺪﯾﺮﺧ ﻒﯿﻌﺿ ﻝﺎﻨﮕﯿﺳ
64843936383937546,غگلستا,9,8,4,2,1,1,14000,2.94,2.94,صف خرید,0,0,69,3.09,4540, حجم کم,62 %,213 % ,95 % ,103 % ,9708163,42,110444,محصولات غذايي و آشاميدني به جز قند و شكر,خرید  متوسط,0,0,تحرک_مثبت,1,1,43,181,7812,18,196,3532,-15,4280,8.0,1405-06-04,11:56:20,9,8,4,2,1,1.0,1.3333333333333333,0.5,1.8,1.6666666666666667,1,3,-1,1.2,ﺪﯾﺮﺧ ﻒﯿﻌﺿ ﻝﺎﻨﮕﯿﺳ
6116572045021585,شجم,13,13,7,5,1,1,9360,2.97,2.97,صف خرید,0,1,61,2.8,329,حجم متوسط1.06برابر,106 %,88 % ,110 % ,178 % ,8468049,44,416438,محصولات شيميايي,خرید  متوسط,0,0,تحرک_مثبت,2,2,17,286,4864,20,195,3918,91,946,10.0,1405-06-04,11:39:17,13,13,7,5,0,0.9285714285714286,1.1666666666666667,0.5,1.7857142857142858,1.6428571428571428,0,1,-1,0.19999999999999998,ﯽﺜﻨﺧ
13281937213456378,حسير,39,37,12,20,3,3,7100,1.87,2.58,مثبت,0,0,83,0.92,11420,حجم متوسط1.85برابر,185 %,88 % ,144 % ,157 % ,20307255,60,116556,حمل ونقل، انبارداري و ارتباطات,فروش  متوسط,0,0,تحرک_منفی,0,2,91,193,17636,48,255,12268,-62,5368,-2.0,1405-06-04,12:30:33,39,37,12,20,2,1.0263157894736843,0.5714285714285714,0.75,1.65,1.894736842105263,1,3,-3,0.6999999999999997,ﺪﯾﺮﺧ ﻒﯿﻌﺿ ﻝﺎﻨﮕﯿﺳ
63520812390415652,بتهران,5,6,4,4,0,2,6410,2.89,2.89,صف خرید,0,0,96,1.24,795, حجم کم,69 %,315 % ,65 % ,0 % ,9174902,66,66233,بيمه وصندوق بازنشستگي به جزتامين اجتماعي,فروش  متوسط,0,0,تحرک_مثبت,0,2,6,293,1762,6,372,2233,-79,-471,0.0,1405-06-04,10:09:46,5,6,4,4,-1,0.7142857142857143,0.8,0.0,1.5,2.857142857142857,0,2,-3,0.0999999999999999,ﯽﺜﻨﺧ
43716452378323683,فزرين,10,18,10,13,4,5,7600,2.98,2.98,صف خرید,0,0,84,5.02,2599, حجم کم,63 %,55 % ,41 % ,89 % ,28439001,27,512358,فلزات اساسي,فروش  متوسط,0,0,تحرک_مثبت,0,4,26,457,11889,27,346,9368,111,2521,2.0,1405-06-04,12:16:46,10,18,10,13,-8,0.5263157894736842,0.7142857142857143,0.6666666666666666,3.6363636363636362,2.9473684210526314,0,3,-3,0.3999999999999998,ﯽﺜﻨﺧ
21432551703060846,حآفرين,10,4,9,3,0,1,2337,3.0,3.0,صف خرید,0,0,88,6.57,9782, حجم کم,79 %,34 % ,101 % ,377 % ,83534655,60,116556,حمل ونقل، انبارداري و ارتباطات,فروش  متوسط,0,0,تحرک_مثبت,0,2,50,278,13940,8,600,4802,-322,9138,2.0,1405-06-04,12:23:23,10,4,9,3,6,2.0,2.25,0.0,1.7272727272727273,2.4,3,3,-3,1.6,ﺪﯾﺮﺧ ﻝﺎﻨﮕﯿﺳ
62810990108260391,كگلح,0,0,0,0,0,0,1800,0.0,0.0,صفر تابلو,0,0,80,0.0,0, حجم کم,0 %,2200 % ,0 % ,0 % ,36063048,13,243886,استخراج كانه هاي فلزي,فروش  قوی rsi,0,0,تحرک_ثابت,0,0,0,0,0,0,0,0,0,0,-5.0,1405-06-04,8:48:57,0,0,0,0,0,0.0,0.0,0.0,0.0,0.0,0,0,-3,-0.6000000000000001,ﺵﻭﺮﻓ ﻝﺎﻨﮕﯿﺳ
22312990497291517,سامان,62,91,35,55,6,16,8340,2.84,1.48,مثبت,0,0,70,0.55,-35656,حجم متوسط1.01برابر,101 %,85 % ,161 % ,106 % ,107075547,57,551430,بانكها و موسسات اعتباري,فروش  ضعیف,0,0,تحرک_مثبت,0,4,109,233,25474,156,336,52447,-103,-26973,2.5,1405-06-04,12:30:32,62,91,35,55,-29,0.6739130434782609,0.625,0.35294117647058826,2.015873015873016,2.4565217391304346,0,0,-1,-0.2,ﺵﻭﺮﻓ ﻝﺎﻨﮕﯿﺳ
56006915451245411,لخانه,1,1,0,1,0,0,14730,2.94,2.94,صف خرید,0,0,91,2.28,-266, حجم کم,38 %,253 % ,990 % ,68 % ,1433424,29,64793,ماشين آلات و تجهيزات,فروش  متوسط,0,0,تحرک_مثبت,0,2,1,137,137,1,298,298,-161,-161,0.0,1405-06-04,12:04:09,1,1,0,1,0,0.5,0.0,0.0,0.5,1.0,0,0,-3,-0.5000000000000001,ﺵﻭﺮﻓ ﻝﺎﻨﮕﯿﺳ
49353447565507376,كاذر,12,17,4,9,1,3,4400,2.8,2.8,صف خرید,0,0,81,1.57,4485, حجم کم,54 %,97 % ,99 % ,210 % ,49788099,54,58599,ساير محصولات كاني غيرفلزي,فروش  متوسط,0,0,تحرک_مثبت,0,4,24,207,4976,20,265,5318,-58,-342,2.0,1405-06-04,12:30:52,12,17,4,9,-5,0.6666666666666666,0.4,0.25,1.6153846153846154,2.2777777777777777,0,3,-3,0.3999999999999998,ﯽﺜﻨﺧ
35366681030756042,شبندر,86,14,32,3,7,1,12950,2.94,2.94,صف خرید,0,0,67,6.87,102712, حجم کم,24 %,30 % ,102 % ,102 % ,506893407,23,681694,فراورده هاي نفتي، كك و سوخت هسته اي,خرید  متوسط,0,0,تحرک_مثبت,3,1,686,197,135618,30,185,5556,12,130062,8.0,1405-06-04,12:27:47,86,14,32,3,72,5.733333333333333,8.0,3.5,1.7586206896551724,1.4666666666666666,3,3,-1,2.0,ﺪﯾﺮﺧ ﻝﺎﻨﮕﯿﺳ
28957320033282870,چكاپا,8,12,3,0,0,0,1661,2.98,2.91,صف خرید,0,0,69,1.94,105, حجم کم,52 %,71 % ,166 % ,96 % ,113282000,21,29491,محصولات كاغذي,خرید  متوسط,0,0,تحرک_مثبت,3,1,15,160,2404,21,134,2814,26,-410,6.0,1405-06-04,12:07:03,8,12,3,0,-4,0.6153846153846154,3.0,0.0,1.2222222222222223,0.9230769230769231,0,1,-1,0.19999999999999998,ﯽﺜﻨﺧ
70309338813767186,فكمند,9,11,3,2,0,0,12460,2.98,2.48,صف خرید,0,0,71,1.32,0,حجم متوسط1.91برابر,191 %,97 % ,329 % ,383 % ,1624568,28,4088,ساخت محصولات فلزي,فروش  ضعیف,0,0,تحرک_مثبت,2,2,10,206,2067,13,147,1911,59,156,2.5,1405-06-04,12:17:07,9,11,3,2,-2,0.75,1.0,0.0,1.2,1.0833333333333333,0,0,-3,-0.5000000000000001,ﺵﻭﺮﻓ ﻝﺎﻨﮕﯿﺳ
44092474955845186,كيمازي,23,4,9,0,2,0,18550,-0.91,-0.85,منفی,0,2,61,4.7,-3874,حجم زیاد2.1برابر,210 %,211 % ,140 % ,266 % ,6141637,43,-98707,مواد و محصولات دارويي,خرید  متوسط,0,0,تحرک_منفی,2,0,36,189,6821,6,135,812,54,6009,5.0,1405-06-04,12:30:54,23,4,9,0,19,4.6,9.0,2.0,1.75,0.8,3,0,-1,1.1000000000000003,ﺪﯾﺮﺧ ﻒﯿﻌﺿ ﻝﺎﻨﮕﯿﺳ
55254206302462116,آپ,14,10,6,4,1,0,12530,2.96,2.88,صف خرید,0,0,71,1.31,4490,حجم زیاد3.26برابر,326 %,164 % ,285 % ,276 % ,3050028,72,-31944,رايانه و فعاليت‌هاي وابسته به آن,فروش  متوسط rsi,0,0,تحرک_مثبت,2,0,22,176,3892,15,261,3921,-85,-29,0.0,1405-06-04,11:59:51,14,10,6,4,4,1.2727272727272727,1.2,1.0,1.6666666666666667,1.2727272727272727,2,3,-3,1.2,ﺪﯾﺮﺧ ﻒﯿﻌﺿ ﻝﺎﻨﮕﯿﺳ
68635710163497089,همراه,30,16,26,7,7,6,10130,2.95,2.95,صف خرید,0,0,96,3.95,25569,حجم متوسط1.47برابر,147 %,117 % ,150 % ,88 % ,33756395,64,52304,مخابرات,فروش  قوی rsi,0,0,تحرک_مثبت,0,2,117,351,41100,22,608,13392,-257,27708,1.0,1405-06-04,12:12:35,30,16,26,7,14,1.7647058823529411,3.25,1.0,2.935483870967742,3.1176470588235294,3,3,-3,1.6,ﺪﯾﺮﺧ ﻝﺎﻨﮕﯿﺳ
26316376625263940,پي پاد,52,41,47,26,4,4,7010,2.94,2.94,صف خرید,0,0,96,2.83,-2186,حجم مشکوک6.41برابر,641 %,35 % ,28 % ,37 % ,9702529,72,-31944,رايانه و فعاليت‌هاي وابسته به آن,فروش  قوی rsi,0,0,تحرک_مثبت,0,1,148,267,39619,145,257,37350,10,2269,1.0,1405-06-04,11:18:17,52,41,47,26,11,1.2380952380952381,1.7407407407407407,0.8,2.2452830188679247,2.0714285714285716,3,0,-3,0.7000000000000001,ﺪﯾﺮﺧ ﻒﯿﻌﺿ ﻝﺎﻨﮕﯿﺳ
65999092673039059,مداران,3,6,2,1,0,0,6270,2.96,2.96,صف خرید,0,0,90,4.24,-139,حجم متوسط1.07برابر,107 %,123 % ,141 % ,76 % ,3534986,72,-31944,رايانه و فعاليت‌هاي وابسته به آن,فروش  ضعیف,0,0,تحرک_مثبت,0,2,3,261,784,6,206,1241,55,-457,0.5,1405-06-04,12:12:38,3,6,2,1,-3,0.42857142857142855,1.0,0.0,1.25,1.0,0,0,-3,-0.5000000000000001,ﺵﻭﺮﻓ ﻝﺎﻨﮕﯿﺳ
22260326095996531,حتوكا,80,114,40,50,8,11,2515,1.0,1.85,مثبت,0,0,81,0.78,-13797,حجم مشکوک15.79برابر,1579 %,197 % ,53 % ,95 % ,36075067,60,116556,حمل ونقل، انبارداري و ارتباطات,فروش  قوی,0,0,تحرک_منفی,0,1,441,233,102906,488,245,120009,-12,-17103,-6.0,1405-06-04,12:30:51,80,114,40,50,-34,0.6956521739130435,0.7843137254901961,0.6666666666666666,1.9753086419753085,1.9043478260869566,0,0,-3,-0.6000000000000001,ﺵﻭﺮﻓ ﻝﺎﻨﮕﯿﺳ
29590002988360984,سپيدار,25,1,8,0,0,0,9200,2.91,2.91,صف خرید,0,0,67,20.03,4949,حجم متوسط1.6برابر,160 %,74 % ,46 % ,101 % ,8749521,72,-31944,رايانه و فعاليت‌هاي وابسته به آن,خرید  متوسط,0,0,تحرک_مثبت,2,0,33,181,5990,1,100,100,81,5890,8.0,1405-06-04,12:30:57,25,1,8,0,24,12.5,8.0,0.0,1.2692307692307692,0.5,3,3,-1,2.0,ﺪﯾﺮﺧ ﻝﺎﻨﮕﯿﺳ
66726992874614788,دتوزيع,73,132,32,50,5,10,6430,2.88,1.92,صف خرید,0,0,85,0.75,-49813,حجم زیاد4.11برابر,411 %,11 % ,25 % ,11 % ,76652565,43,-98707,مواد و محصولات دارويي,فروش  قوی,0,0,تحرک_مثبت,0,2,456,207,94670,793,200,158714,7,-64044,-3.0,1405-06-04,12:30:32,73,132,32,50,-59,0.5488721804511278,0.6274509803921569,0.45454545454545453,1.7567567567567568,1.744360902255639,0,0,-3,-0.6000000000000001,ﺵﻭﺮﻓ ﻝﺎﻨﮕﯿﺳ
43913530989262989,سمايه,2,0,1,0,0,0,4780,2.8,2.8,صف خرید,0,0,59,17.92,430, حجم کم,83 %,47 % ,109 % ,193 % ,2063758,57,551430,بانكها و موسسات اعتباري,خرید  متوسط,0,0,تحرک_مثبت,1,0,2,285,571,0,0,0,285,571,8.0,1405-06-04,10:21:13,2,0,1,0,2,2.0,1.0,0.0,1.0,0.0,1,1,-1,0.6,ﺪﯾﺮﺧ ﻒﯿﻌﺿ ﻝﺎﻨﮕﯿﺳ
68517032834363488,شبصير,11,12,5,5,2,0,12750,2.99,2.99,صف خرید,0,0,73,2.15,1168, حجم کم,22 %,78 % ,112 % ,73 % ,40652230,44,416438,محصولات شيميايي,فروش  ضعیف,0,0,تحرک_مثبت,0,3,22,260,5729,18,217,3921,43,1808,2.0,1405-06-04,12:30:56,11,12,5,5,-1,0.8461538461538461,0.8333333333333334,2.0,2.1666666666666665,1.3076923076923077,0,3,-3,0.3999999999999998,ﯽﺜﻨﺧ
63917421733088077,وتجارت,61,20,48,9,1,0,955,2.91,2.91,صف خرید,0,0,91,8.76,139680, حجم کم,22 %,34 % ,47 % ,44 % ,8238702675,57,551430,بانكها و موسسات اعتباري,فروش  قوی rsi,0,0,تحرک_مثبت,0,1,621,261,162533,52,203,10566,58,151967,1.0,1405-06-04,12:22:40,61,20,48,9,41,2.9047619047619047,4.8,1.0,1.8387096774193548,1.380952380952381,3,3,-3,1.6,ﺪﯾﺮﺧ ﻝﺎﻨﮕﯿﺳ
18346219759153870,شصفها,0,0,0,0,0,0,3041,1.0,1.0,صف خرید,0,0,93,0.0,-8,حجم مشکوک5.57برابر,557 %,566 % ,1095 % ,0 % ,31390,44,416438,محصولات شيميايي,فروش  قوی rsi,0,0,تحرک_مثبت,0,0,0,0,0,0,0,0,0,0,-2.0,1405-06-04,8:48:58,0,0,0,0,0,0.0,0.0,0.0,0.0,0.0,0,0,-3,-0.6000000000000001,ﺵﻭﺮﻓ ﻝﺎﻨﮕﯿﺳ
46982154647719707,وصنا,16,16,6,8,2,1,5010,2.87,2.67,صف خرید,0,0,76,0.75,1666, حجم کم,64 %,71 % ,91 % ,77 % ,42389488,56,223642,سرمايه گذاريها,فروش  متوسط,0,0,تحرک_مثبت,0,4,23,239,5507,23,201,4633,38,874,-3.0,1405-06-04,12:30:28,16,16,6,8,0,0.9411764705882353,0.6666666666666666,1.0,1.8823529411764706,1.7058823529411764,0,3,-3,0.2999999999999998,ﯽﺜﻨﺧ
18401147983387689,غپينو,33,75,6,31,0,4,1896,-0.68,0.89,منفی,0,0,68,0.57,2808,حجم متوسط1.71برابر,171 %,55 % ,100 % ,153 % ,260083593,42,110444,محصولات غذايي و آشاميدني به جز قند و شكر,فروش  ضعیف,0,0,تحرک_منفی,1,3,302,114,34677,224,224,50369,-110,-15692,-2.5,1405-06-04,12:29:40,33,75,6,31,-42,0.4342105263157895,0.1875,0.0,1.1470588235294117,1.6578947368421053,0,3,-1,0.7,ﺪﯾﺮﺧ ﻒﯿﻌﺿ ﻝﺎﻨﮕﯿﺳ
19348717261145458,وهامون,5,5,3,0,1,0,1587,2.99,2.92,صف خرید,0,0,67,4.91,755, حجم کم,80 %,80 % ,39 % ,104 % ,40541001,56,223642,سرمايه گذاريها,خرید  متوسط,0,0,تحرک_مثبت,3,1,7,438,3069,6,160,960,278,2109,8.0,1405-06-04,11:23:30,5,5,3,0,0,0.8333333333333334,3.0,1.0,2.1666666666666665,0.8333333333333334,0,2,-1,0.5,ﺪﯾﺮﺧ ﻒﯿﻌﺿ ﻝﺎﻨﮕﯿﺳ
52455922800537930,تكنار,1,1,0,0,0,0,88860,2.99,2.99,صف خرید,0,0,90,5.95,437, حجم کم,47 %,85 % ,114 % ,96 % ,147608,13,243886,استخراج كانه هاي فلزي,فروش  قوی rsi,0,0,تحرک_مثبت,0,1,1,146,146,1,126,126,20,20,1.0,1405-06-04,9:10:05,1,1,0,0,0,0.5,0.0,0.0,0.5,0.5,0,1,-3,-0.2000000000000001,ﺵﻭﺮﻓ ﻝﺎﻨﮕﯿﺳ
17528249960294496,وتوسم,8,5,7,2,4,0,4920,2.93,2.93,صف خرید,0,0,95,14.45,7125, حجم کم,81 %,135 % ,465 % ,212 % ,26842937,56,223642,سرمايه گذاريها,فروش  قوی rsi,0,0,تحرک_مثبت,0,1,17,526,8947,6,208,1248,318,7699,1.0,1405-06-04,12:25:38,8,5,7,2,3,1.3333333333333333,2.3333333333333335,4.0,3.888888888888889,1.1666666666666667,2,3,-3,1.2,ﺪﯾﺮﺧ ﻒﯿﻌﺿ ﻝﺎﻨﮕﯿﺳ
27096851668435724,جم پيلن,14,7,6,2,0,0,237900,2.99,2.99,صف خرید,0,0,65,5.29,18111, حجم کم,47 %,134 % ,166 % ,104 % ,2019354,44,416438,محصولات شيميايي,خرید  متوسط,0,0,تحرک_مثبت,2,1,97,195,18979,8,189,1515,6,17464,8.0,1405-06-04,11:27:01,14,7,6,2,7,1.75,2.0,0.0,1.3333333333333333,1.125,3,3,-1,2.0,ﺪﯾﺮﺧ ﻝﺎﻨﮕﯿﺳ
47797676603278665,بازرگام,18,13,6,9,2,4,4390,2.81,2.81,صف خرید,0,0,82,1.26,2633, حجم کم,78 %,37 % ,22 % ,23 % ,29024566,73,-4741,اطلاعات و ارتباطات,فروش  متوسط,0,0,تحرک_مثبت,0,4,58,161,9395,20,326,6527,-165,2868,2.0,1405-06-04,12:30:30,18,13,6,9,5,1.2857142857142858,0.6,0.4,1.7894736842105263,3.0,2,3,-3,1.2,ﺪﯾﺮﺧ ﻒﯿﻌﺿ ﻝﺎﻨﮕﯿﺳ
28033133021443774,خفنر,3,2,2,0,2,0,2695,2.98,2.98,صف خرید,0,0,85,16.76,997, حجم کم,16 %,112 % ,180 % ,171 % ,40303324,34,214831,خودرو و ساخت قطعات,فروش  قوی rsi,0,0,تحرک_مثبت,0,3,3,487,1461,2,128,256,359,1205,1.0,1405-06-04,11:45:13,3,2,2,0,1,1.0,2.0,2.0,3.75,0.6666666666666666,1,2,-3,0.4999999999999999,ﯽﺜﻨﺧ
27276541005386425,فنر,16,11,3,6,1,1,5800,-2.19,-0.84,منفی,0,0,77,1.71,0,حجم متوسط1.88برابر,188 %,81 % ,26 % ,359 % ,13016770,34,214831,خودرو و ساخت قطعات,فروش  متوسط,0,0,تحرک_منفی,0,3,26,165,4312,18,255,4605,-90,-293,-5.0,1405-06-04,12:28:33,16,11,3,6,5,1.3333333333333333,0.42857142857142855,0.5,1.411764705882353,1.8333333333333333,2,0,-3,0.29999999999999993,ﯽﺜﻨﺧ
13611044044646901,ملت,6,18,2,6,0,0,3560,1.14,1.7,مثبت,0,0,91,0.65,-4846,حجم زیاد2.56برابر,256 %,130 % ,292 % ,328 % ,9253057,66,66233,بيمه وصندوق بازنشستگي به جزتامين اجتماعي,فروش  متوسط,0,0,تحرک_منفی,0,2,6,165,993,20,184,3696,-19,-2703,-5.0,1405-06-04,12:30:27,6,18,2,6,-12,0.3157894736842105,0.2857142857142857,0.0,1.1428571428571428,1.263157894736842,0,0,-3,-0.6000000000000001,ﺵﻭﺮﻓ ﻝﺎﻨﮕﯿﺳ
18568733593280948,ثاميد,6,4,5,4,4,1,1749,2.94,2.88,صف خرید,0,0,71,18.98,3181, حجم کم,82 %,106 % ,44 % ,141 % ,76131587,70,48213,انبوه سازي، املاك و مستغلات,فروش  متوسط rsi,0,0,تحرک_مثبت,1,1,19,423,8042,8,350,2803,73,5239,2.0,1405-06-04,10:54:41,6,4,5,4,2,1.2,1.0,2.0,4.428571428571429,2.6,1,3,-3,0.7999999999999997,ﺪﯾﺮﺧ ﻒﯿﻌﺿ ﻝﺎﻨﮕﯿﺳ
33420285433308219,زپارس,13,13,4,5,1,2,41890,3.0,3.0,صف خرید,0,0,89,2.1,1655,حجم متوسط1.61برابر,161 %,113 % ,434 % ,439 % ,1004229,1,35200,زراعت و خدمات وابسته,فروش  متوسط,0,0,تحرک_مثبت,0,3,33,174,5764,15,269,4039,-95,1725,2.0,1405-06-04,12:29:42,13,13,4,5,0,0.9285714285714286,0.6666666666666666,0.3333333333333333,1.5714285714285714,2.0,0,3,-3,0.3999999999999998,ﯽﺜﻨﺧ
55127657985997520,آريا,13,9,5,2,0,0,32220,1.8,2.24,مثبت,0,0,65,1.82,3771,حجم متوسط1.25برابر,125 %,102 % ,77 % ,156 % ,4793908,44,416438,محصولات شيميايي,خرید  متوسط,0,0,تحرک_منفی,4,0,21,173,3638,14,154,2161,19,1477,5.0,1405-06-04,12:30:32,13,9,5,2,4,1.3,1.6666666666666667,0.0,1.2857142857142858,1.1,2,3,-1,1.6,ﺪﯾﺮﺧ ﻝﺎﻨﮕﯿﺳ
55897939403232751,لسرما,2,8,1,1,0,0,6270,-0.16,0.32,منفی,0,0,70,0.68,-625, حجم کم,65 %,84 % ,63 % ,292 % ,7835136,29,64793,ماشين آلات و تجهيزات,فروش  ضعیف,0,0,تحرک_منفی,1,1,2,273,546,9,158,1427,115,-881,-2.5,1405-06-04,12:26:42,2,8,1,1,-6,0.2222222222222222,0.5,0.0,1.0,1.0,0,0,-1,-0.2,ﺵﻭﺮﻓ ﻝﺎﻨﮕﯿﺳ
19040514831923530,نوري,55,55,13,26,5,2,36450,3.0,2.94,صف خرید,0,0,68,1.18,18947,حجم متوسط1.47برابر,147 %,163 % ,98 % ,140 % ,17923958,44,416438,محصولات شيميايي,خرید  متوسط,0,0,تحرک_مثبت,1,3,185,171,31696,132,195,25803,-24,5893,7.0,1405-06-04,12:25:58,55,55,13,26,0,0.9821428571428571,0.48148148148148145,1.6666666666666667,1.6607142857142858,1.625,0,3,-1,0.7999999999999999,ﺪﯾﺮﺧ ﻒﯿﻌﺿ ﻝﺎﻨﮕﯿﺳ
21334155996394219,پاريز,37,1,20,0,6,0,50000,1.98,0.14,مثبت,0,4,62,15.47,-8046,حجم متوسط0.99برابر,99 %,106 % ,66 % ,75 % ,9168488,70,48213,انبوه سازي، املاك و مستغلات,خرید  متوسط,0,0,تحرک_مثبت,3,0,81,277,22443,8,104,839,173,21604,9.0,1405-06-04,12:30:57,37,1,20,0,36,18.5,20.0,6.0,2.289473684210526,0.5,3,0,-1,1.1000000000000003,ﺪﯾﺮﺧ ﻒﯿﻌﺿ ﻝﺎﻨﮕﯿﺳ
22956708386610464,خودكفا,33,32,19,18,8,5,14620,2.96,0.92,صف خرید,0,6,66,2.71,9495,حجم متوسط1.61برابر,161 %,62 % ,48 % ,89 % ,25751176,42,110444,محصولات غذايي و آشاميدني به جز قند و شكر,خرید  قوی,0,0,تحرک_مثبت,3,1,74,432,31971,85,254,21636,178,10335,11.0,1405-06-04,12:27:07,33,32,19,18,1,1.0,1.0,1.3333333333333333,2.7058823529411766,2.272727272727273,1,3,-1,1.2,ﺪﯾﺮﺧ ﻒﯿﻌﺿ ﻝﺎﻨﮕﯿﺳ
2160777579058191,وفيروزه,26,0,8,0,2,0,5600,2.75,2.39,مثبت,0,0,81,6.74,-22613,حجم متوسط1.95برابر,195 %,265 % ,36 % ,26 % ,71121286,56,223642,سرمايه گذاريها,فروش  قوی rsi,0,0,تحرک_مثبت,0,0,62,168,10437,0,0,0,168,10437,1.0,1405-06-04,12:28:10,26,0,8,0,26,26.0,8.0,2.0,1.6296296296296295,0.0,3,0,-3,0.7000000000000001,ﺪﯾﺮﺧ ﻒﯿﻌﺿ ﻝﺎﻨﮕﯿﺳ
35964395659427029,قشكر,1,1,0,0,0,0,4830,2.99,2.99,صف خرید,0,0,85,3.06,1787,حجم متوسط1.01برابر,101 %,812 % ,0 % ,0 % ,5148751,38,15187,قند و شكر,فروش  قوی rsi,0,0,تحرک_مثبت,0,1,3,106,320,1,142,142,-36,178,1.0,1405-06-04,12:12:38,1,1,0,0,0,0.5,0.0,0.0,0.5,0.5,0,3,-3,0.3999999999999998,ﯽﺜﻨﺧ
37089148943784077,خبنيان,17,17,4,1,0,0,1740,2.96,2.31,صف خرید,0,0,74,1.09,2058,حجم زیاد2.03برابر,203 %,315 % ,171 % ,191 % ,35432346,34,214831,خودرو و ساخت قطعات,فروش  متوسط rsi,0,0,تحرک_مثبت,1,0,25,181,4540,20,146,2920,35,1620,1.0,1405-06-04,12:09:42,17,17,4,1,0,0.9444444444444444,2.0,0.0,1.1666666666666667,1.0,0,3,-3,0.3999999999999998,ﯽﺜﻨﺧ
35948133957468680,سرچشمه,11,4,3,2,0,0,5480,2.81,2.81,صف خرید,0,0,68,7.9,22906,حجم مشکوک8.0برابر,800 %,823 % ,583 % ,660 % ,5759267,56,223642,سرمايه گذاريها,خرید  متوسط,0,0,تحرک_مثبت,2,0,152,157,23952,4,256,1024,-99,22928,8.0,1405-06-04,12:19:49,11,4,3,2,7,2.2,1.0,0.0,1.1666666666666667,1.2,3,3,-1,2.0,ﺪﯾﺮﺧ ﻝﺎﻨﮕﯿﺳ
54676885047867737,وتوشه,19,13,10,2,3,0,8410,2.69,1.95,مثبت,0,0,74,2.02,5017,حجم متوسط1.24برابر,124 %,208 % ,44 % ,113 % ,11414208,29,64793,ماشين آلات و تجهيزات,فروش  متوسط rsi,0,0,تحرک_مثبت,0,1,27,318,8588,20,150,3007,168,5581,1.0,1405-06-04,12:22:42,19,13,10,2,6,1.3571428571428572,3.3333333333333335,3.0,2.2,1.0714285714285714,3,3,-3,1.6,ﺪﯾﺮﺧ ﻝﺎﻨﮕﯿﺳ
4373573287489723,وامين,8,1,3,0,0,0,4920,2.93,2.51,صف خرید,0,0,77,3.42,1197, حجم کم,31 %,96 % ,17 % ,40 % ,15544944,56,223642,سرمايه گذاريها,فروش  متوسط rsi,0,0,تحرک_مثبت,0,0,8,202,1619,1,113,113,89,1506,2.0,1405-06-04,12:28:32,8,1,3,0,7,4.0,3.0,0.0,1.2222222222222223,0.5,3,3,-3,1.6,ﺪﯾﺮﺧ ﻝﺎﻨﮕﯿﺳ
5427792638736934,زفكا,13,13,4,8,1,1,7820,2.89,2.76,صف خرید,0,0,57,1.18,1364,حجم متوسط1.22برابر,122 %,94 % ,93 % ,74 % ,42551285,1,35200,زراعت و خدمات وابسته,خنثی,0,0,تحرک_مثبت,0,2,35,169,5921,21,282,5924,-113,-3,4.0,1405-06-04,11:54:31,13,13,4,8,0,0.9285714285714286,0.4444444444444444,0.5,1.5714285714285714,1.8571428571428572,0,3,-1,0.7999999999999999,ﺪﯾﺮﺧ ﻒﯿﻌﺿ ﻝﺎﻨﮕﯿﺳ
20453828618330936,بنيرو,4,1,0,0,0,0,3950,2.86,2.86,صف خرید,0,0,71,7.22,677, حجم کم,9 %,182 % ,18 % ,144 % ,33189886,31,32044,ماشين آلات و دستگاه‌هاي برقي,فروش  متوسط rsi,0,0,تحرک_مثبت,3,0,4,143,575,1,138,138,5,437,2.0,1405-06-04,10:02:10,4,1,0,0,3,2.0,0.0,0.0,0.8,0.5,2,2,-3,0.8999999999999998,ﺪﯾﺮﺧ ﻒﯿﻌﺿ ﻝﺎﻨﮕﯿﺳ
11129387075131725,تملت,4,1,0,0,0,0,2125,2.96,2.96,صف خرید,0,0,85,15.62,404, حجم کم,57 %,157 % ,227 % ,330 % ,9387164,67,104413,فعاليتهاي كمكي به نهادهاي مالي واسط,فروش  قوی rsi,0,0,تحرک_مثبت,0,1,4,132,530,1,106,106,26,424,1.0,1405-06-04,10:55:21,4,1,0,0,3,2.0,0.0,0.0,0.8,0.5,2,1,-3,0.6,ﺪﯾﺮﺧ ﻒﯿﻌﺿ ﻝﺎﻨﮕﯿﺳ
13227300125161435,سصوفي,51,69,18,34,1,3,171500,2.94,2.58,صف خرید,0,0,61,0.75,-12913, حجم کم,84 %,74 % ,63 % ,171 % ,3537673,53,-4902,سيمان، آهك و گچ,فروش  ضعیف,0,0,تحرک_مثبت,1,3,88,187,16456,111,224,24971,-37,-8515,1.5,1405-06-04,12:30:53,51,69,18,34,-18,0.7285714285714285,0.5142857142857142,0.25,1.4230769230769231,1.6857142857142857,0,0,-1,-0.2,ﺵﻭﺮﻓ ﻝﺎﻨﮕﯿﺳ
62258804563636993,تكشا,21,19,9,3,0,1,9480,0.74,0.85,مثبت,0,0,50,1.02,0,حجم متوسط0.95برابر,95 %,63 % ,120 % ,120 % ,12527003,29,64793,ماشين آلات و تجهيزات,خرید  متوسط,0,0,تحرک_منفی,1,3,24,203,4881,29,165,4790,38,91,4.0,1405-06-04,12:29:17,21,19,9,3,2,1.05,2.25,0.0,1.3636363636363635,1.35,1,0,0,0.5,ﺪﯾﺮﺧ ﻒﯿﻌﺿ ﻝﺎﻨﮕﯿﺳ
204092872752957,شصدف,18,11,2,4,0,0,18300,2.75,2.81,مثبت,0,0,86,1.48,609, حجم کم,34 %,104 % ,68 % ,192 % ,18175657,44,416438,محصولات شيميايي,فروش  متوسط,0,0,تحرک_منفی,0,2,25,158,3955,13,277,3613,-119,342,-1.0,1405-06-04,12:30:57,18,11,2,4,7,1.5,0.4,0.0,1.0526315789473684,1.25,3,2,-3,1.3000000000000003,ﺪﯾﺮﺧ ﻒﯿﻌﺿ ﻝﺎﻨﮕﯿﺳ
37614886280396031,وساپا,141,176,60,84,16,13,7890,1.41,1.93,مثبت,0,0,74,0.82,-10941,حجم زیاد2.11برابر,211 %,610 % ,33 % ,2 % ,139061185,56,223642,سرمايه گذاريها,فروش  متوسط,0,0,تحرک_منفی,0,3,750,193,145286,703,234,164544,-41,-19258,-5.0,1405-06-04,12:30:53,141,176,60,84,-35,0.7966101694915254,0.7058823529411765,1.1428571428571428,1.9788732394366197,1.8361581920903955,0,0,-3,-0.6000000000000001,ﺵﻭﺮﻓ ﻝﺎﻨﮕﯿﺳ
11432067920374603,دسينا,17,35,7,22,1,6,89790,-0.8,-1.09,منفی,0,0,80,0.46,-5787, حجم کم,81 %,224 % ,281 % ,21 % ,2824114,43,-98707,مواد و محصولات دارويي,فروش  قوی,0,0,تحرک_مثبت,0,4,28,229,6412,43,327,14069,-98,-7657,-8.0,1405-06-04,12:30:51,17,35,7,22,-18,0.4722222222222222,0.30434782608695654,0.14285714285714285,1.6111111111111112,2.4166666666666665,0,0,-3,-0.6000000000000001,ﺵﻭﺮﻓ ﻝﺎﻨﮕﯿﺳ
5987841496184505,شگويا,17,6,11,0,0,0,8530,2.9,2.9,صف خرید,0,0,59,23.92,16889, حجم کم,50 %,50 % ,55 % ,46 % ,51271762,44,416438,محصولات شيميايي,خرید  متوسط,0,0,تحرک_مثبت,4,0,70,291,20404,6,138,831,153,19573,8.0,1405-06-04,12:23:23,17,6,11,0,11,2.4285714285714284,11.0,0.0,1.5555555555555556,0.8571428571428571,3,3,-1,2.0,ﺪﯾﺮﺧ ﻝﺎﻨﮕﯿﺳ
31078457170311964,ولشرق,18,6,3,0,0,0,4020,2.81,2.81,صف خرید,0,0,62,6.54,4400, حجم کم,47 %,41 % ,161 % ,66 % ,40033554,58,7845,ساير واسطه گريهاي مالي,خرید  متوسط,0,0,تحرک_مثبت,4,0,44,159,7011,6,120,722,39,6289,8.0,1405-06-04,12:24:06,18,6,3,0,12,2.5714285714285716,3.0,0.0,1.105263157894737,0.8571428571428571,3,3,-1,2.0,ﺪﯾﺮﺧ ﻝﺎﻨﮕﯿﺳ
655060129740445,اپال,21,25,9,10,3,6,14690,2.94,2.94,صف خرید,0,0,89,1.82,-10138,حجم مشکوک5.18برابر,518 %,183 % ,216 % ,186 % ,3609665,13,243886,استخراج كانه هاي فلزي,فروش  متوسط,0,0,تحرک_مثبت,0,1,32,288,9239,49,334,16405,-46,-7166,0.0,1405-06-04,12:24:12,21,25,9,10,-4,0.8076923076923077,0.8181818181818182,0.42857142857142855,2.0454545454545454,2.5,0,0,-3,-0.5000000000000001,ﺵﻭﺮﻓ ﻝﺎﻨﮕﯿﺳ
32347247706508046,ساوه,11,9,3,1,0,0,10460,2.95,2.95,صف خرید,0,0,52,2.3,677, حجم کم,40 %,49 % ,92 % ,108 % ,20291270,53,-4902,سيمان، آهك و گچ,خرید  متوسط,0,0,تحرک_مثبت,1,3,20,153,3062,18,120,2163,33,899,8.0,1405-06-04,12:17:55,11,9,3,1,2,1.1,1.5,0.0,1.1666666666666667,1.0,1,2,0,1.1,ﺪﯾﺮﺧ ﻒﯿﻌﺿ ﻝﺎﻨﮕﯿﺳ
62107151670661969,بكابل,17,15,5,8,0,0,6070,2.88,2.71,صف خرید,0,0,75,1.22,1389, حجم کم,64 %,92 % ,117 % ,74 % ,22950480,31,32044,ماشين آلات و دستگاه‌هاي برقي,فروش  متوسط,0,0,تحرک_مثبت,0,2,23,190,4375,21,197,4149,-7,226,1.0,1405-06-04,12:28:32,17,15,5,8,2,1.0625,0.5555555555555556,0.0,1.2222222222222223,1.4375,1,3,-3,0.7999999999999997,ﺪﯾﺮﺧ ﻒﯿﻌﺿ ﻝﺎﻨﮕﯿﺳ
60783654574662426,وهنر,9,9,3,3,0,0,4720,2.83,1.96,صف خرید,0,0,79,1.19,-1455,حجم متوسط0.94برابر,94 %,90 % ,123 % ,59 % ,11564335,90,-1399,فعاليت هاي هنري، سرگرمي و خلاقانه,فروش  متوسط rsi,0,0,تحرک_مثبت,0,1,9,173,1561,9,167,1504,6,57,1.0,1405-06-04,12:29:43,9,9,3,3,0,0.9,0.75,0.0,1.2,1.2,0,0,-3,-0.5000000000000001,ﺵﻭﺮﻓ ﻝﺎﻨﮕﯿﺳ
12746730665870442,بهپاك,54,40,21,14,4,2,15630,2.96,2.9,صف خرید,0,2,61,1.44,8784,حجم متوسط0.98برابر,98 %,92 % ,88 % ,65 % ,24875373,42,110444,محصولات غذايي و آشاميدني به جز قند و شكر,خرید  قوی,0,0,تحرک_مثبت,1,2,107,234,25061,66,203,13416,31,11645,11.0,1405-06-04,12:30:32,54,40,21,14,14,1.3170731707317074,1.4,1.3333333333333333,1.7272727272727273,1.5609756097560976,3,3,-1,2.0,ﺪﯾﺮﺧ ﻝﺎﻨﮕﯿﺳ
63481599728522324,ثشاهد,27,22,8,10,3,2,11440,2.97,2.97,صف خرید,0,0,84,2.19,4013, حجم کم,47 %,56 % ,174 % ,208 % ,42711558,70,48213,انبوه سازي، املاك و مستغلات,فروش  متوسط,0,0,تحرک_مثبت,0,4,89,178,15852,39,236,9229,-58,6623,2.0,1405-06-04,12:30:53,27,22,8,10,5,1.173913043478261,0.7272727272727273,1.0,1.7857142857142858,1.826086956521739,2,3,-3,1.2,ﺪﯾﺮﺧ ﻒﯿﻌﺿ ﻝﺎﻨﮕﯿﺳ
27405735172634593,اتكام,4,7,0,1,0,0,3028,2.47,0.98,مثبت,0,0,78,0.7,-392, حجم کم,60 %,96 % ,15 % ,89 % ,12545513,66,66233,بيمه وصندوق بازنشستگي به جزتامين اجتماعي,فروش  متوسط,0,0,تحرک_مثبت,0,3,5,119,595,7,169,1188,-50,-593,-3.0,1405-06-04,11:58:21,4,7,0,1,-3,0.5,0.0,0.0,0.8,1.0,0,0,-3,-0.6000000000000001,ﺵﻭﺮﻓ ﻝﺎﻨﮕﯿﺳ
45518744711972166,غپآذر,3,1,2,0,0,0,21100,2.98,2.98,صف خرید,0,0,78,5.15,1912, حجم کم,33 %,73 % ,140 % ,101 % ,6793200,42,110444,محصولات غذايي و آشاميدني به جز قند و شكر,فروش  متوسط rsi,0,0,تحرک_مثبت,0,3,12,201,2420,7,106,743,95,1677,2.0,1405-06-04,9:52:28,3,1,2,0,2,1.5,2.0,0.0,1.25,0.5,1,3,-3,0.7999999999999997,ﺪﯾﺮﺧ ﻒﯿﻌﺿ ﻝﺎﻨﮕﯿﺳ
34557241988629814,بركت,20,15,8,7,1,0,4920,2.93,2.93,صف خرید,0,0,90,2.62,7549, حجم کم,41 %,197 % ,101 % ,310 % ,139397931,43,-98707,مواد و محصولات دارويي,فروش  قوی rsi,0,0,تحرک_مثبت,0,1,77,157,12131,22,205,4526,-48,7605,1.0,1405-06-04,12:15:35,20,15,8,7,5,1.25,1.0,1.0,1.5714285714285714,1.375,2,3,-3,1.2,ﺪﯾﺮﺧ ﻒﯿﻌﺿ ﻝﺎﻨﮕﯿﺳ
19257295292088310,خكمك,15,13,4,4,0,0,2588,2.98,2.94,صف خرید,0,0,75,1.44,1410,حجم متوسط0.94برابر,94 %,140 % ,163 % ,176 % ,29903034,34,214831,خودرو و ساخت قطعات,فروش  متوسط rsi,0,0,تحرک_مثبت,1,2,21,162,3421,18,166,2992,-4,429,2.0,1405-06-04,11:13:40,15,13,4,4,2,1.0714285714285714,0.8,0.0,1.1875,1.2142857142857142,1,3,-3,0.7999999999999997,ﺪﯾﺮﺧ ﻒﯿﻌﺿ ﻝﺎﻨﮕﯿﺳ
14957056743925737,خلنت,24,33,5,9,1,1,5840,-0.68,-0.85,منفی,0,0,73,0.76,1255,حجم زیاد3.18برابر,318 %,66 % ,43 % ,84 % ,11687967,34,214831,خودرو و ساخت قطعات,فروش  متوسط,0,0,تحرک_مثبت,0,3,31,172,5338,42,189,7975,-17,-2637,-7.0,1405-06-04,12:28:34,24,33,5,9,-9,0.7058823529411765,0.5,0.5,1.36,1.3823529411764706,0,3,-3,0.2999999999999998,ﯽﺜﻨﺧ
57157873359416943,شرنگي,3,2,2,0,0,0,19570,3.0,3.0,صف خرید,0,0,90,4.95,41, حجم کم,42 %,82 % ,56 % ,159 % ,1442037,44,416438,محصولات شيميايي,فروش  قوی rsi,0,0,تحرک_مثبت,0,2,4,209,839,2,196,392,13,447,1.0,1405-06-04,10:19:50,3,2,2,0,1,1.0,2.0,0.0,1.25,0.6666666666666666,1,1,-3,0.19999999999999987,ﯽﺜﻨﺧ
28809886765682162,حفاري,37,56,20,26,6,11,5520,2.99,2.99,صف خرید,0,0,70,1.48,-8178, حجم کم,85 %,104 % ,160 % ,61 % ,139340278,11,-10938,استخراج نفت گاز و خدمات جنبي جز اكتشاف,فروش  ضعیف,0,0,تحرک_مثبت,0,3,118,244,28831,131,278,36494,-34,-7663,4.5,1405-06-04,12:29:17,37,56,20,26,-19,0.6491228070175439,0.7407407407407407,0.5,2.289473684210526,2.4035087719298245,0,0,-1,-0.1,ﺵﻭﺮﻓ ﻝﺎﻨﮕﯿﺳ
58462435595049907,فنفت,14,1,2,0,0,0,5310,2.91,2.91,صف خرید,0,0,90,12.52,5002, حجم کم,76 %,75 % ,42 % ,0 % ,14398912,27,512358,فلزات اساسي,فروش  قوی rsi,0,0,تحرک_مثبت,0,1,30,159,4775,1,155,155,4,4620,1.0,1405-06-04,12:12:57,14,1,2,0,13,7.0,2.0,0.0,1.0666666666666667,0.5,3,3,-3,1.6,ﺪﯾﺮﺧ ﻝﺎﻨﮕﯿﺳ
9761381741308262,وشمال,11,7,2,2,0,0,27300,1.79,0.71,مثبت,0,0,65,1.5,370,حجم متوسط1.27برابر,127 %,84 % ,71 % ,109 % ,1495221,56,223642,سرمايه گذاريها,خرید  ضعیف,0,0,تحرک_مثبت,0,2,13,167,2174,10,170,1706,-3,468,6.5,1405-06-04,12:29:42,11,7,2,2,4,1.375,0.6666666666666666,0.0,1.0833333333333333,1.125,2,1,-1,1.0000000000000002,ﺪﯾﺮﺧ ﻒﯿﻌﺿ ﻝﺎﻨﮕﯿﺳ
68347423518804677,نيروترانسفو,21,0,4,0,0,0,24960,0.04,-1.44,مثبت,0,0,63,8.21,-2803, حجم کم,80 %,83 % ,73 % ,367 % ,18568599,31,32044,ماشين آلات و دستگاه‌هاي برقي,خرید  متوسط,0,0,تحرک_مثبت,2,0,45,147,6618,0,0,0,147,6618,7.0,1405-06-04,12:30:57,21,0,4,0,21,21.0,4.0,0.0,1.1363636363636365,0.0,3,0,-1,1.1000000000000003,ﺪﯾﺮﺧ ﻒﯿﻌﺿ ﻝﺎﻨﮕﯿﺳ
5054819322815158,زمگسا,13,11,5,4,0,0,98620,3.0,2.95,صف خرید,0,0,75,1.01,253,حجم متوسط1.11برابر,111 %,60 % ,101 % ,248 % ,1059834,1,35200,زراعت و خدمات وابسته,فروش  متوسط rsi,0,0,تحرک_مثبت,0,3,19,189,3597,14,179,2514,10,1083,1.0,1405-06-04,12:26:41,13,11,5,4,2,1.0833333333333333,1.0,0.0,1.2857142857142858,1.25,1,1,-3,0.19999999999999987,ﯽﺜﻨﺧ
5305844922895340,داوه,3,0,3,0,0,0,9980,2.99,2.99,صف خرید,0,0,97,40.86,1698, حجم کم,15 %,171 % ,301 % ,0 % ,14315094,43,-98707,مواد و محصولات دارويي,فروش  قوی rsi,0,0,تحرک_مثبت,0,1,8,246,1970,0,0,0,246,1970,1.0,1405-06-04,11:43:07,3,0,3,0,3,3.0,3.0,0.0,1.5,0.0,2,3,-3,1.2,ﺪﯾﺮﺧ ﻒﯿﻌﺿ ﻝﺎﻨﮕﯿﺳ
50100062518826135,دامين,60,64,29,44,3,18,15410,-2.96,-1.95,صف فروش,0,0,57,0.45,-19032,حجم متوسط1.86برابر,186 %,242 % ,20 % ,124 % ,32331440,43,-98707,مواد و محصولات دارويي,فروش  ضعیف,0,0,تحرک_منفی,1,3,191,216,41299,231,332,76887,-116,-35588,-3.5,1405-06-04,12:30:31,60,64,29,44,-4,0.9230769230769231,0.6444444444444445,0.15789473684210525,1.7049180327868851,3.046153846153846,0,0,-1,-0.2,ﺵﻭﺮﻓ ﻝﺎﻨﮕﯿﺳ
52382684379473036,دكپسول,18,21,3,3,0,0,175400,1.27,1.91,مثبت,0,0,59,1.07,4368, حجم کم,73 %,123 % ,150 % ,183 % ,1256291,43,-98707,مواد و محصولات دارويي,فروش  ضعیف,0,0,تحرک_منفی,0,4,42,157,6607,29,150,4376,7,2231,2.5,1405-06-04,12:30:56,18,21,3,3,-3,0.8181818181818182,0.75,0.0,1.105263157894737,1.0909090909090908,0,3,-1,0.7999999999999999,ﺪﯾﺮﺧ ﻒﯿﻌﺿ ﻝﺎﻨﮕﯿﺳ
55289848471625247,پرسپوليس,1,0,0,0,0,0,1484,2.98,2.98,صف خرید,0,0,76,44.69,583,حجم مشکوک6.14برابر,614 %,178 % ,0 % ,0 % ,950118,93,644,فعاليتهاي فرهنگي و ورزشي,فروش  متوسط rsi,0,0,تحرک_مثبت,0,0,1,132,132,0,0,0,132,132,2.0,1405-06-04,10:17:34,1,0,0,0,1,1.0,0.0,0.0,0.5,0.0,1,2,-3,0.4999999999999999,ﯽﺜﻨﺧ
22299894048845903,غگل,14,24,6,13,2,1,7170,-0.14,0.84,منفی,0,0,69,0.98,-1778,حجم متوسط1.18برابر,118 %,96 % ,133 % ,89 % ,13829761,42,110444,محصولات غذايي و آشاميدني به جز قند و شكر,فروش  ضعیف,0,0,تحرک_منفی,4,0,16,300,4806,36,201,7260,99,-2454,0.5,1405-06-04,12:28:37,14,24,6,13,-10,0.56,0.42857142857142855,1.0,2.0,1.68,0,0,-1,-0.2,ﺵﻭﺮﻓ ﻝﺎﻨﮕﯿﺳ
64699417405634265,نطرين,27,22,13,8,2,0,4410,2.8,2.33,صف خرید,0,2,53,1.11,1273,حجم متوسط1.41برابر,141 %,351 % ,27 % ,15 % ,26550054,17,11096,منسوجات,خرید  قوی,0,0,تحرک_مثبت,1,3,42,211,8871,42,191,8057,20,814,10.0,1405-06-04,11:45:38,27,22,13,8,5,1.173913043478261,1.4444444444444444,2.0,1.7857142857142858,1.3043478260869565,2,3,0,1.8,ﺪﯾﺮﺧ ﻝﺎﻨﮕﯿﺳ
34890845654517313,ساربيل,4,8,1,5,0,0,83850,3.0,2.52,صف خرید,0,0,58,1.22,-3100,حجم متوسط1.04برابر,104 %,207 % ,31 % ,92 % ,595207,53,-4902,سيمان، آهك و گچ,فروش  ضعیف,0,0,تحرک_مثبت,0,4,4,157,629,9,238,2143,-81,-1514,4.5,1405-06-04,11:48:03,4,8,1,5,-4,0.4444444444444444,0.16666666666666666,0.0,1.0,1.4444444444444444,0,0,-1,-0.1,ﺵﻭﺮﻓ ﻝﺎﻨﮕﯿﺳ
60633055620418060,فلات,1,5,1,1,0,0,18430,-3.0,-2.05,صف فروش,0,0,80,0.72,0,حجم متوسط1.76برابر,176 %,360 % ,271 % ,34 % ,652294,56,223642,سرمايه گذاريها,فروش  ضعیف,0,0,تحرک_منفی,0,3,1,211,211,5,168,841,43,-630,-7.5,1405-06-04,10:38:42,1,5,1,1,-4,0.16666666666666666,0.5,0.0,1.0,1.0,0,0,-3,-0.6000000000000001,ﺵﻭﺮﻓ ﻝﺎﻨﮕﯿﺳ
7505990056227818,ممسني,0,0,0,0,0,0,9250,2.89,0.11,صف خرید,0,0,80,7.0,0, حجم کم,10 %,21 % ,17 % ,31 % ,231894,44,416438,محصولات شيميايي,فروش  قوی rsi,0,0,تحرک_مثبت,0,0,0,0,0,0,0,0,0,0,0.0,1405-06-04,8:49:04,0,0,0,0,0,0.0,0.0,0.0,0.0,0.0,0,0,-3,-0.5000000000000001,ﺵﻭﺮﻓ ﻝﺎﻨﮕﯿﺳ
33406621820337161,دجابر,15,7,6,3,0,1,46680,2.98,2.98,صف خرید,0,0,100,3.55,2475, حجم کم,15 %,411 % ,1591 % ,4 % ,8969857,43,-98707,مواد و محصولات دارويي,فروش  متوسط,0,0,تحرک_مثبت,0,4,22,191,4215,8,222,1780,-31,2435,2.0,1405-06-04,12:29:16,15,7,6,3,8,1.875,1.5,0.0,1.3125,1.875,3,3,-3,1.6,ﺪﯾﺮﺧ ﻝﺎﻨﮕﯿﺳ
28672095850798501,غسالم,16,18,7,13,1,3,8940,0.11,1.01,مثبت,0,0,72,0.82,-2226,حجم متوسط1.11برابر,111 %,97 % ,138 % ,459 % ,15544266,42,110444,محصولات غذايي و آشاميدني به جز قند و شكر,فروش  قوی,0,0,تحرک_منفی,1,3,25,180,4521,20,284,5688,-104,-1167,-8.0,1405-06-04,12:28:36,16,18,7,13,-2,0.8421052631578947,0.5,0.25,1.6470588235294117,2.4210526315789473,0,0,-3,-0.6000000000000001,ﺵﻭﺮﻓ ﻝﺎﻨﮕﯿﺳ
58810336532668771,كايزد,25,27,15,18,3,7,5630,2.74,2.92,مثبت,0,0,83,0.94,26,حجم زیاد2.08برابر,208 %,53 % ,112 % ,159 % ,19916104,54,58599,ساير محصولات كاني غيرفلزي,فروش  متوسط,0,0,تحرک_منفی,0,4,49,264,12963,41,421,17278,-157,-4315,-2.0,1405-06-04,12:29:22,25,27,15,18,-2,0.8928571428571429,0.7894736842105263,0.375,2.1153846153846154,2.857142857142857,0,1,-3,-0.3000000000000001,ﺵﻭﺮﻓ ﻝﺎﻨﮕﯿﺳ
34641719089573667,دتماد,35,37,26,13,6,3,54200,2.98,2.83,صف خرید,0,0,79,1.19,16245,حجم متوسط1.21برابر,121 %,352 % ,68 % ,15 % ,6886075,43,-98707,مواد و محصولات دارويي,فروش  ضعیف,0,0,تحرک_مثبت,0,3,73,357,26112,76,217,16534,140,9578,1.5,1405-06-04,12:08:11,35,37,26,13,-2,0.9210526315789473,1.8571428571428572,1.5,2.5277777777777777,1.7105263157894737,0,3,-3,0.3999999999999998,ﯽﺜﻨﺧ
64358061873294912,چفيبر,5,4,4,2,0,1,7990,2.96,2.96,صف خرید,0,0,81,7.37,702, حجم کم,26 %,13 % ,14 % ,120 % ,10995688,20,1786,محصولات چوبي,فروش  متوسط,0,0,تحرک_مثبت,0,2,11,184,2027,5,254,1274,-70,753,2.0,1405-06-04,10:33:29,5,4,4,2,1,1.0,1.3333333333333333,0.0,1.5,2.2,1,2,-3,0.4999999999999999,ﯽﺜﻨﺧ
62786156501584862,پاكشو,4,5,1,0,0,0,11760,2.98,2.98,صف خرید,0,0,80,1.48,817, حجم کم,17 %,20 % ,26 % ,111 % ,22962031,44,416438,محصولات شيميايي,فروش  ضعیف,0,0,تحرک_مثبت,0,4,5,210,1050,5,141,709,69,341,2.5,1405-06-04,11:32:22,4,5,1,0,-1,0.6666666666666666,1.0,0.0,1.0,0.8333333333333334,0,2,-3,0.0999999999999999,ﯽﺜﻨﺧ
35831329532779850,نارنج اهرم,85,122,52,66,24,13,58045,4.0,3.86,صف خرید,0,0,68,1.05,-71287, حجم کم,64 %,128 % ,23 % ,130 % ,103577939,68,48213,صندوق های اهرمی,خرید  متوسط,0,0,تحرک_مثبت,3,1,1047,273,286195,1272,284,361716,-11,-75521,5.0,1405-06-04,12:30:53,85,122,52,66,-37,0.6910569105691057,0.7761194029850746,1.7142857142857142,2.988372093023256,2.0569105691056913,0,0,-1,-0.1,ﺵﻭﺮﻓ ﻝﺎﻨﮕﯿﺳ
59839275647597021,وثوق,34,28,22,21,12,4,39060,2.82,2.45,مثبت,0,11,66,1.96,-522,حجم زیاد4.49برابر,449 %,328 % ,69 % ,134 % ,1178111,56,223642,سرمايه گذاريها,خرید  متوسط,0,0,تحرک_مثبت,1,3,41,428,17563,45,325,14651,103,2912,9.0,1405-06-04,12:30:31,34,28,22,21,6,1.1724137931034482,1.0,2.4,3.3142857142857145,2.3793103448275863,3,0,-1,1.1000000000000003,ﺪﯾﺮﺧ ﻒﯿﻌﺿ ﻝﺎﻨﮕﯿﺳ
20562694899904339,شپديس,91,48,47,24,13,3,11260,2.93,2.93,صف خرید,0,11,54,1.57,118085,حجم متوسط1.19برابر,119 %,115 % ,153 % ,104 % ,208015810,44,416438,محصولات شيميايي,خرید  قوی,0,0,تحرک_مثبت,2,2,891,189,168552,310,222,68880,-33,99672,11.0,1405-06-04,12:30:52,91,48,47,24,43,1.8571428571428572,1.88,3.25,2.2065217391304346,1.7755102040816326,3,3,0,2.2,ﺪﯾﺮﺧ ﻝﺎﻨﮕﯿﺳ
5317427172344706,هجرت,63,125,23,52,2,8,8640,2.98,0.95,صف خرید,0,0,86,0.54,-59414,حجم زیاد3.9برابر,390 %,188 % ,11 % ,5 % ,55325953,43,-98707,مواد و محصولات دارويي,فروش  قوی,0,0,تحرک_مثبت,0,2,250,166,41613,639,201,128472,-35,-86859,-3.0,1405-06-04,12:30:56,63,125,23,52,-62,0.5,0.4339622641509434,0.2222222222222222,1.5,1.7222222222222223,0,0,-3,-0.6000000000000001,ﺵﻭﺮﻓ ﻝﺎﻨﮕﯿﺳ
24085906177899789,كترام,9,2,4,0,0,0,3450,2.68,2.68,مثبت,0,0,71,2.39,-86, حجم کم,65 %,93 % ,90 % ,220 % ,16131663,49,25165,كاشي و سراميك,فروش  متوسط rsi,0,0,تحرک_مثبت,3,0,11,168,1857,2,154,308,14,1549,2.0,1405-06-04,12:30:29,9,2,4,0,7,3.0,4.0,0.0,1.3,0.6666666666666666,3,0,-3,0.7000000000000001,ﺪﯾﺮﺧ ﻒﯿﻌﺿ ﻝﺎﻨﮕﯿﺳ
64707090254488560,ثعتما,5,6,2,2,2,0,40970,2.99,2.11,صف خرید,0,0,66,2.36,-291,حجم متوسط1.36برابر,136 %,155 % ,123 % ,0 % ,540725,70,48213,انبوه سازي، املاك و مستغلات,خرید  متوسط,0,0,تحرک_مثبت,1,1,6,341,2046,10,144,1444,197,602,5.0,1405-06-04,12:29:43,5,6,2,2,-1,0.7142857142857143,0.6666666666666666,2.0,2.8333333333333335,1.1428571428571428,0,0,-1,-0.1,ﺵﻭﺮﻓ ﻝﺎﻨﮕﯿﺳ
66142616039907394,دماوند,34,25,16,3,3,1,13350,2.93,2.85,صف خرید,0,0,77,2.56,4805,حجم متوسط1.03برابر,103 %,120 % ,158 % ,189 % ,13140116,40,-10608,عرضه برق، گاز، بخاروآب گرم,فروش  متوسط rsi,0,0,تحرک_مثبت,0,3,49,284,13952,40,156,6265,128,7687,2.0,1405-06-04,12:02:59,34,25,16,3,9,1.3076923076923077,4.0,1.5,1.8571428571428572,1.2692307692307692,3,3,-3,1.6,ﺪﯾﺮﺧ ﻝﺎﻨﮕﯿﺳ
17284166795866794,واحيا,22,10,8,5,0,3,15320,2.96,0.81,صف خرید,0,0,91,1.23,2695, حجم کم,63 %,29 % ,17 % ,32 % ,12153682,56,223642,سرمايه گذاريها,فروش  متوسط,0,0,تحرک_مثبت,0,1,51,190,9720,12,595,7151,-405,2569,2.0,1405-06-04,12:26:43,22,10,8,5,12,2.0,1.3333333333333333,0.0,1.3043478260869565,2.727272727272727,3,3,-3,1.6,ﺪﯾﺮﺧ ﻝﺎﻨﮕﯿﺳ
25079426576214829,خبرنا,28,18,14,8,3,0,7310,2.96,2.54,صف خرید,0,1,70,4.68,3604,حجم متوسط1.59برابر,159 %,148 % ,205 % ,475 % ,20180592,34,214831,خودرو و ساخت قطعات,فروش  متوسط rsi,0,0,تحرک_مثبت,2,1,54,256,13843,41,165,6770,91,7073,8.0,1405-06-04,12:24:50,28,18,14,8,10,1.4736842105263157,1.5555555555555556,3.0,1.9655172413793103,1.368421052631579,3,3,-1,2.0,ﺪﯾﺮﺧ ﻝﺎﻨﮕﯿﺳ
20024911381434086,دكيمي,22,2,15,0,0,0,63780,2.99,2.99,صف خرید,0,0,96,10.99,13278,حجم متوسط1.27برابر,127 %,59 % ,594 % ,46 % ,1744711,43,-98707,مواد و محصولات دارويي,فروش  قوی rsi,0,0,تحرک_مثبت,0,2,65,214,13922,2,163,327,51,13595,1.0,1405-06-04,12:15:36,22,2,15,0,20,7.333333333333333,15.0,0.0,1.608695652173913,0.6666666666666666,3,3,-3,1.6,ﺪﯾﺮﺧ ﻝﺎﻨﮕﯿﺳ
37631109616997982,قشهد,3,0,1,0,0,0,2785,3.0,3.0,صف خرید,0,0,64,28.49,4132,حجم مشکوک50.61برابر,5061 %,1606 % ,594 % ,0 % ,320038,38,15187,قند و شكر,خرید  متوسط,0,0,تحرک_مثبت,3,0,23,181,4182,0,0,0,181,4182,8.0,1405-06-04,12:30:51,3,0,1,0,3,3.0,1.0,0.0,1.0,0.0,2,3,-1,1.6,ﺪﯾﺮﺧ ﻝﺎﻨﮕﯿﺳ
47348197320716810,دسانكو,21,39,9,11,1,3,3270,0.31,0.61,مثبت,0,0,76,0.54,-2112, حجم کم,89 %,134 % ,152 % ,170 % ,64191042,43,-98707,مواد و محصولات دارويي,فروش  قوی,0,0,تحرک_منفی,0,4,31,189,5884,75,176,13227,13,-7343,-4.0,1405-06-04,12:30:56,21,39,9,11,-18,0.525,0.75,0.25,1.5909090909090908,1.625,0,0,-3,-0.6000000000000001,ﺵﻭﺮﻓ ﻝﺎﻨﮕﯿﺳ
18599703143458101,اميد,12,17,2,7,0,2,4010,1.78,2.54,مثبت,0,0,87,0.66,4701,حجم زیاد3.71برابر,371 %,181 % ,185 % ,270 % ,8612415,67,104413,فعاليتهاي كمكي به نهادهاي مالي واسط,فروش  متوسط,0,0,تحرک_منفی,0,2,15,138,2074,19,249,4736,-111,-2662,-5.0,1405-06-04,12:28:08,12,17,2,7,-5,0.6666666666666666,0.25,0.0,1.0769230769230769,1.8888888888888888,0,3,-3,0.2999999999999998,ﯽﺜﻨﺧ
15917865009187760,ماديرا,11,4,8,2,2,0,2949,2.97,2.97,صف خرید,0,0,70,15.21,2856, حجم کم,48 %,264 % ,32 % ,92 % ,76404979,26,14357,توليد محصولات كامپيوتري الكترونيكي ونوري,فروش  متوسط rsi,0,0,تحرک_مثبت,0,2,22,307,6761,4,243,974,64,5787,6.0,1405-06-04,11:47:45,11,4,8,2,7,2.2,2.6666666666666665,2.0,2.4166666666666665,1.2,3,3,-1,2.0,ﺪﯾﺮﺧ ﻝﺎﻨﮕﯿﺳ
7235435095059069,پكوير,15,13,12,5,1,1,7300,2.96,2.96,صف خرید,0,0,71,6.28,12643, حجم کم,57 %,148 % ,91 % ,55 % ,56424768,25,35003,لاستيك و پلاستيك,فروش  متوسط rsi,0,0,تحرک_مثبت,1,2,78,224,17536,15,262,3940,-38,13596,2.0,1405-06-04,12:05:36,15,13,12,5,2,1.0714285714285714,2.0,0.5,2.0,1.6428571428571428,1,3,-3,0.7999999999999997,ﺪﯾﺮﺧ ﻒﯿﻌﺿ ﻝﺎﻨﮕﯿﺳ
35331248532537562,اردستان,13,13,3,3,0,0,27120,2.81,2.65,مثبت,0,0,60,1.11,-1557, حجم کم,80 %,127 % ,73 % ,84 % ,5602848,53,-4902,سيمان، آهك و گچ,خنثی,0,0,تحرک_مثبت,0,3,16,148,2380,14,162,2279,-14,101,5.0,1405-06-04,12:28:10,13,13,3,3,0,0.9285714285714286,0.75,0.0,1.1428571428571428,1.1428571428571428,0,0,-1,-0.1,ﺵﻭﺮﻓ ﻝﺎﻨﮕﯿﺳ
43450146028916610,دزاگرس,56,44,21,14,0,1,25300,2.93,1.83,مثبت,0,0,71,1.13,-17200, حجم کم,47 %,134 % ,68 % ,280 % ,76785391,43,-98707,مواد و محصولات دارويي,فروش  متوسط,0,0,تحرک_مثبت,0,3,162,181,29401,214,173,37129,8,-7728,-2.0,1405-06-04,12:30:33,56,44,21,14,12,1.2444444444444445,1.4,0.0,1.3508771929824561,1.4,3,0,-3,0.7000000000000001,ﺪﯾﺮﺧ ﻒﯿﻌﺿ ﻝﺎﻨﮕﯿﺳ
11622051128546106,شپاكسا,81,88,34,31,2,3,2589,-1.26,-0.15,منفی,0,0,82,0.64,5770,حجم زیاد3.01برابر,301 %,34 % ,21 % ,25 % ,177380343,44,416438,محصولات شيميايي,فروش  متوسط,0,0,تحرک_منفی,0,3,305,198,60496,406,232,94320,-34,-33824,-6.5,1405-06-04,12:30:52,81,88,34,31,-7,0.9101123595505618,1.0625,0.5,1.524390243902439,1.5056179775280898,0,3,-3,0.2999999999999998,ﯽﺜﻨﺧ
53647874954005806,واحصا,7,5,2,2,0,0,23860,-0.54,0.92,منفی,0,0,72,1.48,-191, حجم کم,45 %,46 % ,96 % ,237 % ,2394160,56,223642,سرمايه گذاريها,فروش  متوسط rsi,0,0,تحرک_منفی,0,3,7,220,1545,5,198,991,22,554,1.0,1405-06-04,11:56:18,7,5,2,2,2,1.1666666666666667,0.6666666666666666,0.0,1.125,1.1666666666666667,1,0,-3,-0.10000000000000006,ﺵﻭﺮﻓ ﻝﺎﻨﮕﯿﺳ
21003176534704369,فوكا,4,2,0,1,0,0,5080,2.83,2.83,صف خرید,0,0,89,7.55,304, حجم کم,11 %,240 % ,298 % ,873 % ,17256244,27,512358,فلزات اساسي,فروش  متوسط,0,0,تحرک_مثبت,0,3,7,124,871,2,154,309,-30,562,2.0,1405-06-04,11:06:00,4,2,0,1,2,1.3333333333333333,0.0,0.0,0.8,1.0,1,1,-3,0.19999999999999987,ﯽﺜﻨﺧ
3492952121304423,غديس,10,13,4,7,1,3,12750,2.99,2.91,صف خرید,0,0,65,0.53,-5688, حجم کم,60 %,37 % ,52 % ,90 % ,17984546,42,110444,محصولات غذايي و آشاميدني به جز قند و شكر,فروش  ضعیف,0,0,تحرک_مثبت,1,3,13,211,2747,23,313,7212,-102,-4465,2.5,1405-06-04,12:24:50,10,13,4,7,-3,0.7142857142857143,0.5,0.25,1.7272727272727273,2.5,0,0,-1,-0.2,ﺵﻭﺮﻓ ﻝﺎﻨﮕﯿﺳ
14031158866706953,شراز,9,3,6,1,1,0,88390,2.99,2.99,صف خرید,0,0,87,13.01,13524, حجم کم,20 %,22 % ,71 % ,112 % ,9441488,23,681694,فراورده هاي نفتي، كك و سوخت هسته اي,فروش  قوی rsi,0,0,تحرک_مثبت,0,2,53,295,15663,3,179,539,116,15124,1.0,1405-06-04,12:30:52,9,3,6,1,6,2.25,3.0,1.0,2.0,1.0,3,3,-3,1.6,ﺪﯾﺮﺧ ﻝﺎﻨﮕﯿﺳ
25417476013479486,ساروج,5,5,1,2,0,0,57780,2.79,2.15,مثبت,0,0,55,1.03,64,حجم متوسط0.93برابر,93 %,185 % ,69 % ,153 % ,582871,53,-4902,سيمان، آهك و گچ,خنثی,0,0,تحرک_مثبت,1,1,7,143,1002,6,228,1371,-85,-369,3.0,1405-06-04,12:24:07,5,5,1,2,0,0.8333333333333334,0.3333333333333333,0.0,1.0,1.1666666666666667,0,1,0,0.4,ﯽﺜﻨﺧ
65671173927025645,كتوكا,5,1,3,0,0,0,6760,2.89,2.89,صف خرید,0,0,93,9.38,792, حجم کم,42 %,25 % ,26 % ,56 % ,8039284,54,58599,ساير محصولات كاني غيرفلزي,فروش  قوی rsi,0,0,تحرک_مثبت,0,0,10,194,1940,2,105,210,89,1730,1.0,1405-06-04,12:19:04,5,1,3,0,4,2.5,3.0,0.0,1.3333333333333333,0.5,2,2,-3,0.8999999999999998,ﺪﯾﺮﺧ ﻒﯿﻌﺿ ﻝﺎﻨﮕﯿﺳ
22941065011246116,كپرور,18,26,11,14,6,6,18810,2.96,2.96,صف خرید,0,0,86,1.5,1796, حجم کم,69 %,28 % ,110 % ,173 % ,12952949,10,14941,استخراج زغال سنگ,فروش  متوسط,0,0,تحرک_مثبت,0,4,36,371,13387,37,359,13299,12,88,2.0,1405-06-04,12:24:51,18,26,11,14,-8,0.6666666666666666,0.7333333333333333,0.8571428571428571,3.1052631578947367,2.5925925925925926,0,3,-3,0.3999999999999998,ﯽﺜﻨﺧ
22087269603540841,وپست,16,29,7,17,2,9,9810,2.94,2.62,صف خرید,0,0,67,0.62,-10177,حجم متوسط0.95برابر,95 %,47 % ,41 % ,39 % ,46616026,57,551430,بانكها و موسسات اعتباري,فروش  ضعیف,0,0,تحرک_مثبت,0,4,28,238,6674,62,249,15475,-11,-8801,2.5,1405-06-04,12:29:39,16,29,7,17,-13,0.5333333333333333,0.3888888888888889,0.2,1.9411764705882353,3.033333333333333,0,0,-1,-0.2,ﺵﻭﺮﻓ ﻝﺎﻨﮕﯿﺳ
29316948750916349,پلوله,4,1,2,1,1,0,7940,2.98,2.98,صف خرید,0,0,83,4.32,464,حجم متوسط1.12برابر,112 %,108 % ,105 % ,110 % ,1482025,25,35003,لاستيك و پلاستيك,فروش  قوی rsi,0,0,تحرک_مثبت,0,0,4,329,1316,1,476,476,-147,840,1.0,1405-06-04,12:22:43,4,1,2,1,3,2.0,1.0,1.0,2.2,1.0,2,1,-3,0.6,ﺪﯾﺮﺧ ﻒﯿﻌﺿ ﻝﺎﻨﮕﯿﺳ
29758477602878557,تيپيكو,88,230,29,147,7,36,29800,0.34,-1.82,مثبت,0,0,73,0.41,-69933,حجم مشکوک8.19برابر,819 %,42 % ,873 % ,19 % ,23976152,43,-98707,مواد و محصولات دارويي,فروش  قوی,0,0,تحرک_مثبت,0,3,1020,179,183197,1447,260,377328,-81,-194131,-4.0,1405-06-04,12:30:51,88,230,29,147,-142,0.38095238095238093,0.19594594594594594,0.1891891891891892,1.7078651685393258,2.411255411255411,0,0,-3,-0.6000000000000001,ﺵﻭﺮﻓ ﻝﺎﻨﮕﯿﺳ
41927452991671109,توان,74,70,54,35,17,9,57233,4.0,3.97,صف خرید,0,0,69,1.01,31598, حجم کم,76 %,170 % ,122 % ,119 % ,74964858,68,48213,صندوق های اهرمی,خرید  قوی,0,0,تحرک_مثبت,0,3,955,275,263495,954,262,250454,13,13041,6.5,1405-06-04,12:24:12,74,70,54,35,4,1.0422535211267605,1.5,1.7,2.84,2.112676056338028,2,3,-1,1.6,ﺪﯾﺮﺧ ﻝﺎﻨﮕﯿﺳ
50117925085549635,خليبل,3,3,1,0,0,0,1909,2.97,2.37,صف خرید,0,0,68,1.64,38,حجم متوسط1.0برابر,100 %,40 % ,261 % ,192 % ,5046788,34,214831,خودرو و ساخت قطعات,خرید  متوسط,0,0,تحرک_مثبت,2,1,3,211,633,4,129,518,82,115,8.0,1405-06-04,12:07:04,3,3,1,0,0,0.75,1.0,0.0,1.0,0.75,0,1,-1,0.19999999999999998,ﯽﺜﻨﺧ
41284516796232939,سهگمت,34,28,14,11,1,0,140000,1.6,0.73,مثبت,0,0,59,1.06,6506,حجم متوسط1.33برابر,133 %,78 % ,72 % ,78 % ,1174633,53,-4902,سيمان، آهك و گچ,خرید  قوی,0,0,تحرک_مثبت,2,2,47,214,10103,32,194,6230,20,3873,7.0,1405-06-04,12:28:10,34,28,14,11,6,1.1724137931034482,1.1666666666666667,1.0,1.5142857142857142,1.3448275862068966,3,3,-1,2.0,ﺪﯾﺮﺧ ﻝﺎﻨﮕﯿﺳ
29882244560576007,بزاگرس,40,35,17,13,4,0,8020,2.95,0.77,صف خرید,0,0,88,1.17,-5400,حجم مشکوک11.63برابر,1163 %,111 % ,0 % ,8 % ,4596525,40,-10608,عرضه برق، گاز، بخاروآب گرم,فروش  قوی rsi,0,0,تحرک_مثبت,0,1,133,168,22388,131,159,20927,9,1461,0.0,1405-06-04,12:29:48,40,35,17,13,5,1.1111111111111112,1.2142857142857142,4.0,1.8780487804878048,1.3333333333333333,2,0,-3,0.29999999999999993,ﯽﺜﻨﺧ
22424135367941584,فافق,19,40,4,13,1,1,12110,0.0,0.91,صفر تابلو,0,0,57,0.51,92, حجم کم,83 %,33 % ,126 % ,125 % ,11894785,27,512358,فلزات اساسي,فروش  ضعیف,0,0,تحرک_منفی,0,4,28,162,4538,49,192,9442,-30,-4904,-2.5,1405-06-04,12:30:30,19,40,4,13,-21,0.4634146341463415,0.2857142857142857,0.5,1.4,1.4146341463414633,0,1,-1,0.09999999999999998,ﯽﺜﻨﺧ
42599305106713939,زكوثر,32,38,20,25,7,4,81690,2.99,1.66,صف خرید,0,0,88,1.61,-6395,حجم متوسط1.49برابر,149 %,123 % ,226 % ,299 % ,3862675,1,35200,زراعت و خدمات وابسته,فروش  متوسط,0,0,تحرک_مثبت,0,4,77,312,24085,67,364,24400,-52,-315,0.0,1405-06-04,12:29:17,32,38,20,25,-6,0.8205128205128205,0.7692307692307693,1.4,2.6363636363636362,2.128205128205128,0,0,-3,-0.5000000000000001,ﺵﻭﺮﻓ ﻝﺎﻨﮕﯿﺳ
30650426998863332,لبوتان,18,9,5,3,1,1,4420,2.79,2.79,صف خرید,0,0,69,2.04,12703,حجم زیاد2.59برابر,259 %,75 % ,82 % ,102 % ,18292849,29,64793,ماشين آلات و تجهيزات,خرید  متوسط,0,0,تحرک_مثبت,2,2,63,190,12013,10,223,2234,-33,9779,8.0,1405-06-04,12:25:38,18,9,5,3,9,1.8,1.25,0.5,1.4736842105263157,1.7,3,3,-1,2.0,ﺪﯾﺮﺧ ﻝﺎﻨﮕﯿﺳ
70289374539527245,ختوقا,35,20,13,8,1,0,5420,2.85,2.47,صف خرید,0,0,78,1.58,924,حجم متوسط1.63برابر,163 %,161 % ,107 % ,176 % ,23959456,34,214831,خودرو و ساخت قطعات,فروش  متوسط rsi,0,0,تحرک_مثبت,0,2,61,219,13413,32,201,6460,18,6953,2.0,1405-06-04,12:29:17,35,20,13,8,15,1.6666666666666667,1.4444444444444444,1.0,1.4722222222222223,1.3333333333333333,3,2,-3,1.3000000000000003,ﺪﯾﺮﺧ ﻒﯿﻌﺿ ﻝﺎﻨﮕﯿﺳ
67206358287598044,كهمدا,11,7,7,2,2,0,5420,2.85,2.85,صف خرید,0,0,83,2.06,4761, حجم کم,29 %,18 % ,94 % ,90 % ,89369002,54,58599,ساير محصولات كاني غيرفلزي,فروش  قوی rsi,0,0,تحرک_مثبت,0,2,23,283,6527,19,305,5807,-22,720,1.0,1405-06-04,12:30:53,11,7,7,2,4,1.375,2.3333333333333335,2.0,2.3333333333333335,1.125,2,3,-3,1.2,ﺪﯾﺮﺧ ﻒﯿﻌﺿ ﻝﺎﻨﮕﯿﺳ
56802926348928053,وليز,3,2,3,1,0,0,3004,2.98,2.98,صف خرید,0,0,81,13.65,656, حجم کم,44 %,66 % ,192 % ,198 % ,13114249,58,7845,ساير واسطه گريهاي مالي,فروش  قوی rsi,0,0,تحرک_مثبت,0,3,5,298,1492,3,204,612,94,880,1.0,1405-06-04,11:34:56,3,2,3,1,1,1.0,1.5,0.0,1.5,1.0,1,2,-3,0.4999999999999999,ﯽﺜﻨﺧ
3050342257199174,قنقش,10,9,5,3,0,0,1827,2.3,2.07,مثبت,0,0,60,1.11,10,حجم متوسط1.08برابر,108 %,61 % ,93 % ,100 % ,22441051,38,15187,قند و شكر,خرید  متوسط,0,0,تحرک_مثبت,2,1,11,243,2675,10,210,2106,33,569,4.0,1405-06-04,12:23:28,10,9,5,3,1,1.0,1.25,0.0,1.3636363636363635,1.2,1,1,-1,0.6,ﺪﯾﺮﺧ ﻒﯿﻌﺿ ﻝﺎﻨﮕﯿﺳ
64298008532791199,ساينا,59,89,19,54,4,18,10970,-2.05,-1.52,منفی,0,0,73,0.45,-15363,حجم متوسط1.96برابر,196 %,23 % ,89 % ,84 % ,31792896,44,416438,محصولات شيميايي,فروش  قوی,0,0,تحرک_منفی,0,2,155,192,29893,164,362,59370,-170,-29477,-8.0,1405-06-04,12:30:57,59,89,19,54,-30,0.6555555555555556,0.34545454545454546,0.21052631578947367,1.6333333333333333,2.588888888888889,0,0,-3,-0.6000000000000001,ﺵﻭﺮﻓ ﻝﺎﻨﮕﯿﺳ
22086876724551482,بموتو,5,0,2,0,0,0,3090,3.0,3.0,صف خرید,0,0,72,16.62,4806,حجم متوسط1.31برابر,131 %,134 % ,107 % ,97 % ,27846564,31,32044,ماشين آلات و دستگاه‌هاي برقي,فروش  متوسط rsi,0,0,تحرک_مثبت,1,1,23,181,4181,0,0,0,181,4181,2.0,1405-06-04,12:11:51,5,0,2,0,5,5.0,2.0,0.0,1.1666666666666667,0.0,2,3,-3,1.2,ﺪﯾﺮﺧ ﻒﯿﻌﺿ ﻝﺎﻨﮕﯿﺳ
18661507395759423,آلومينا,2,4,1,0,0,0,211000,2.98,2.98,صف خرید,0,0,83,6.33,-1766, حجم کم,17 %,18 % ,148 % ,144 % ,2034356,27,512358,فلزات اساسي,فروش  ضعیف,0,0,تحرک_مثبت,0,3,2,169,339,5,114,573,55,-234,0.5,1405-06-04,12:13:01,2,4,1,0,-2,0.4,1.0,0.0,1.0,0.8,0,0,-3,-0.5000000000000001,ﺵﻭﺮﻓ ﻝﺎﻨﮕﯿﺳ
589599697502308,وآفري,1,2,0,1,0,0,7030,2.93,2.93,صف خرید,0,0,88,0.33,2, حجم کم,69 %,246 % ,63 % ,63 % ,1114706,66,66233,بيمه وصندوق بازنشستگي به جزتامين اجتماعي,فروش  متوسط,0,0,تحرک_مثبت,0,4,1,105,105,2,211,422,-106,-317,-2.0,1405-06-04,12:04:08,1,2,0,1,-1,0.3333333333333333,0.0,0.0,0.5,1.0,0,1,-3,-0.3000000000000001,ﺵﻭﺮﻓ ﻝﺎﻨﮕﯿﺳ
34552750623263639,پلاست,25,62,5,50,0,16,2118,-2.98,-2.29,صف فروش,0,0,24,0.24,-425,حجم مشکوک12.15برابر,1215 %,123 % ,9 % ,19 % ,48765164,25,35003,لاستيك و پلاستيك,فروش  ضعیف,0,0,تحرک_منفی,0,4,370,156,58020,352,344,121319,-188,-63299,-4.5,1405-06-04,12:30:57,25,62,5,50,-37,0.3968253968253968,0.09803921568627451,0.0,1.1538461538461537,3.0476190476190474,0,0,3,0.6000000000000001,ﺪﯾﺮﺧ ﻒﯿﻌﺿ ﻝﺎﻨﮕﯿﺳ
42387718866026650,غبشهر,7,5,1,1,0,0,14460,2.99,2.99,صف خرید,0,0,98,5.68,-145, حجم کم,13 %,21 % ,0 % ,0 % ,10391244,42,110444,محصولات غذايي و آشاميدني به جز قند و شكر,فروش  قوی rsi,0,0,تحرک_مثبت,0,1,9,158,1427,5,188,942,-30,485,1.0,1405-06-04,12:26:42,7,5,1,1,2,1.1666666666666667,0.5,0.0,1.0,1.0,1,0,-3,-0.10000000000000006,ﺵﻭﺮﻓ ﻝﺎﻨﮕﯿﺳ
31791737198597563,غشان,28,44,18,18,4,9,14590,1.81,2.51,مثبت,0,0,80,0.82,-6238,حجم زیاد2.04برابر,204 %,42 % ,54 % ,145 % ,13292412,42,110444,محصولات غذايي و آشاميدني به جز قند و شكر,فروش  متوسط,0,0,تحرک_منفی,0,4,105,267,28121,77,443,34115,-176,-5994,-4.0,1405-06-04,12:30:53,28,44,18,18,-16,0.6222222222222222,0.9473684210526315,0.4,2.2758620689655173,2.3777777777777778,0,0,-3,-0.6000000000000001,ﺵﻭﺮﻓ ﻝﺎﻨﮕﯿﺳ
57273529732791251,خموتور,22,18,13,11,2,0,2418,2.98,2.34,صف خرید,0,0,79,1.82,358,حجم متوسط1.14برابر,114 %,68 % ,35 % ,126 % ,51961860,34,214831,خودرو و ساخت قطعات,فروش  متوسط rsi,0,0,تحرک_مثبت,0,3,25,356,8916,26,210,5464,146,3452,2.0,1405-06-04,12:17:06,22,18,13,11,4,1.1578947368421053,1.0833333333333333,2.0,1.9565217391304348,1.5263157894736843,2,1,-3,0.6,ﺪﯾﺮﺧ ﻒﯿﻌﺿ ﻝﺎﻨﮕﯿﺳ
46752599569017089,بترانس,85,45,34,14,8,3,3270,2.83,2.2,صف خرید,0,7,65,1.77,28065,حجم متوسط1.78برابر,178 %,24 % ,0 % ,0 % ,181304697,31,32044,ماشين آلات و دستگاه‌هاي برقي,خرید  قوی,0,0,تحرک_مثبت,2,0,275,240,66094,169,170,28841,70,37253,11.0,1405-06-04,12:24:10,85,45,34,14,40,1.8478260869565217,2.2666666666666666,2.0,1.8488372093023255,1.608695652173913,3,3,-1,2.0,ﺪﯾﺮﺧ ﻝﺎﻨﮕﯿﺳ
16959429956899455,شاملا,30,30,13,16,1,6,36400,3.0,2.97,صف خرید,0,0,73,0.82,5487,حجم متوسط1.41برابر,141 %,56 % ,37 % ,66 % ,8022129,44,416438,محصولات شيميايي,فروش  متوسط,0,0,تحرک_مثبت,0,3,48,253,12185,37,290,10765,-37,1420,0.0,1405-06-04,12:23:05,30,30,13,16,0,0.967741935483871,0.7647058823529411,0.14285714285714285,1.5483870967741935,2.4516129032258065,0,3,-3,0.2999999999999998,ﯽﺜﻨﺧ
43781018754867729,شفارس,7,9,1,4,0,0,2096,3.0,2.95,صف خرید,0,0,81,1.23,21, حجم کم,52 %,68 % ,99 % ,182 % ,51768982,44,416438,محصولات شيميايي,فروش  متوسط,0,0,تحرک_مثبت,0,2,13,122,1589,11,184,2034,-62,-445,0.0,1405-06-04,11:55:11,7,9,1,4,-2,0.7,0.2,0.0,1.0,1.3,0,1,-3,-0.2000000000000001,ﺵﻭﺮﻓ ﻝﺎﻨﮕﯿﺳ
2434703913394836,غدشت,2,0,1,0,1,0,3900,2.9,2.9,صف خرید,0,0,76,31.4,2145, حجم کم,34 %,120 % ,141 % ,222 % ,24087470,42,110444,محصولات غذايي و آشاميدني به جز قند و شكر,فروش  متوسط rsi,0,0,تحرک_مثبت,0,3,3,1025,3076,0,0,0,1025,3076,2.0,1405-06-04,11:56:15,2,0,1,0,2,2.0,1.0,1.0,2.6666666666666665,0.0,1,3,-3,0.7999999999999997,ﺪﯾﺮﺧ ﻒﯿﻌﺿ ﻝﺎﻨﮕﯿﺳ
3173544097113770,شستان,2,1,0,0,0,0,1773,2.96,2.85,صف خرید,0,0,74,2.97,499, حجم کم,87 %,181 % ,145 % ,175 % ,7607683,44,416438,محصولات شيميايي,فروش  متوسط rsi,0,0,تحرک_مثبت,1,1,2,120,241,1,115,115,5,126,2.0,1405-06-04,9:41:22,2,1,0,0,1,1.0,0.0,0.0,0.6666666666666666,0.5,1,1,-3,0.19999999999999987,ﯽﺜﻨﺧ
35425587644337450,فملي,73,44,34,17,3,2,19950,2.99,2.99,صف خرید,0,0,74,1.14,19862,حجم متوسط0.92برابر,92 %,103 % ,91 % ,139 % ,437760216,27,512358,فلزات اساسي,فروش  متوسط rsi,0,0,تحرک_مثبت,0,3,1042,155,161963,1165,188,219717,-33,-57754,-1.0,1405-06-04,12:29:40,73,44,34,17,29,1.6222222222222222,1.8888888888888888,1.0,1.6486486486486487,1.5777777777777777,3,3,-3,1.6,ﺪﯾﺮﺧ ﻝﺎﻨﮕﯿﺳ
28253678449273505,حخزر,27,34,10,12,2,0,7210,0.0,-1.53,صفر تابلو,0,0,87,1.03,-5932,حجم متوسط1.44برابر,144 %,43 % ,54 % ,111 % ,30475612,61,-5212,حمل و نقل آبي,فروش  متوسط,0,0,تحرک_مثبت,0,2,37,201,7464,73,171,12510,30,-5046,-3.0,1405-06-04,12:30:33,27,34,10,12,-7,0.7714285714285715,0.7692307692307693,2.0,1.6785714285714286,1.3142857142857143,0,0,-3,-0.5000000000000001,ﺵﻭﺮﻓ ﻝﺎﻨﮕﯿﺳ
41227201752535311,سفار,5,11,3,4,1,0,205500,2.96,2.86,صف خرید,0,0,65,1.34,-528,حجم متوسط1.12برابر,112 %,98 % ,131 % ,143 % ,221389,53,-4902,سيمان، آهك و گچ,خرید  متوسط,0,0,تحرک_مثبت,1,2,9,230,2075,14,178,2498,52,-423,6.0,1405-06-04,12:30:29,5,11,3,4,-6,0.4166666666666667,0.6,1.0,2.1666666666666665,1.25,0,0,-1,-0.1,ﺵﻭﺮﻓ ﻝﺎﻨﮕﯿﺳ
14916489896692147,زملارد,44,25,14,10,2,1,1529,-1.86,-0.45,منفی,0,0,79,1.45,3340,حجم زیاد2.2برابر,220 %,127 % ,306 % ,369 % ,146496178,1,35200,زراعت و خدمات وابسته,فروش  متوسط rsi,0,0,تحرک_منفی,0,1,73,176,12917,53,178,9470,-2,3447,-3.0,1405-06-04,12:30:57,44,25,14,10,19,1.6923076923076923,1.2727272727272727,1.0,1.511111111111111,1.5384615384615385,3,3,-3,1.6,ﺪﯾﺮﺧ ﻝﺎﻨﮕﯿﺳ
28280189352163772,پيشران,53,52,24,29,3,6,29552,4.0,3.55,صف خرید,0,0,64,0.99,740,حجم زیاد2.45برابر,245 %,166 % ,45 % ,104 % ,3552831,68,48213,صندوق های اهرمی,خرید  ضعیف,0,0,تحرک_مثبت,0,1,93,219,20367,72,254,18323,-35,2044,6.5,1405-06-04,12:19:05,53,52,24,29,1,1.0,0.8,0.42857142857142855,1.7037037037037037,2.0943396226415096,1,2,-1,0.8,ﺪﯾﺮﺧ ﻒﯿﻌﺿ ﻝﺎﻨﮕﯿﺳ
13937270451301973,وبشهر,4,1,2,0,0,0,5470,2.82,2.82,صف خرید,0,0,63,20.22,1906, حجم کم,39 %,77 % ,303 % ,224 % ,22520270,42,110444,محصولات غذايي و آشاميدني به جز قند و شكر,خرید  متوسط,0,0,تحرک_مثبت,2,2,13,194,2531,1,165,165,29,2366,8.0,1405-06-04,9:29:29,4,1,2,0,3,2.0,2.0,0.0,1.2,0.5,2,3,-1,1.6,ﺪﯾﺮﺧ ﻝﺎﻨﮕﯿﺳ
28291104595448527,كزغال,13,1,1,0,0,0,5300,2.91,2.91,صف خرید,0,0,67,69.06,5598, حجم کم,41 %,35 % ,120 % ,144 % ,31782096,10,14941,استخراج زغال سنگ,خرید  متوسط,0,0,تحرک_مثبت,4,0,39,160,6246,3,124,374,36,5872,8.0,1405-06-04,12:01:16,13,1,1,0,12,6.5,1.0,0.0,1.0,0.5,3,3,-1,2.0,ﺪﯾﺮﺧ ﻝﺎﻨﮕﯿﺳ
4614779520007780,كسرا,49,30,34,20,10,5,6940,2.97,2.67,صف خرید,0,0,87,1.88,9866, حجم کم,72 %,97 % ,78 % ,124 % ,57749830,54,58599,ساير محصولات كاني غيرفلزي,فروش  قوی rsi,0,0,تحرک_مثبت,0,3,92,245,22613,38,282,10745,-37,11868,0.0,1405-06-04,12:30:55,49,30,34,20,19,1.5806451612903225,1.619047619047619,1.6666666666666667,2.66,2.4193548387096775,3,3,-3,1.6,ﺪﯾﺮﺧ ﻝﺎﻨﮕﯿﺳ
1358190916156744,وآذر,4,15,4,13,3,2,7130,2.89,2.89,صف خرید,0,0,82,14.83,856,حجم متوسط1.05برابر,105 %,39 % ,183 % ,328 % ,13558080,70,48213,انبوه سازي، املاك و مستغلات,فروش  متوسط,0,0,تحرک_مثبت,0,4,7,1195,8365,17,445,7581,750,784,2.0,1405-06-04,11:58:22,4,15,4,13,-11,0.25,0.2857142857142857,1.0,4.6,2.375,0,2,-3,0.0999999999999999,ﯽﺜﻨﺧ
43342306308122676,قمرو,8,10,2,0,0,0,10460,0.1,1.05,مثبت,0,0,68,0.94,-468, حجم کم,45 %,59 % ,121 % ,130 % ,9538346,38,15187,قند و شكر,فروش  ضعیف,0,0,تحرک_منفی,1,3,10,149,1497,12,130,1562,19,-65,0.5,1405-06-04,12:29:17,8,10,2,0,-2,0.7272727272727273,2.0,0.0,1.1111111111111112,0.9090909090909091,0,0,-1,-0.2,ﺵﻭﺮﻓ ﻝﺎﻨﮕﯿﺳ
33603212156438463,دشيمي,15,6,12,2,2,0,47270,2.98,2.96,صف خرید,0,0,89,3.37,18986,حجم متوسط1.77برابر,177 %,387 % ,136 % ,156 % ,3936310,43,-98707,مواد و محصولات دارويي,فروش  قوی rsi,0,0,تحرک_مثبت,0,2,101,192,19446,6,186,1116,6,18330,1.0,1405-06-04,12:28:37,15,6,12,2,9,2.142857142857143,4.0,2.0,2.3125,1.1428571428571428,3,3,-3,1.6,ﺪﯾﺮﺧ ﻝﺎﻨﮕﯿﺳ
63499217872110599,كقزوي,2,1,0,1,0,0,832,2.97,2.97,صف خرید,0,0,87,10.25,0, حجم کم,23 %,14 % ,63 % ,251 % ,43530216,54,58599,ساير محصولات كاني غيرفلزي,فروش  متوسط,0,0,تحرک_مثبت,0,1,3,148,444,1,250,250,-102,194,2.0,1405-06-04,11:39:55,2,1,0,1,1,1.0,0.0,0.0,0.6666666666666666,1.0,1,0,-3,-0.10000000000000006,ﺵﻭﺮﻓ ﻝﺎﻨﮕﯿﺳ
21426277483799140,غنيلي,4,5,2,1,0,1,5670,2.9,2.9,صف خرید,0,0,53,2.42,113,حجم متوسط1.17برابر,117 %,275 % ,24 % ,178 % ,3481411,42,110444,محصولات غذايي و آشاميدني به جز قند و شكر,خرید  متوسط,0,0,تحرک_مثبت,1,1,5,198,991,7,199,1396,-1,-405,6.0,1405-06-04,10:01:31,4,5,2,1,-1,0.6666666666666666,1.0,0.0,1.2,1.8333333333333333,0,1,0,0.4,ﯽﺜﻨﺧ
38547060135156069,فاذر,34,41,11,11,0,2,1610,2.74,2.23,مثبت,0,0,79,1.0,-395, حجم کم,52 %,76 % ,97 % ,113 % ,359955135,28,4088,ساخت محصولات فلزي,فروش  متوسط,0,0,تحرک_مثبت,0,3,78,154,12088,70,195,13710,-41,-1622,-2.0,1405-06-04,12:30:56,34,41,11,11,-7,0.8095238095238095,0.9166666666666666,0.0,1.2857142857142858,1.4761904761904763,0,0,-3,-0.6000000000000001,ﺵﻭﺮﻓ ﻝﺎﻨﮕﯿﺳ
66830065858417081,ولانا,6,7,2,0,0,0,4570,2.93,2.93,صف خرید,0,0,77,0.87,-304,حجم متوسط1.28برابر,128 %,33 % ,178 % ,294 % ,3978010,58,7845,ساير واسطه گريهاي مالي,فروش  ضعیف,0,0,تحرک_مثبت,0,3,6,160,965,8,160,1286,0,-321,-1.5,1405-06-04,12:19:01,6,7,2,0,-1,0.75,2.0,0.0,1.1428571428571428,0.875,0,0,-3,-0.6000000000000001,ﺵﻭﺮﻓ ﻝﺎﻨﮕﯿﺳ
22308305646551497,تپولا,14,12,5,6,2,2,17650,-2.97,-2.8,صف فروش,0,0,69,0.33,0,حجم مشکوک6.06برابر,606 %,64 % ,44 % ,89 % ,634069,74,37765,خدمات فني و مهندسي,خرید  ضعیف,0,0,تحرک_منفی,0,1,15,276,4152,18,257,4636,19,-484,-2.5,1405-06-04,12:16:20,14,12,5,6,2,1.0769230769230769,0.7142857142857143,0.6666666666666666,1.9333333333333333,2.1538461538461537,1,0,-1,0.2,ﯽﺜﻨﺧ
47333458678352378,وخاور,16,23,9,13,4,3,6200,0.81,1.79,مثبت,0,0,66,0.64,-4828,حجم متوسط1.05برابر,105 %,76 % ,30 % ,53 % ,116228041,57,551430,بانكها و موسسات اعتباري,فروش  ضعیف,0,0,تحرک_منفی,0,4,24,368,8835,73,193,14117,175,-5282,-0.5,1405-06-04,12:30:30,16,23,9,13,-7,0.6666666666666666,0.6428571428571429,1.0,2.6470588235294117,2.125,0,0,-1,-0.2,ﺵﻭﺮﻓ ﻝﺎﻨﮕﯿﺳ
39481233087768672,نيرو,5,6,0,4,0,1,12560,2.95,2.95,صف خرید,0,0,90,0.31,1616,حجم متوسط1.89برابر,189 %,61 % ,45 % ,0 % ,1849114,31,32044,ماشين آلات و دستگاه‌هاي برقي,فروش  متوسط,0,0,تحرک_مثبت,0,2,10,165,1656,6,262,1572,-97,84,0.0,1405-06-04,12:18:39,5,6,0,4,-1,0.7142857142857143,0.0,0.0,0.8333333333333334,2.142857142857143,0,3,-3,0.2999999999999998,ﯽﺜﻨﺧ
62977319271289925,كي بي سي,11,9,4,5,0,1,9540,2.91,2.91,صف خرید,0,0,88,1.51,2215, حجم کم,18 %,223 % ,348 % ,131 % ,40420211,43,-98707,مواد و محصولات دارويي,فروش  متوسط,0,0,تحرک_مثبت,0,4,12,207,2491,10,261,2613,-54,-122,2.0,1405-06-04,12:29:45,11,9,4,5,2,1.1,0.6666666666666666,0.0,1.25,1.9,1,3,-3,0.7999999999999997,ﺪﯾﺮﺧ ﻒﯿﻌﺿ ﻝﺎﻨﮕﯿﺳ
57551382352708199,غگز,5,6,4,3,2,1,3100,2.99,2.99,صف خرید,0,0,21,4.17,1178, حجم کم,19 %,707 % ,20 % ,27 % ,92463982,42,110444,محصولات غذايي و آشاميدني به جز قند و شكر,خرید  متوسط,0,0,تحرک_مثبت,1,3,11,452,4977,6,518,3112,-66,1865,7.0,1405-06-04,12:30:29,5,6,4,3,-1,0.7142857142857143,1.0,1.0,3.1666666666666665,2.0,0,3,3,1.6,ﺪﯾﺮﺧ ﻝﺎﻨﮕﯿﺳ
6131290133202745,غمهرا,12,5,4,1,1,1,18280,2.99,2.7,صف خرید,0,0,59,1.6,731, حجم کم,36 %,78 % ,55 % ,79 % ,7681458,42,110444,محصولات غذايي و آشاميدني به جز قند و شكر,خرید  متوسط,0,0,تحرک_مثبت,2,1,17,194,3305,6,199,1199,-5,2106,8.0,1405-06-04,12:27:46,12,5,4,1,7,2.0,2.0,0.5,1.6153846153846154,1.8333333333333333,3,2,-1,1.7000000000000004,ﺪﯾﺮﺧ ﻝﺎﻨﮕﯿﺳ
7711282667602555,شاراك,15,15,6,8,1,1,20650,2.99,2.99,صف خرید,0,0,66,1.37,7808, حجم کم,49 %,89 % ,57 % ,113 % ,31953649,44,416438,محصولات شيميايي,خنثی,0,0,تحرک_مثبت,2,1,62,221,13753,74,264,19536,-43,-5783,5.0,1405-06-04,11:36:22,15,15,6,8,0,0.9375,0.6666666666666666,0.5,1.625,1.75,0,3,-1,0.7999999999999999,ﺪﯾﺮﺧ ﻒﯿﻌﺿ ﻝﺎﻨﮕﯿﺳ
25244329144808274,فارس,21,13,19,8,6,2,10740,2.97,2.97,صف خرید,0,4,67,13.35,38035, حجم کم,75 %,293 % ,428 % ,179 % ,97221127,44,416438,محصولات شيميايي,خرید  قوی,0,0,تحرک_مثبت,2,2,116,434,50363,28,270,7576,164,42787,11.0,1405-06-04,12:25:35,21,13,19,8,8,1.5,2.111111111111111,2.0,3.1818181818181817,2.2142857142857144,3,3,-1,2.0,ﺪﯾﺮﺧ ﻝﺎﻨﮕﯿﺳ
18063426072758458,وبهمن,31,25,17,14,3,2,2083,2.97,2.72,صف خرید,0,2,66,1.11,542, حجم کم,77 %,65 % ,124 % ,120 % ,98303022,56,223642,سرمايه گذاريها,خرید  قوی,0,0,تحرک_مثبت,1,2,37,257,9530,35,233,8160,24,1370,10.0,1405-06-04,12:29:41,31,25,17,14,6,1.1923076923076923,1.1333333333333333,1.0,1.96875,1.8846153846153846,3,2,-1,1.7000000000000004,ﺪﯾﺮﺧ ﻝﺎﻨﮕﯿﺳ
3654864906585643,تكنو,0,0,0,0,0,0,4590,-0.43,0.0,منفی,0,0,18,0.0,0, حجم کم,0 %,316 % ,233 % ,48 % ,85906180,29,64793,ماشين آلات و تجهيزات,خنثی,0,0,تحرک_منفی,0,3,0,0,0,0,0,0,0,0,-2.0,1405-06-04,8:49:12,0,0,0,0,0,0.0,0.0,0.0,0.0,0.0,0,0,3,0.6000000000000001,ﺪﯾﺮﺧ ﻒﯿﻌﺿ ﻝﺎﻨﮕﯿﺳ
831325835570803,ثنام,2,4,1,1,0,0,1700,2.29,1.99,مثبت,0,0,61,1.44,-155,حجم متوسط0.95برابر,95 %,234 % ,63 % ,90 % ,8323473,70,48213,انبوه سازي، املاك و مستغلات,فروش  ضعیف,0,0,تحرک_مثبت,0,2,2,215,431,5,140,702,75,-271,3.5,1405-06-04,12:26:20,2,4,1,1,-2,0.4,0.5,0.0,1.0,1.0,0,0,-1,-0.1,ﺵﻭﺮﻓ ﻝﺎﻨﮕﯿﺳ
31987503418964901,آريان,34,33,22,18,10,8,6400,2.89,2.89,صف خرید,0,0,73,1.36,15761,حجم متوسط1.48برابر,148 %,451 % ,41 % ,66 % ,63126101,56,223642,سرمايه گذاريها,فروش  متوسط rsi,0,0,تحرک_مثبت,0,3,77,461,35529,63,352,22186,109,13343,2.0,1405-06-04,11:56:18,34,33,22,18,1,1.0,1.1578947368421053,1.1111111111111112,3.0285714285714285,2.676470588235294,1,3,-3,0.7999999999999997,ﺪﯾﺮﺧ ﻒﯿﻌﺿ ﻝﺎﻨﮕﯿﺳ
11964419322927535,سرود,31,54,12,21,5,9,17300,2.98,2.74,صف خرید,0,0,69,0.65,-18312,حجم متوسط0.91برابر,91 %,86 % ,96 % ,75 % ,43049530,53,-4902,سيمان، آهك و گچ,فروش  ضعیف,0,0,تحرک_مثبت,1,3,65,259,16848,128,270,34566,-11,-17718,2.5,1405-06-04,12:25:59,31,54,12,21,-23,0.5636363636363636,0.5454545454545454,0.5,2.125,2.1818181818181817,0,0,-1,-0.2,ﺵﻭﺮﻓ ﻝﺎﻨﮕﯿﺳ
24785665268004766,وپويا,11,11,6,4,1,0,2370,3.0,2.74,صف خرید,0,0,80,7.51,700, حجم کم,67 %,84 % ,152 % ,218 % ,39918639,56,223642,سرمايه گذاريها,فروش  قوی rsi,0,0,تحرک_مثبت,1,0,27,184,4986,20,194,3898,-10,1088,1.0,1405-06-04,12:27:09,11,11,6,4,0,0.9166666666666666,1.2,1.0,1.8333333333333333,1.25,0,2,-3,0.0999999999999999,ﯽﺜﻨﺧ
41935584690956944,پتاير,13,8,9,3,3,0,2868,2.98,2.98,صف خرید,0,0,92,9.66,6266, حجم کم,44 %,62 % ,115 % ,382 % ,73732113,25,35003,لاستيك و پلاستيك,فروش  قوی rsi,0,0,تحرک_مثبت,0,2,30,299,8971,9,204,1842,95,7129,1.0,1405-06-04,11:57:18,13,8,9,3,5,1.4444444444444444,2.25,3.0,2.642857142857143,1.2222222222222223,2,3,-3,1.2,ﺪﯾﺮﺧ ﻒﯿﻌﺿ ﻝﺎﻨﮕﯿﺳ
57944184894703821,والبر,48,50,16,24,2,8,4130,2.99,2.74,صف خرید,0,0,79,0.91,1202,حجم متوسط1.3برابر,130 %,61 % ,185 % ,410 % ,150161637,43,-98707,مواد و محصولات دارويي,فروش  متوسط,0,0,تحرک_مثبت,0,2,270,161,43504,127,326,41467,-165,2037,1.0,1405-06-04,12:30:55,48,50,16,24,-2,0.9411764705882353,0.64,0.2222222222222222,1.510204081632653,2.235294117647059,0,3,-3,0.2999999999999998,ﯽﺜﻨﺧ
6847536925606808,ومعلم,10,5,1,4,0,0,3020,2.72,2.38,صف خرید,0,0,60,1.43,0, حجم کم,86 %,75 % ,82 % ,117 % ,12344020,66,66233,بيمه وصندوق بازنشستگي به جزتامين اجتماعي,خرید  ضعیف,0,0,تحرک_مثبت,0,3,12,133,1607,6,247,1487,-114,120,7.5,1405-06-04,11:58:02,10,5,1,4,5,1.6666666666666667,0.2,0.0,1.0,1.5,2,0,-1,0.7000000000000001,ﺪﯾﺮﺧ ﻒﯿﻌﺿ ﻝﺎﻨﮕﯿﺳ
18027801615184692,كچاد,34,13,25,4,0,1,2692,2.98,2.98,صف خرید,0,0,69,13.94,76824, حجم کم,88 %,183 % ,134 % ,82 % ,366056868,13,243886,استخراج كانه هاي فلزي,خرید  متوسط,0,0,تحرک_مثبت,3,1,339,248,84185,18,191,3446,57,80739,8.0,1405-06-04,12:18:36,34,13,25,4,21,2.4285714285714284,5.0,0.0,1.6857142857142857,1.5714285714285714,3,3,-1,2.0,ﺪﯾﺮﺧ ﻝﺎﻨﮕﯿﺳ
25514780181345713,وساخت,13,2,4,0,0,0,1849,2.95,2.95,صف خرید,0,0,69,12.27,2867, حجم کم,24 %,35 % ,137 % ,127 % ,100693088,70,48213,انبوه سازي، املاك و مستغلات,خرید  متوسط,0,0,تحرک_مثبت,4,0,21,195,4099,2,185,370,10,3729,8.0,1405-06-04,12:25:36,13,2,4,0,11,4.333333333333333,4.0,0.0,1.2142857142857142,0.6666666666666666,3,3,-1,2.0,ﺪﯾﺮﺧ ﻝﺎﻨﮕﯿﺳ
611986653700161,سبزوا,12,5,2,0,1,0,8350,2.96,2.84,صف خرید,0,0,54,2.04,960, حجم کم,88 %,66 % ,94 % ,87 % ,8432320,53,-4902,سيمان، آهك و گچ,خرید  قوی,0,0,تحرک_مثبت,2,2,16,156,2508,5,138,690,18,1818,9.0,1405-06-04,12:30:57,12,5,2,0,7,2.0,2.0,1.0,1.4615384615384615,0.8333333333333334,3,2,0,1.9000000000000004,ﺪﯾﺮﺧ ﻝﺎﻨﮕﯿﺳ
41974758296041288,سخوز,7,0,4,0,3,0,95420,2.99,2.99,صف خرید,0,0,75,20.77,3808, حجم کم,84 %,144 % ,191 % ,104 % ,3375924,53,-4902,سيمان، آهك و گچ,فروش  متوسط rsi,0,0,تحرک_مثبت,1,2,13,290,3776,0,0,0,290,3776,2.0,1405-06-04,12:04:08,7,0,4,0,7,7.0,4.0,3.0,3.25,0.0,3,3,-3,1.6,ﺪﯾﺮﺧ ﻝﺎﻨﮕﯿﺳ
5187018329202415,لپارس,5,4,3,0,0,0,27900,2.99,2.99,صف خرید,0,0,73,25.31,1674, حجم کم,58 %,133 % ,108 % ,137 % ,2496955,32,14722,ساخت دستگاه‌ها و وسايل ارتباطي,فروش  متوسط rsi,0,0,تحرک_مثبت,1,2,8,249,1992,7,120,845,129,1147,2.0,1405-06-04,10:53:38,5,4,3,0,1,1.0,3.0,0.0,1.3333333333333333,0.8,1,3,-3,0.7999999999999997,ﺪﯾﺮﺧ ﻒﯿﻌﺿ ﻝﺎﻨﮕﯿﺳ
50580753680043015,معيار ,3,6,1,4,0,0,2506,-2.98,-2.17,صف فروش,0,0,57,0.44,-459,حجم متوسط0.93برابر,93 %,31 % ,77 % ,35 % ,9275295,56,223642,سرمايه گذاريها,فروش  ضعیف,0,0,تحرک_منفی,2,2,3,164,494,7,209,1464,-45,-970,-3.5,1405-06-04,12:25:40,3,6,1,4,-3,0.42857142857142855,0.2,0.0,1.0,1.4285714285714286,0,0,-1,-0.2,ﺵﻭﺮﻓ ﻝﺎﻨﮕﯿﺳ
36844527173896115,زفجر,24,19,8,6,2,1,50320,2.99,2.84,صف خرید,0,0,66,2.42,2516, حجم کم,84 %,79 % ,41 % ,59 % ,4501796,1,35200,زراعت و خدمات وابسته,خرید  قوی,0,0,تحرک_مثبت,2,0,50,206,10320,42,185,7794,21,2526,9.0,1405-06-04,12:30:32,24,19,8,6,5,1.2,1.1428571428571428,1.0,1.68,1.5,2,3,-1,1.6,ﺪﯾﺮﺧ ﻝﺎﻨﮕﯿﺳ
30507152381699953,ثجوان,4,3,1,1,0,0,2007,1.57,1.37,مثبت,0,0,58,1.31,0,حجم متوسط1.07برابر,107 %,194 % ,8 % ,28 % ,10027034,70,48213,انبوه سازي، املاك و مستغلات,خرید  ضعیف,0,0,تحرک_مثبت,0,0,4,201,804,3,197,592,4,212,6.5,1405-06-04,11:47:01,4,3,1,1,1,1.0,0.5,0.0,1.0,1.0,1,0,-1,0.30000000000000004,ﯽﺜﻨﺧ
67141987086032267,موج,61,49,56,33,36,8,71557,4.0,3.98,صف خرید,0,0,77,2.68,-7658, حجم کم,23 %,81 % ,120 % ,184 % ,156523626,68,48213,صندوق های اهرمی,فروش  متوسط rsi,0,0,تحرک_مثبت,0,2,447,508,227106,628,347,218289,161,8817,2.0,1405-06-04,12:29:19,61,49,56,33,12,1.22,1.6470588235294117,4.0,4.790322580645161,2.44,3,0,-3,0.7000000000000001,ﺪﯾﺮﺧ ﻒﯿﻌﺿ ﻝﺎﻨﮕﯿﺳ
28450080638096732,سيمرغ,7,1,3,0,1,0,4970,2.9,2.9,صف خرید,0,0,92,17.48,2179, حجم کم,13 %,7 % ,89 % ,27 % ,51919142,1,35200,زراعت و خدمات وابسته,فروش  قوی rsi,0,0,تحرک_مثبت,0,1,15,217,3261,1,122,122,95,3139,1.0,1405-06-04,12:18:38,7,1,3,0,6,3.5,3.0,1.0,1.875,0.5,3,3,-3,1.6,ﺪﯾﺮﺧ ﻝﺎﻨﮕﯿﺳ
20292922178776915,شيفته,26,2,11,1,2,0,13310,2.94,2.17,صف خرید,0,0,69,16.75,169, حجم کم,76 %,49 % ,78 % ,78 % ,32232520,42,110444,محصولات غذايي و آشاميدني به جز قند و شكر,خرید  قوی,0,0,تحرک_مثبت,4,0,78,273,21362,27,231,6261,42,15101,9.0,1405-06-04,12:26:46,26,2,11,1,24,8.666666666666666,5.5,2.0,1.7407407407407407,1.0,3,1,-1,1.4000000000000004,ﺪﯾﺮﺧ ﻒﯿﻌﺿ ﻝﺎﻨﮕﯿﺳ
70270965300262393,البرز,20,10,6,3,1,0,2169,2.99,1.23,صف خرید,0,0,71,1.48,1665,حجم متوسط1.88برابر,188 %,158 % ,66 % ,116 % ,35426909,66,66233,بيمه وصندوق بازنشستگي به جزتامين اجتماعي,فروش  متوسط rsi,0,0,تحرک_مثبت,0,3,23,207,4761,13,178,2317,29,2444,1.0,1405-06-04,12:30:54,20,10,6,3,10,1.8181818181818181,1.5,1.0,1.4761904761904763,1.1818181818181819,3,3,-3,1.6,ﺪﯾﺮﺧ ﻝﺎﻨﮕﯿﺳ
49854144784855542,رتكو,1,0,0,0,0,0,18340,2.46,1.68,مثبت,0,0,77,2.18,0, حجم کم,36 %,34 % ,109 % ,14 % ,632098,74,37765,خدمات فني و مهندسي,فروش  متوسط rsi,0,0,تحرک_مثبت,0,1,1,106,106,0,0,0,106,106,1.0,1405-06-04,10:29:22,1,0,0,0,1,1.0,0.0,0.0,0.5,0.0,1,0,-3,-0.10000000000000006,ﺵﻭﺮﻓ ﻝﺎﻨﮕﯿﺳ
29247915161590165,دلقما,108,146,30,81,4,28,10350,-2.91,-2.63,صف فروش,0,0,78,0.54,32998,حجم مشکوک10.26برابر,1026 %,51 % ,54 % ,220 % ,54312575,43,-98707,مواد و محصولات دارويي,فروش  متوسط,0,0,تحرک_منفی,0,4,1652,181,299999,1813,225,409308,-44,-109309,-8.0,1405-06-04,12:30:51,108,146,30,81,-38,0.7346938775510204,0.36585365853658536,0.13793103448275862,1.4495412844036697,2.496598639455782,0,3,-3,0.2999999999999998,ﯽﺜﻨﺧ
14231831499205396,سنير,16,17,5,4,0,0,7370,2.79,1.95,مثبت,0,0,63,0.82,221, حجم کم,76 %,41 % ,88 % ,93 % ,19398167,53,-4902,سيمان، آهك و گچ,فروش  ضعیف,0,0,تحرک_مثبت,0,2,25,155,3887,22,162,3579,-7,308,2.0,1405-06-04,12:29:41,16,17,5,4,-1,0.8888888888888888,1.0,0.0,1.2352941176470589,1.1666666666666667,0,1,-1,0.09999999999999998,ﯽﺜﻨﺧ
6233172939132588,پتوسعه,13,0,9,0,0,0,8900,2.89,2.89,صف خرید,0,0,72,113.59,5596,حجم متوسط1.8برابر,180 %,204 % ,259 % ,99 % ,4396188,25,35003,لاستيك و پلاستيك,فروش  متوسط rsi,0,0,تحرک_مثبت,1,0,30,231,6952,0,0,0,231,6952,2.0,1405-06-04,11:51:36,13,0,9,0,13,13.0,9.0,0.0,1.5714285714285714,0.0,3,3,-3,1.6,ﺪﯾﺮﺧ ﻝﺎﻨﮕﯿﺳ
42470251469508137,غناب,3,6,0,0,0,0,1210,2.37,2.79,مثبت,0,0,85,1.39,1907, حجم کم,67 %,125 % ,134 % ,198 % ,54610942,42,110444,محصولات غذايي و آشاميدني به جز قند و شكر,فروش  ضعیف,0,0,تحرک_منفی,0,2,13,120,1566,6,117,704,3,862,2.5,1405-06-04,12:27:07,3,6,0,0,-3,0.42857142857142855,0.0,0.0,0.75,0.8571428571428571,0,3,-3,0.3999999999999998,ﯽﺜﻨﺧ
35178706978554988,شپاس,14,13,2,5,0,1,40390,2.98,2.98,صف خرید,0,0,63,1.38,1163,حجم متوسط1.47برابر,147 %,185 % ,52 % ,79 % ,1051737,23,681694,فراورده هاي نفتي، كك و سوخت هسته اي,خرید  ضعیف,0,0,تحرک_مثبت,1,2,18,155,2798,14,258,3621,-103,-823,5.5,1405-06-04,12:06:03,14,13,2,5,1,1.0,0.3333333333333333,0.0,1.0666666666666667,1.6428571428571428,1,3,-1,1.2,ﺪﯾﺮﺧ ﻒﯿﻌﺿ ﻝﺎﻨﮕﯿﺳ
22950683624908253,نتوس,2,2,0,0,0,0,1316,2.97,2.97,صف خرید,0,0,87,2.12,0,حجم مشکوک125.01برابر,12501 %,0 % ,2200 % ,0 % ,23117,17,11096,منسوجات,فروش  قوی rsi,0,0,تحرک_مثبت,0,0,2,132,264,2,132,264,0,0,0.0,1405-06-04,9:23:25,2,2,0,0,0,0.6666666666666666,0.0,0.0,0.6666666666666666,0.6666666666666666,0,0,-3,-0.5000000000000001,ﺵﻭﺮﻓ ﻝﺎﻨﮕﯿﺳ
34032872653290886,غپاك,6,1,2,1,0,1,2058,2.95,2.95,صف خرید,0,0,77,5.26,2712, حجم کم,58 %,35 % ,38 % ,82 % ,52433385,42,110444,محصولات غذايي و آشاميدني به جز قند و شكر,فروش  متوسط,0,0,تحرک_مثبت,1,2,24,233,5613,1,2426,2426,-2193,3187,2.0,1405-06-04,12:25:39,6,1,2,1,5,3.0,1.0,0.0,1.1428571428571428,3.5,2,3,-3,1.2,ﺪﯾﺮﺧ ﻒﯿﻌﺿ ﻝﺎﻨﮕﯿﺳ
42696242981550091,كصدف,1,0,0,0,0,0,7860,2.88,2.88,صف خرید,0,0,75,10.0,0, حجم کم,7 %,2 % ,333 % ,104 % ,6042006,49,25165,كاشي و سراميك,فروش  متوسط rsi,0,0,تحرک_مثبت,1,1,1,176,176,0,0,0,176,176,2.0,1405-06-04,10:34:12,1,0,0,0,1,1.0,0.0,0.0,0.5,0.0,1,0,-3,-0.10000000000000006,ﺵﻭﺮﻓ ﻝﺎﻨﮕﯿﺳ
47996917271187218,وكار,7,11,4,7,0,2,5190,2.98,2.98,صف خرید,0,0,91,2.13,4155, حجم کم,24 %,14 % ,78 % ,68 % ,139063505,57,551430,بانكها و موسسات اعتباري,فروش  متوسط,0,0,تحرک_مثبت,0,3,15,239,3591,12,293,3518,-54,73,2.0,1405-06-04,12:20:50,7,11,4,7,-4,0.5833333333333334,0.5,0.0,1.375,2.3333333333333335,0,3,-3,0.3999999999999998,ﯽﺜﻨﺧ
48261930411425125,بمولد,21,15,16,7,5,0,9940,2.9,2.38,صف خرید,0,0,87,10.25,9178,حجم زیاد3.67برابر,367 %,34 % ,355 % ,120 % ,11081877,40,-10608,عرضه برق، گاز، بخاروآب گرم,فروش  قوی rsi,0,0,تحرک_مثبت,0,0,74,406,30044,33,198,6552,208,23492,1.0,1405-06-04,12:30:56,21,15,16,7,6,1.3125,2.0,5.0,2.8181818181818183,1.375,3,3,-3,1.6,ﺪﯾﺮﺧ ﻝﺎﻨﮕﯿﺳ
39884565732277052,كيمياتك,19,10,8,2,3,1,17820,2.95,2.72,صف خرید,0,0,71,3.36,-1536, حجم کم,71 %,30 % ,25 % ,44 % ,15810630,44,416438,محصولات شيميايي,فروش  متوسط rsi,0,0,تحرک_مثبت,1,0,27,270,7290,15,239,3599,31,3691,2.0,1405-06-04,12:17:50,19,10,8,2,9,1.7272727272727273,2.6666666666666665,1.5,2.1,1.5454545454545454,3,0,-3,0.7000000000000001,ﺪﯾﺮﺧ ﻒﯿﻌﺿ ﻝﺎﻨﮕﯿﺳ
23458117616920867,سشمالح,4,0,2,0,0,0,14110,0.0,0.64,صفر تابلو,0,0,83,0.0,3212,حجم مشکوک17.06برابر,1706 %,1706 % ,39 % ,25 % ,2930709,53,-4902,سيمان، آهك و گچ,فروش  قوی rsi,0,0,تحرک_منفی,0,0,8,247,1980,0,0,0,247,1980,-5.0,1405-06-04,12:00:58,4,0,2,0,4,4.0,2.0,0.0,1.2,0.0,2,3,-3,1.0999999999999999,ﺪﯾﺮﺧ ﻒﯿﻌﺿ ﻝﺎﻨﮕﯿﺳ
51971068201094874,بپاس,8,25,1,14,0,2,12410,0.0,0.08,صفر تابلو,0,0,84,0.44,-7385, حجم کم,54 %,86 % ,163 % ,323 % ,16759803,66,66233,بيمه وصندوق بازنشستگي به جزتامين اجتماعي,فروش  قوی,0,0,تحرک_منفی,0,4,9,164,1476,30,305,9155,-141,-7679,-7.0,1405-06-04,12:30:56,8,25,1,14,-17,0.3076923076923077,0.06666666666666667,0.0,1.0,1.8846153846153846,0,0,-3,-0.6000000000000001,ﺵﻭﺮﻓ ﻝﺎﻨﮕﯿﺳ
70498485598181604,هرمز,46,54,18,30,2,5,3310,2.8,2.17,صف خرید,0,0,55,0.86,-3841,حجم متوسط0.98برابر,98 %,135 % ,104 % ,95 % ,153935560,27,512358,فلزات اساسي,فروش  ضعیف,0,0,تحرک_مثبت,2,1,80,224,17994,88,260,22945,-36,-4951,2.5,1405-06-04,12:30:56,46,54,18,30,-8,0.8363636363636363,0.5806451612903226,0.3333333333333333,1.574468085106383,1.981818181818182,0,0,0,0.0,ﯽﺜﻨﺧ
69143674941561637,پترول,24,11,11,4,5,1,2330,2.96,2.92,صف خرید,0,0,72,3.09,8524, حجم کم,66 %,79 % ,82 % ,110 % ,275303281,44,416438,محصولات شيميايي,فروش  متوسط rsi,0,0,تحرک_مثبت,2,0,57,393,22425,26,316,8222,77,14203,2.0,1405-06-04,12:24:08,24,11,11,4,13,2.0,2.2,2.5,2.4,1.6666666666666667,3,3,-3,1.6,ﺪﯾﺮﺧ ﻝﺎﻨﮕﯿﺳ
2589887561569709,خزاميا,37,14,16,7,4,4,1598,2.96,2.96,صف خرید,0,0,80,8.16,26702, حجم کم,38 %,33 % ,93 % ,119 % ,719163515,34,214831,خودرو و ساخت قطعات,فروش  قوی rsi,0,0,تحرک_مثبت,0,0,153,242,37103,22,341,7521,-99,29582,1.0,1405-06-04,12:22:42,37,14,16,7,23,2.466666666666667,2.0,0.8,1.9210526315789473,2.7333333333333334,3,3,-3,1.6,ﺪﯾﺮﺧ ﻝﺎﻨﮕﯿﺳ
65004959184388996,فايرا,30,60,13,22,1,5,14680,0.96,0.89,مثبت,0,0,67,0.61,204,حجم متوسط0.97برابر,97 %,117 % ,61 % ,0 % ,30913574,27,512358,فلزات اساسي,فروش  ضعیف,0,0,تحرک_مثبت,0,3,58,191,11094,94,205,19294,-14,-8200,-0.5,1405-06-04,12:30:31,30,60,13,22,-30,0.4918032786885246,0.5652173913043478,0.16666666666666666,1.5483870967741935,1.7540983606557377,0,1,-1,0.09999999999999998,ﯽﺜﻨﺧ
383529400851043,الكتروماد,36,30,10,9,1,3,4580,-1.51,0.22,منفی,0,0,90,1.81,-3602,حجم زیاد2.13برابر,213 %,21 % ,424 % ,67 % ,38380990,29,64793,ماشين آلات و تجهيزات,فروش  متوسط,0,0,تحرک_منفی,0,2,75,177,13306,64,218,13995,-41,-689,-5.0,1405-06-04,12:30:57,36,30,10,9,6,1.1612903225806452,1.0,0.25,1.3783783783783783,1.7419354838709677,3,0,-3,0.7000000000000001,ﺪﯾﺮﺧ ﻒﯿﻌﺿ ﻝﺎﻨﮕﯿﺳ
56550776668133562,دفارا,62,100,15,43,0,15,17500,0.17,-0.06,مثبت,0,0,81,0.65,-16504,حجم متوسط1.54برابر,154 %,156 % ,454 % ,362 % ,42284121,43,-98707,مواد و محصولات دارويي,فروش  قوی,0,0,تحرک_مثبت,0,4,179,154,27729,225,236,53221,-82,-25492,-4.0,1405-06-04,12:30:51,62,100,15,43,-38,0.6138613861386139,0.3409090909090909,0.0,1.2222222222222223,2.1584158415841586,0,0,-3,-0.6000000000000001,ﺵﻭﺮﻓ ﻝﺎﻨﮕﯿﺳ
70474983732269112,دپارس,65,71,25,44,2,11,60500,-0.36,-2.08,منفی,0,0,66,0.64,15784,حجم متوسط1.87برابر,187 %,143 % ,74 % ,312 % ,6111476,43,-98707,مواد و محصولات دارويي,فروش  ضعیف,0,0,تحرک_مثبت,0,4,201,183,36914,118,297,35129,-114,1785,-3.5,1405-06-04,12:30:52,65,71,25,44,-6,0.9027777777777778,0.5555555555555556,0.16666666666666666,1.5151515151515151,2.361111111111111,0,3,-1,0.7,ﺪﯾﺮﺧ ﻒﯿﻌﺿ ﻝﺎﻨﮕﯿﺳ
56375665074210467,فسوژ,16,13,3,4,0,3,18460,2.96,2.96,صف خرید,0,0,97,1.83,0, حجم کم,29 %,1 % ,87 % ,898 % ,11395210,27,512358,فلزات اساسي,فروش  متوسط,0,0,تحرک_مثبت,0,3,29,186,5416,16,309,4950,-123,466,2.0,1405-06-04,11:50:55,16,13,3,4,3,1.1428571428571428,0.6,0.0,1.1176470588235294,2.2857142857142856,2,0,-3,0.29999999999999993,ﯽﺜﻨﺧ
50633804639547462,كمرجان,22,23,5,10,0,2,4230,2.92,2.68,صف خرید,0,0,61,0.96,982,حجم متوسط1.38برابر,138 %,75 % ,92 % ,100 % ,25245071,54,58599,ساير محصولات كاني غيرفلزي,فروش  ضعیف,0,0,تحرک_مثبت,1,3,33,181,5991,27,229,6208,-48,-217,3.5,1405-06-04,11:55:36,22,23,5,10,-1,0.9166666666666666,0.45454545454545453,0.0,1.173913043478261,1.7916666666666667,0,2,-1,0.39999999999999997,ﯽﺜﻨﺧ
40411537531154482,قصفها,7,3,1,0,0,0,2114,2.97,2.97,صف خرید,0,0,69,9.38,2893, حجم کم,33 %,49 % ,158 % ,110 % ,55693754,38,15187,قند و شكر,خرید  متوسط,0,0,تحرک_مثبت,2,2,19,148,2825,3,113,340,35,2485,8.0,1405-06-04,11:48:44,7,3,1,0,4,1.75,1.0,0.0,1.0,0.75,2,3,-1,1.6,ﺪﯾﺮﺧ ﻝﺎﻨﮕﯿﺳ
22811176775480091,اخابر,28,21,21,10,5,3,1015,2.94,2.94,صف خرید,0,0,85,3.92,26735, حجم کم,23 %,82 % ,360 % ,59 % ,1900720237,64,52304,مخابرات,فروش  قوی rsi,0,0,تحرک_مثبت,0,2,169,199,33702,33,260,8600,-61,25102,1.0,1405-06-04,12:20:51,28,21,21,10,7,1.2727272727272727,1.9090909090909092,1.25,2.5517241379310347,2.090909090909091,3,3,-3,1.6,ﺪﯾﺮﺧ ﻝﺎﻨﮕﯿﺳ
10120557300120078,پسهند,3,0,1,0,1,0,22780,2.98,2.98,صف خرید,0,0,75,43.51,1130, حجم کم,35 %,29 % ,29 % ,88 % ,2666150,25,35003,لاستيك و پلاستيك,فروش  متوسط rsi,0,0,تحرک_مثبت,2,0,5,232,1160,0,0,0,232,1160,2.0,1405-06-04,11:45:14,3,0,1,0,3,3.0,1.0,1.0,2.25,0.0,2,3,-3,1.2,ﺪﯾﺮﺧ ﻒﯿﻌﺿ ﻝﺎﻨﮕﯿﺳ
8977369674477111,كطبس,6,1,3,0,1,0,16350,2.96,2.96,صف خرید,0,0,87,15.11,11134,حجم متوسط1.51برابر,151 %,4 % ,34 % ,106 % ,7996098,10,14941,استخراج زغال سنگ,فروش  قوی rsi,0,0,تحرک_مثبت,0,2,45,237,10698,1,164,164,73,10534,1.0,1405-06-04,12:30:53,6,1,3,0,5,3.0,3.0,1.0,2.0,0.5,2,3,-3,1.2,ﺪﯾﺮﺧ ﻒﯿﻌﺿ ﻝﺎﻨﮕﯿﺳ
12874072841236826,فسازان,5,9,1,5,0,2,11770,2.97,2.97,صف خرید,0,0,76,1.37,-209, حجم کم,18 %,69 % ,90 % ,288 % ,48714986,27,512358,فلزات اساسي,فروش  متوسط,0,0,تحرک_مثبت,0,3,8,163,1306,13,280,3652,-117,-2346,0.0,1405-06-04,12:28:37,5,9,1,5,-4,0.5,0.16666666666666666,0.0,1.0,2.4,0,0,-3,-0.5000000000000001,ﺵﻭﺮﻓ ﻝﺎﻨﮕﯿﺳ
45066064863062755,ثنظام,5,1,4,0,1,0,74100,0.71,0.76,مثبت,0,0,44,6.53,1718,حجم زیاد2.1برابر,210 %,327 % ,315 % ,42 % ,328767,70,48213,انبوه سازي، املاك و مستغلات,خرید  قوی,0,0,تحرک_منفی,2,1,5,358,1794,2,113,226,245,1568,6.0,1405-06-04,11:12:39,5,1,4,0,4,2.5,4.0,1.0,2.3333333333333335,0.5,2,3,1,2.0,ﺪﯾﺮﺧ ﻝﺎﻨﮕﯿﺳ
57300230097485720,غگيلا,3,1,0,0,0,0,24780,2.99,2.87,صف خرید,0,0,77,11.1,-115, حجم کم,23 %,97 % ,82 % ,57 % ,2847208,42,110444,محصولات غذايي و آشاميدني به جز قند و شكر,فروش  متوسط rsi,0,0,تحرک_مثبت,0,0,4,124,498,1,109,109,15,389,2.0,1405-06-04,9:26:11,3,1,0,0,2,1.5,0.0,0.0,0.75,0.5,1,0,-3,-0.10000000000000006,ﺵﻭﺮﻓ ﻝﺎﻨﮕﯿﺳ
7395271748414592,وخارزم,33,35,17,17,3,3,7880,2.87,2.74,صف خرید,0,0,80,1.59,-2521, حجم کم,73 %,86 % ,169 % ,155 % ,140523210,56,223642,سرمايه گذاريها,فروش  ضعیف,0,0,تحرک_مثبت,0,4,96,277,26672,86,216,18582,61,8090,2.5,1405-06-04,12:15:36,33,35,17,17,-2,0.9166666666666666,0.9444444444444444,0.75,1.911764705882353,1.8611111111111112,0,0,-3,-0.5000000000000001,ﺵﻭﺮﻓ ﻝﺎﻨﮕﯿﺳ
17800036702302776,ثاخت,6,0,4,0,0,0,765,2.96,2.96,صف خرید,0,0,75,18.71,-206, حجم کم,6 %,56 % ,58 % ,101 % ,469108858,70,48213,انبوه سازي، املاك و مستغلات,فروش  متوسط rsi,0,0,تحرک_مثبت,0,1,6,203,1220,0,0,0,203,1220,2.0,1405-06-04,11:29:53,6,0,4,0,6,6.0,4.0,0.0,1.4285714285714286,0.0,3,0,-3,0.7000000000000001,ﺪﯾﺮﺧ ﻒﯿﻌﺿ ﻝﺎﻨﮕﯿﺳ
69171897374421261,فن افزار,5,2,3,1,0,0,9050,2.96,2.96,صف خرید,0,0,89,62.23,620, حجم کم,12 %,4 % ,22 % ,74 % ,33213437,72,-31944,رايانه و فعاليت‌هاي وابسته به آن,فروش  قوی rsi,0,0,تحرک_مثبت,0,2,8,313,2510,8,147,1182,166,1328,1.0,1405-06-04,9:14:20,5,2,3,1,3,1.6666666666666667,1.5,0.0,1.3333333333333333,1.0,2,2,-3,0.8999999999999998,ﺪﯾﺮﺧ ﻒﯿﻌﺿ ﻝﺎﻨﮕﯿﺳ
12387472624849835,داسوه,42,37,17,23,4,5,85080,-2.51,-2.54,منفی,0,0,79,0.77,-5075,حجم زیاد4.74برابر,474 %,118 % ,238 % ,0 % ,1276735,43,-98707,مواد و محصولات دارويي,فروش  متوسط,0,0,تحرک_مثبت,0,3,171,179,30620,110,267,29425,-88,1195,-5.0,1405-06-04,12:30:51,42,37,17,23,5,1.105263157894737,0.7083333333333334,0.6666666666666666,1.8372093023255813,2.236842105263158,2,0,-3,0.19999999999999996,ﯽﺜﻨﺧ
58356374066358100,اروند,79,1,18,0,2,0,47520,-0.31,-0.34,منفی,31,1,53,4.98,-6410,حجم متوسط1.99برابر,199 %,124 % ,104 % ,124 % ,17098174,44,416438,محصولات شيميايي,خرید  متوسط,47410,0.23,تحرک_مثبت,4,0,328,151,49716,9,183,1647,-32,48069,9.0,1405-06-04,12:30:53,79,1,18,0,78,39.5,18.0,2.0,1.3375,0.5,3,0,0,1.3000000000000003,ﺪﯾﺮﺧ ﻒﯿﻌﺿ ﻝﺎﻨﮕﯿﺳ
66305369579423152,اتكاسا,3,7,2,4,0,3,4750,2.81,2.81,صف خرید,0,0,72,0.98,760,حجم مشکوک7.09برابر,709 %,450 % ,354 % ,73 % ,1628171,66,66233,بيمه وصندوق بازنشستگي به جزتامين اجتماعي,فروش  متوسط,0,0,تحرک_مثبت,1,2,5,277,1385,8,456,3655,-179,-2270,-1.0,1405-06-04,10:36:39,3,7,2,4,-4,0.375,0.4,0.0,1.25,3.25,0,2,-3,-1.1102230246251565e-16,ﺵﻭﺮﻓ ﻝﺎﻨﮕﯿﺳ
59522975635235187,شمس,12,7,6,4,1,2,12530,2.62,2.7,مثبت,0,0,71,2.19,-14349,حجم متوسط1.75برابر,175 %,42 % ,71 % ,312 % ,15056388,40,-10608,عرضه برق، گاز، بخاروآب گرم,فروش  متوسط,0,0,تحرک_منفی,0,2,18,259,4673,11,628,6911,-369,-2238,-3.0,1405-06-04,12:30:33,12,7,6,4,5,1.5,1.2,0.3333333333333333,1.7692307692307692,2.625,2,0,-3,0.29999999999999993,ﯽﺜﻨﺧ
9155145921347611,زفارس,6,3,2,1,0,0,22910,2.97,2.97,صف خرید,0,0,79,49.79,2352, حجم کم,23 %,20 % ,67 % ,179 % ,11097457,1,35200,زراعت و خدمات وابسته,فروش  متوسط rsi,0,0,تحرک_مثبت,0,0,27,156,4218,6,178,1073,-22,3145,2.0,1405-06-04,11:39:57,6,3,2,1,3,1.5,1.0,0.0,1.1428571428571428,1.0,2,3,-3,1.2,ﺪﯾﺮﺧ ﻒﯿﻌﺿ ﻝﺎﻨﮕﯿﺳ
15930821245168534,سكارون,7,6,1,1,0,0,5250,2.94,2.55,صف خرید,0,0,56,1.09,0,حجم متوسط1.57برابر,157 %,86 % ,37 % ,101 % ,3533787,53,-4902,سيمان، آهك و گچ,خرید  ضعیف,0,0,تحرک_مثبت,0,1,8,159,1275,6,172,1037,-13,238,6.5,1405-06-04,12:30:31,7,6,1,1,1,1.0,0.5,0.0,1.0,1.0,1,0,-1,0.30000000000000004,ﯽﺜﻨﺧ
26824673819862694,خبهمن,20,18,10,9,6,5,2727,2.98,2.98,صف خرید,0,0,79,3.88,51761, حجم کم,49 %,98 % ,119 % ,144 % ,540785609,34,214831,خودرو و ساخت قطعات,فروش  متوسط rsi,0,0,تحرک_مثبت,0,1,240,245,58985,32,354,11330,-109,47655,2.0,1405-06-04,12:30:27,20,18,10,9,2,1.0526315789473684,1.0,1.0,2.857142857142857,2.736842105263158,1,3,-3,0.7999999999999997,ﺪﯾﺮﺧ ﻒﯿﻌﺿ ﻝﺎﻨﮕﯿﺳ
24079409192818584,پدرخش,12,21,3,11,0,1,5210,1.36,0.78,مثبت,0,0,55,0.7,0,حجم متوسط1.32برابر,132 %,100 % ,175 % ,242 % ,12227983,25,35003,لاستيك و پلاستيك,فروش  ضعیف,0,0,تحرک_مثبت,0,2,14,156,2191,26,217,5655,-61,-3464,1.5,1405-06-04,12:21:34,12,21,3,11,-9,0.5454545454545454,0.25,0.0,1.1538461538461537,1.6818181818181819,0,0,0,0.0,ﯽﺜﻨﺧ
19310456400689867,خبازرس,1,5,0,1,0,0,27980,-2.88,-2.43,منفی,0,0,71,0.61,-1242,حجم متوسط1.05برابر,105 %,6 % ,198 % ,135 % ,542068,71,-1154,فعاليت مهندسي، تجزيه، تحليل و آزمايش فني,فروش  متوسط,0,0,تحرک_منفی,0,3,1,114,114,5,143,717,-29,-603,-7.0,1405-06-04,12:19:47,1,5,0,1,-4,0.16666666666666666,0.0,0.0,0.5,1.0,0,0,-3,-0.6000000000000001,ﺵﻭﺮﻓ ﻝﺎﻨﮕﯿﺳ
37204371816016200,وصندوق,12,10,8,5,3,1,20070,2.98,2.98,صف خرید,0,0,79,9.32,16686, حجم کم,39 %,167 % ,92 % ,202 % ,34709456,39,17871,شركتهاي چند رشته اي صنعتي,فروش  متوسط rsi,0,0,تحرک_مثبت,0,0,60,404,24251,15,308,4628,96,19623,2.0,1405-06-04,12:30:53,12,10,8,5,2,1.0909090909090908,1.3333333333333333,1.5,2.6923076923076925,1.8181818181818181,1,3,-3,0.7999999999999997,ﺪﯾﺮﺧ ﻒﯿﻌﺿ ﻝﺎﻨﮕﯿﺳ
7300125658580126,زكشت,13,11,6,3,2,0,23220,2.97,2.66,صف خرید,0,0,70,1.21,-1026, حجم کم,64 %,100 % ,68 % ,118 % ,5094830,1,35200,زراعت و خدمات وابسته,فروش  متوسط rsi,0,0,تحرک_مثبت,0,2,18,233,4211,12,168,2026,65,2185,4.0,1405-06-04,12:29:45,13,11,6,3,2,1.0833333333333333,1.5,2.0,2.0714285714285716,1.1666666666666667,1,0,-1,0.30000000000000004,ﯽﺜﻨﺧ
17330546482145553,خمهر,12,11,8,5,2,0,3058,2.96,2.59,مثبت,0,0,75,1.66,1267,حجم متوسط1.23برابر,123 %,122 % ,136 % ,172 % ,30253258,34,214831,خودرو و ساخت قطعات,فروش  متوسط rsi,0,0,تحرک_مثبت,0,2,28,291,8154,27,234,6321,57,1833,1.0,1405-06-04,12:29:40,12,11,8,5,1,1.0,1.3333333333333333,2.0,2.3076923076923075,1.3333333333333333,1,3,-3,0.7999999999999997,ﺪﯾﺮﺧ ﻒﯿﻌﺿ ﻝﺎﻨﮕﯿﺳ
1625149423498289,حسينا,8,2,7,0,4,0,15220,2.98,2.98,صف خرید,0,0,49,22.4,9898, حجم کم,42 %,225 % ,20 % ,0 % ,17859359,60,116556,حمل ونقل، انبارداري و ارتباطات,خرید  متوسط,0,0,تحرک_مثبت,1,2,18,529,9537,2,153,307,376,9230,8.0,1405-06-04,11:42:44,8,2,7,0,6,2.6666666666666665,7.0,4.0,3.888888888888889,0.6666666666666666,3,3,0,2.2,ﺪﯾﺮﺧ ﻝﺎﻨﮕﯿﺳ
33629260529503413,بجهرم,43,50,16,23,5,7,3330,2.78,2.78,صف خرید,0,0,79,1.23,-27695,حجم متوسط1.29برابر,129 %,572 % ,166 % ,448 % ,212143920,40,-10608,عرضه برق، گاز، بخاروآب گرم,فروش  متوسط,0,0,تحرک_مثبت,0,3,222,198,43976,196,301,59074,-103,-15098,0.0,1405-06-04,12:30:32,43,50,16,23,-7,0.8431372549019608,0.6666666666666666,0.625,1.9090909090909092,2.1176470588235294,0,0,-3,-0.5000000000000001,ﺵﻭﺮﻓ ﻝﺎﻨﮕﯿﺳ
31116454489395198,تاديكو,14,0,6,0,1,0,7820,2.89,2.5,صف خرید,0,1,57,14.94,8989,حجم متوسط1.06برابر,106 %,65 % ,62 % ,82 % ,40722064,1,35200,زراعت و خدمات وابسته,خرید  قوی,0,0,تحرک_مثبت,4,0,62,198,12277,0,0,0,198,12277,11.0,1405-06-04,11:59:52,14,0,6,0,14,14.0,6.0,1.0,1.6666666666666667,0.0,3,3,-1,2.0,ﺪﯾﺮﺧ ﻝﺎﻨﮕﯿﺳ
15726796686853780,ثعمرا,7,3,2,1,1,0,14100,2.25,2.68,مثبت,0,0,76,1.79,0,حجم متوسط1.0برابر,100 %,57 % ,216 % ,157 % ,1885563,70,48213,انبوه سازي، املاك و مستغلات,فروش  متوسط rsi,0,0,تحرک_منفی,0,3,7,221,1553,3,174,522,47,1031,-1.0,1405-06-04,12:28:33,7,3,2,1,4,1.75,1.0,1.0,1.75,1.0,2,0,-3,0.29999999999999993,ﯽﺜﻨﺧ
27832551228672645,ولاعتماد,3,7,1,2,1,0,1518,2.99,2.99,صف خرید,0,0,68,20.98,2174, حجم کم,60 %,48 % ,0 % ,237 % ,87773304,58,7845,ساير واسطه گريهاي مالي,خرید  متوسط,0,0,تحرک_مثبت,2,0,27,183,4954,7,187,1310,-4,3644,8.0,1405-06-04,11:51:37,3,7,1,2,-4,0.375,0.3333333333333333,1.0,2.25,1.125,0,3,-1,0.7999999999999999,ﺪﯾﺮﺧ ﻒﯿﻌﺿ ﻝﺎﻨﮕﯿﺳ
24696953498398744,شگستر,9,1,3,0,0,0,1497,2.96,2.96,صف خرید,0,0,88,26.0,8685, حجم کم,50 %,54 % ,42 % ,97 % ,134226505,44,416438,محصولات شيميايي,فروش  قوی rsi,0,0,تحرک_مثبت,0,1,57,171,9773,1,151,151,20,9622,1.0,1405-06-04,12:16:43,9,1,3,0,8,4.5,3.0,0.0,1.2,0.5,3,3,-3,1.6,ﺪﯾﺮﺧ ﻝﺎﻨﮕﯿﺳ
4159532151694984,فبستم,1,1,0,0,0,0,16160,3.0,3.0,صف خرید,0,0,59,1.75,463, حجم کم,86 %,8 % ,69 % ,163 % ,549261,28,4088,ساخت محصولات فلزي,خنثی,0,0,تحرک_مثبت,0,2,1,153,153,1,107,107,46,46,7.0,1405-06-04,10:33:31,1,1,0,0,0,0.5,0.0,0.0,0.5,0.5,0,1,-1,0.19999999999999998,ﯽﺜﻨﺧ
5516102131364383,غمينو,36,68,16,26,4,5,8100,-1.22,-2.07,منفی,0,0,62,0.58,34552,حجم زیاد2.55برابر,255 %,26 % ,59 % ,74 % ,49525150,42,110444,محصولات غذايي و آشاميدني به جز قند و شكر,فروش  ضعیف,0,0,تحرک_مثبت,0,4,257,152,39300,254,164,41892,-12,-2592,-0.5,1405-06-04,12:30:57,36,68,16,26,-32,0.5217391304347826,0.5925925925925926,0.6666666666666666,1.945945945945946,1.7246376811594204,0,3,-1,0.7,ﺪﯾﺮﺧ ﻒﯿﻌﺿ ﻝﺎﻨﮕﯿﺳ
16422980660132735,لطيف,6,2,5,1,3,0,3810,2.97,2.97,صف خرید,0,0,78,36.0,4267, حجم کم,26 %,15 % ,94 % ,98 % ,57105372,21,29491,محصولات كاغذي,فروش  متوسط rsi,0,0,تحرک_مثبت,0,1,14,356,4996,3,191,573,165,4423,2.0,1405-06-04,12:30:57,6,2,5,1,4,2.0,2.5,3.0,3.7142857142857144,1.0,2,3,-3,1.2,ﺪﯾﺮﺧ ﻒﯿﻌﺿ ﻝﺎﻨﮕﯿﺳ
6757220448540984,سشمال,15,4,3,1,1,0,16090,1.32,0.38,مثبت,0,1,59,1.53,4398,حجم متوسط1.34برابر,134 %,92 % ,64 % ,127 % ,3447883,53,-4902,سيمان، آهك و گچ,خرید  قوی,0,0,تحرک_مثبت,1,2,16,197,3155,5,178,891,19,2264,10.0,1405-06-04,12:04:55,15,4,3,1,11,3.0,1.5,1.0,1.4375,1.0,3,3,-1,2.0,ﺪﯾﺮﺧ ﻝﺎﻨﮕﯿﺳ
69847139870135237,اوان,16,16,3,6,0,2,13710,2.93,2.93,صف خرید,0,0,84,2.3,0, حجم کم,72 %,13 % ,6 % ,270 % ,5670230,73,-4741,اطلاعات و ارتباطات,فروش  متوسط,0,0,تحرک_مثبت,0,3,24,196,4715,19,255,4851,-59,-136,0.0,1405-06-04,11:12:40,16,16,3,6,0,0.9411764705882353,0.42857142857142855,0.0,1.1176470588235294,1.8823529411764706,0,0,-3,-0.5000000000000001,ﺵﻭﺮﻓ ﻝﺎﻨﮕﯿﺳ
30703140537034664,كگهر,10,0,8,0,1,0,7320,2.95,2.95,صف خرید,0,0,81,37.07,33693, حجم کم,76 %,83 % ,133 % ,48 % ,67530810,13,243886,استخراج كانه هاي فلزي,فروش  قوی rsi,0,0,تحرک_مثبت,0,2,130,256,33390,0,0,0,256,33390,1.0,1405-06-04,11:43:08,10,0,8,0,10,10.0,8.0,1.0,2.090909090909091,0.0,3,3,-3,1.6,ﺪﯾﺮﺧ ﻝﺎﻨﮕﯿﺳ
25001509088465005,كساوه,16,15,7,6,3,0,31100,2.91,2.91,مثبت,0,0,76,1.72,6698, حجم کم,66 %,53 % ,70 % ,79 % ,9701080,49,25165,كاشي و سراميك,فروش  متوسط rsi,0,0,تحرک_مثبت,0,4,58,203,11786,24,176,4226,27,7560,2.0,1405-06-04,12:30:53,16,15,7,6,1,1.0,1.0,3.0,2.235294117647059,1.3125,1,3,-3,0.7999999999999997,ﺪﯾﺮﺧ ﻒﯿﻌﺿ ﻝﺎﻨﮕﯿﺳ
41796741644273824,وملي,4,7,3,5,0,1,259600,2.98,2.98,صف خرید,0,0,76,1.68,2051, حجم کم,70 %,68 % ,158 % ,253 % ,383526,19,2051,دباغي، پرداخت چرم و ساخت انواع پاپوش,فروش  متوسط,0,0,تحرک_مثبت,0,2,5,222,1111,8,364,2914,-142,-1803,0.0,1405-06-04,11:45:34,4,7,3,5,-3,0.5,0.5,0.0,1.4,2.125,0,3,-3,0.3999999999999998,ﯽﺜﻨﺧ
59461185672081215,غمايه,0,7,0,4,0,0,22320,3.0,2.68,صف خرید,0,0,68,0.78,-1825, حجم کم,20 %,44 % ,70 % ,30 % ,10730939,42,110444,محصولات غذايي و آشاميدني به جز قند و شكر,فروش  ضعیف,0,0,تحرک_مثبت,2,2,0,0,0,7,215,1509,-215,-1509,2.5,1405-06-04,9:44:07,0,7,0,4,-7,0.0,0.0,0.0,0.0,1.375,0,0,-1,-0.2,ﺵﻭﺮﻓ ﻝﺎﻨﮕﯿﺳ
50341528161302545,كمنگنز,30,44,8,14,0,5,8880,2.3,1.15,مثبت,0,0,80,0.66,3855,حجم متوسط1.2برابر,120 %,132 % ,145 % ,401 % ,24798590,13,243886,استخراج كانه هاي فلزي,فروش  متوسط,0,0,تحرک_مثبت,0,4,54,166,8966,70,196,13785,-30,-4819,-3.0,1405-06-04,12:29:17,30,44,8,14,-14,0.6666666666666666,0.5333333333333333,0.0,1.2258064516129032,1.8444444444444446,0,3,-3,0.2999999999999998,ﯽﺜﻨﺧ
44153164692325703,شگل,35,29,17,10,1,3,2848,2.96,2.96,صف خرید,0,0,74,1.59,14814,حجم متوسط1.21برابر,121 %,54 % ,32 % ,57 % ,93342009,44,416438,محصولات شيميايي,فروش  متوسط,0,0,تحرک_مثبت,1,2,103,200,20682,38,247,9394,-47,11288,2.0,1405-06-04,12:25:34,35,29,17,10,6,1.1666666666666667,1.5454545454545454,0.25,1.5833333333333333,1.8,3,3,-3,1.6,ﺪﯾﺮﺧ ﻝﺎﻨﮕﯿﺳ
14079693677610396,اسياتك,62,68,21,28,5,5,4100,2.76,1.5,صف خرید,0,0,90,0.97,-18244,حجم متوسط1.14برابر,114 %,86 % ,95 % ,278 % ,145660184,73,-4741,اطلاعات و ارتباطات,فروش  متوسط,0,0,تحرک_مثبت,0,2,113,195,22076,165,208,34462,-13,-12386,-2.0,1405-06-04,12:30:55,62,68,21,28,-6,0.8985507246376812,0.7241379310344828,0.8333333333333334,1.7142857142857142,1.7536231884057971,0,0,-3,-0.6000000000000001,ﺵﻭﺮﻓ ﻝﺎﻨﮕﯿﺳ
35700344742885862,كگل,39,26,32,12,12,3,2982,2.97,2.97,صف خرید,0,0,73,8.29,88881, حجم کم,60 %,120 % ,106 % ,62 % ,847420556,13,243886,استخراج كانه هاي فلزي,فروش  متوسط rsi,0,0,تحرک_مثبت,1,1,243,457,111181,95,176,16741,281,94440,2.0,1405-06-04,12:24:51,39,26,32,12,13,1.4444444444444444,2.4615384615384617,3.0,3.275,1.962962962962963,3,3,-3,1.6,ﺪﯾﺮﺧ ﻝﺎﻨﮕﯿﺳ
48636523343139021,زهلال,31,0,11,0,1,0,49460,2.38,1.49,مثبت,0,1,61,24.61,1514,حجم متوسط0.91برابر,91 %,39 % ,51 % ,45 % ,4444649,1,35200,زراعت و خدمات وابسته,خرید  قوی,0,0,تحرک_مثبت,4,0,39,183,7157,0,0,0,183,7157,10.0,1405-06-04,12:28:33,31,0,11,0,31,31.0,11.0,1.0,1.46875,0.0,3,3,-1,2.0,ﺪﯾﺮﺧ ﻝﺎﻨﮕﯿﺳ
65414507129586385,لخزر,8,1,0,0,0,0,4400,2.8,2.8,صف خرید,0,0,79,8.57,2112, حجم کم,33 %,33 % ,474 % ,39 % ,18851780,29,64793,ماشين آلات و تجهيزات,فروش  متوسط rsi,0,0,تحرک_مثبت,0,1,19,134,2562,1,132,132,2,2430,2.0,1405-06-04,11:59:48,8,1,0,0,7,4.0,0.0,0.0,0.8888888888888888,0.5,3,3,-3,1.6,ﺪﯾﺮﺧ ﻝﺎﻨﮕﯿﺳ
16673205196919832,شفارا,4,1,1,0,0,0,1420,2.97,2.97,صف خرید,0,0,68,8.7,735, حجم کم,30 %,26 % ,78 % ,122 % ,29528391,44,416438,محصولات شيميايي,خرید  متوسط,0,0,تحرک_مثبت,2,1,5,182,914,1,142,142,40,772,8.0,1405-06-04,11:57:18,4,1,1,0,3,2.0,1.0,0.0,1.0,0.5,2,2,-1,1.3,ﺪﯾﺮﺧ ﻒﯿﻌﺿ ﻝﺎﻨﮕﯿﺳ
20926459161497908,ثتران,15,19,8,7,0,0,8000,2.96,2.96,صف خرید,0,0,84,1.31,1114,حجم متوسط1.12برابر,112 %,20 % ,160 % ,174 % ,8012408,70,48213,انبوه سازي، املاك و مستغلات,فروش  ضعیف,0,0,تحرک_مثبت,0,4,22,204,4498,28,171,4792,33,-294,0.5,1405-06-04,11:46:22,15,19,8,7,-4,0.75,1.0,0.0,1.4375,1.3,0,3,-3,0.3999999999999998,ﯽﺜﻨﺧ
22259718159702272,استقلال,2,0,1,0,0,0,1225,2.0,0.75,صف خرید,0,0,75,7.56,61,حجم متوسط1.06برابر,106 %,71 % ,88 % ,54 % ,5418699,93,644,فعاليتهاي فرهنگي و ورزشي,فروش  متوسط rsi,0,0,تحرک_مثبت,0,2,3,154,463,0,0,0,154,463,2.0,1405-06-04,12:23:28,2,0,1,0,2,2.0,1.0,0.0,1.0,0.0,1,1,-3,0.19999999999999987,ﯽﺜﻨﺧ
37297472492769191,فهامون,14,2,3,1,0,0,4690,2.4,1.75,مثبت,0,0,66,10.46,817,حجم متوسط1.93برابر,193 %,255 % ,264 % ,109 % ,19223704,27,512358,فلزات اساسي,خرید  متوسط,0,0,تحرک_مثبت,3,0,23,150,3457,5,159,798,-9,2659,7.0,1405-06-04,12:16:46,14,2,3,1,12,4.666666666666667,1.5,0.0,1.1333333333333333,1.0,3,2,-1,1.7000000000000004,ﺪﯾﺮﺧ ﻝﺎﻨﮕﯿﺳ
3149396562827132,وايران,3,8,0,3,0,0,5460,2.82,2.82,صف خرید,0,0,79,1.08,109, حجم کم,86 %,57 % ,102 % ,134 % ,7796039,58,7845,ساير واسطه گريهاي مالي,فروش  متوسط,0,0,تحرک_مثبت,0,4,4,129,518,10,169,1697,-40,-1179,-1.0,1405-06-04,11:55:32,3,8,0,3,-5,0.3333333333333333,0.0,0.0,0.75,1.2222222222222223,0,1,-3,-0.2000000000000001,ﺵﻭﺮﻓ ﻝﺎﻨﮕﯿﺳ
11996454048142959,داترا,66,14,31,9,3,1,6840,2.86,2.71,صف خرید,0,0,75,3.35,12458,حجم متوسط1.34برابر,134 %,318 % ,39 % ,138 % ,61803841,43,-98707,مواد و محصولات دارويي,فروش  متوسط rsi,0,0,تحرک_مثبت,0,3,158,197,31232,33,219,7256,-22,23976,2.0,1405-06-04,12:24:11,66,14,31,9,52,4.4,3.1,1.5,1.671641791044776,1.8666666666666667,3,3,-3,1.6,ﺪﯾﺮﺧ ﻝﺎﻨﮕﯿﺳ
22490169030401337,وآوا,13,6,10,5,2,2,3197,3.0,3.0,صف خرید,0,0,88,4.65,2343, حجم کم,77 %,59 % ,37 % ,78 % ,23145168,56,223642,سرمايه گذاريها,فروش  قوی rsi,0,0,تحرک_مثبت,0,0,21,263,5530,6,495,2970,-232,2560,1.0,1405-06-04,12:30:56,13,6,10,5,7,1.8571428571428572,1.6666666666666667,0.6666666666666666,2.357142857142857,3.0,3,3,-3,1.6,ﺪﯾﺮﺧ ﻝﺎﻨﮕﯿﺳ
45050389997905274,وسينا,29,34,16,21,4,12,3330,2.78,2.78,صف خرید,0,0,72,1.03,1235,حجم متوسط0.97برابر,97 %,103 % ,77 % ,24 % ,217283260,57,551430,بانكها و موسسات اعتباري,فروش  متوسط,0,0,تحرک_مثبت,0,3,121,272,32966,71,451,32041,-179,925,1.0,1405-06-04,11:56:17,29,34,16,21,-5,0.8285714285714286,0.7272727272727273,0.3076923076923077,2.1666666666666665,3.2857142857142856,0,3,-3,0.3999999999999998,ﯽﺜﻨﺧ
32821908911812078,خزر,13,14,6,5,1,1,1915,2.96,2.8,صف خرید,0,0,71,1.38,1055, حجم کم,87 %,98 % ,113 % ,138 % ,55184037,34,214831,خودرو و ساخت قطعات,فروش  ضعیف,0,0,تحرک_مثبت,1,3,20,243,4867,15,214,3210,29,1657,2.0,1405-06-04,12:30:51,13,14,6,5,-1,0.8666666666666667,1.0,0.5,1.7142857142857142,1.6,0,3,-3,0.3999999999999998,ﯽﺜﻨﺧ
30443839313522574,حرهشا,4,11,1,1,0,0,27400,-0.87,-1.52,منفی,0,0,65,0.8,-2008,حجم زیاد2.15برابر,215 %,75 % ,102 % ,103 % ,688025,60,116556,حمل ونقل، انبارداري و ارتباطات,فروش  ضعیف,0,0,تحرک_مثبت,0,2,5,183,915,16,143,2299,40,-1384,1.5,1405-06-04,12:18:39,4,11,1,1,-7,0.3333333333333333,0.5,0.0,1.0,1.0,0,0,-1,-0.2,ﺵﻭﺮﻓ ﻝﺎﻨﮕﯿﺳ
29875801858560476,مهرگان,32,3,13,0,0,0,10270,2.91,2.81,صف خرید,0,0,69,8.03,7486, حجم کم,60 %,114 % ,105 % ,227 % ,28567708,56,223642,سرمايه گذاريها,خرید  متوسط,0,0,تحرک_مثبت,4,0,54,198,10697,4,103,414,95,10283,8.0,1405-06-04,12:30:52,32,3,13,0,29,8.0,13.0,0.0,1.3636363636363635,0.75,3,3,-1,2.0,ﺪﯾﺮﺧ ﻝﺎﻨﮕﯿﺳ
41302553376174581,فجر,12,17,2,9,1,6,5570,2.96,2.96,صف خرید,0,0,79,1.44,5146, حجم کم,34 %,93 % ,38 % ,41 % ,147228285,27,512358,فلزات اساسي,فروش  متوسط,0,0,تحرک_مثبت,0,4,68,170,11586,23,333,7671,-163,3915,2.0,1405-06-04,11:34:54,12,17,2,9,-5,0.6666666666666666,0.2,0.14285714285714285,1.4615384615384615,3.111111111111111,0,3,-3,0.3999999999999998,ﯽﺜﻨﺧ
41625340598198551,بساما,5,9,2,1,1,1,12290,-0.73,-1.13,منفی,0,0,66,0.73,-924,حجم متوسط1.38برابر,138 %,267 % ,298 % ,126 % ,2587841,66,66233,بيمه وصندوق بازنشستگي به جزتامين اجتماعي,فروش  ضعیف,0,0,تحرک_مثبت,0,4,6,401,2409,11,242,2662,159,-253,-2.5,1405-06-04,12:27:09,5,9,2,1,-4,0.5,1.0,0.5,2.0,1.5,0,0,-1,-0.2,ﺵﻭﺮﻓ ﻝﺎﻨﮕﯿﺳ
57875847776839336,فنوال,18,18,2,6,1,1,13040,2.68,2.05,مثبت,0,0,72,0.76,-1031, حجم کم,86 %,129 % ,86 % ,74 % ,8318168,27,512358,فلزات اساسي,فروش  متوسط,0,0,تحرک_مثبت,0,2,21,172,3624,21,211,4444,-39,-820,-3.0,1405-06-04,12:26:41,18,18,2,6,0,0.9473684210526315,0.2857142857142857,0.5,1.3157894736842106,1.5263157894736843,0,0,-3,-0.6000000000000001,ﺵﻭﺮﻓ ﻝﺎﻨﮕﯿﺳ
50792786683910016,كرمان,31,21,9,10,0,6,1355,2.96,2.96,صف خرید,0,0,78,4.7,406, حجم کم,28 %,27 % ,25 % ,111 % ,459956622,70,48213,انبوه سازي، املاك و مستغلات,فروش  متوسط,0,0,تحرک_مثبت,1,1,82,166,13626,31,367,11390,-201,2236,2.0,1405-06-04,12:28:33,31,21,9,10,10,1.4090909090909092,0.8181818181818182,0.0,1.25,2.772727272727273,3,1,-3,1.0000000000000002,ﺪﯾﺮﺧ ﻒﯿﻌﺿ ﻝﺎﻨﮕﯿﺳ
40505767672724777,رانفور,2,4,0,2,0,0,5070,1.4,1.0,مثبت,0,0,45,0.98,-148, حجم کم,39 %,39 % ,25 % ,68 % ,11970177,72,-31944,رايانه و فعاليت‌هاي وابسته به آن,فروش  ضعیف,0,0,تحرک_مثبت,1,3,3,117,351,4,173,693,-56,-342,2.5,1405-06-04,12:08:53,2,4,0,2,-2,0.4,0.0,0.0,0.6666666666666666,1.2,0,0,0,0.0,ﯽﺜﻨﺧ
5599691633622269,بخاور,6,0,4,0,0,0,6220,2.98,2.81,صف خرید,0,0,63,4.44,1590,حجم متوسط1.17برابر,117 %,23 % ,26 % ,41 % ,2965932,66,66233,بيمه وصندوق بازنشستگي به جزتامين اجتماعي,خرید  متوسط,0,0,تحرک_مثبت,1,2,7,194,1360,0,0,0,194,1360,8.0,1405-06-04,12:25:35,6,0,4,0,6,6.0,4.0,0.0,1.4285714285714286,0.0,3,3,-1,2.0,ﺪﯾﺮﺧ ﻝﺎﻨﮕﯿﺳ
33854964748757477,رنيك,38,48,12,16,1,1,12600,0.88,0.64,مثبت,0,0,68,0.91,976,حجم متوسط1.28برابر,128 %,160 % ,352 % ,36 % ,13626740,74,37765,خدمات فني و مهندسي,فروش  ضعیف,0,0,تحرک_مثبت,2,2,62,172,10704,66,195,12902,-23,-2198,2.5,1405-06-04,12:29:44,38,48,12,16,-10,0.7755102040816326,0.7058823529411765,0.5,1.4102564102564104,1.4081632653061225,0,2,-1,0.39999999999999997,ﯽﺜﻨﺧ
63084741752814852,دشيري,3,3,0,0,0,0,351100,-1.21,0.06,منفی,0,0,67,0.92,-55, حجم کم,64 %,72 % ,161 % ,200 % ,97131,43,-98707,مواد و محصولات دارويي,خنثی,0,0,تحرک_منفی,0,3,3,113,341,3,130,392,-17,-51,-1.0,1405-06-04,12:28:12,3,3,0,0,0,0.75,0.0,0.0,0.75,0.75,0,0,-1,-0.2,ﺵﻭﺮﻓ ﻝﺎﻨﮕﯿﺳ
58180284328186631,خفناور,4,2,1,1,0,0,22640,2.96,2.55,صف خرید,0,0,74,1.32,0,حجم متوسط0.98برابر,98 %,243 % ,107 % ,609 % ,830811,34,214831,خودرو و ساخت قطعات,فروش  متوسط rsi,0,0,تحرک_مثبت,0,4,6,160,962,2,165,330,-5,632,1.0,1405-06-04,12:30:31,4,2,1,1,2,1.3333333333333333,0.5,0.0,1.0,1.0,1,0,-3,-0.10000000000000006,ﺵﻭﺮﻓ ﻝﺎﻨﮕﯿﺳ
50185721305191887,ختور,4,15,1,5,1,1,2905,2.98,2.91,صف خرید,0,0,72,1.68,1846, حجم کم,57 %,87 % ,51 % ,0 % ,51664192,34,214831,خودرو و ساخت قطعات,فروش  متوسط,0,0,تحرک_مثبت,0,3,11,340,3741,18,220,3962,120,-221,0.0,1405-06-04,12:24:08,4,15,1,5,-11,0.25,0.16666666666666666,0.5,2.0,1.5625,0,3,-3,0.3999999999999998,ﯽﺜﻨﺧ
48287670503317419,ولبهمن,1,2,0,1,0,0,2681,3.0,3.0,صف خرید,0,0,83,1.48,-679, حجم کم,42 %,97 % ,25 % ,92 % ,15246721,58,7845,ساير واسطه گريهاي مالي,فروش  متوسط,0,0,تحرک_مثبت,0,3,5,142,710,4,227,909,-85,-199,0.0,1405-06-04,12:19:48,1,2,0,1,-1,0.3333333333333333,0.0,0.0,0.5,1.0,0,0,-3,-0.5000000000000001,ﺵﻭﺮﻓ ﻝﺎﻨﮕﯿﺳ
15374483986949695,دهدشت,0,2,0,0,0,0,10690,2.99,0.77,صف خرید,0,0,78,4.52,-107, حجم کم,46 %,15 % ,84 % ,61 % ,615440,44,416438,محصولات شيميايي,فروش  ضعیف,0,0,تحرک_مثبت,0,3,0,0,0,2,104,208,-104,-208,0.5,1405-06-04,11:20:20,0,2,0,0,-2,0.0,0.0,0.0,0.0,0.6666666666666666,0,0,-3,-0.5000000000000001,ﺵﻭﺮﻓ ﻝﺎﻨﮕﯿﺳ
59470107928175959,گنگين,0,2,0,0,0,0,14560,2.97,2.19,صف خرید,0,0,69,0.88,-141, حجم کم,36 %,96 % ,134 % ,74 % ,1009768,39,17871,شركتهاي چند رشته اي صنعتي,فروش  ضعیف,0,0,تحرک_مثبت,1,2,0,0,0,2,125,250,-125,-250,2.5,1405-06-04,11:18:20,0,2,0,0,-2,0.0,0.0,0.0,0.0,0.6666666666666666,0,0,-1,-0.2,ﺵﻭﺮﻓ ﻝﺎﻨﮕﯿﺳ
2135047529277416,اعتلاح,0,0,0,0,0,0,1271,-2.98,-2.75,صف فروش,0,0,80,0.0,349,حجم مشکوک19.71برابر,1971 %,2200 % ,0 % ,0 % ,139265,56,223642,سرمايه گذاريها,فروش  قوی rsi,0,0,تحرک_منفی,0,0,0,0,0,0,0,0,0,0,-8.0,1405-06-04,8:49:56,0,0,0,0,0,0.0,0.0,0.0,0.0,0.0,0,1,-3,-0.3000000000000001,ﺵﻭﺮﻓ ﻝﺎﻨﮕﯿﺳ
4686607974846832,سفارود,2,1,0,0,0,0,9070,1.91,1.91,صف خرید,0,0,90,3.0,0,حجم متوسط1.09برابر,109 %,200 % ,90 % ,125 % ,576057,54,58599,ساير محصولات كاني غيرفلزي,فروش  قوی rsi,0,0,تحرک_مثبت,0,2,2,184,368,1,183,183,1,185,1.0,1405-06-04,10:00:27,2,1,0,0,1,1.0,0.0,0.0,0.6666666666666666,0.5,1,0,-3,-0.10000000000000006,ﺵﻭﺮﻓ ﻝﺎﻨﮕﯿﺳ
50426013665901691,حآساح,0,0,0,0,0,0,3010,2.03,2.03,مثبت,0,0,56,0.0,3, حجم کم,60 %,2200 % ,0 % ,0 % ,16645,60,116556,حمل ونقل، انبارداري و ارتباطات,خنثی,0,0,تحرک_مثبت,0,0,0,0,0,0,0,0,0,0,1.0,1405-06-04,8:50:25,0,0,0,0,0,0.0,0.0,0.0,0.0,0.0,0,1,-1,0.09999999999999998,ﯽﺜﻨﺧ
19074684560939209,ومپنا,6,0,1,0,0,0,41630,2.99,2.99,صف خرید,0,0,90,107.57,7484, حجم کم,39 %,0 % ,3 % ,44 % ,4993512,40,-10608,عرضه برق، گاز، بخاروآب گرم,فروش  قوی rsi,0,0,تحرک_مثبت,0,0,61,126,7711,0,0,0,126,7711,1.0,1405-06-04,12:16:41,6,0,1,0,6,6.0,1.0,0.0,1.0,0.0,3,3,-3,1.6,ﺪﯾﺮﺧ ﻝﺎﻨﮕﯿﺳ
18093681647131179,دتوليد,33,18,12,2,1,0,6120,2.86,2.86,صف خرید,0,0,93,3.24,3122,حجم متوسط0.91برابر,91 %,0 % ,0 % ,5 % ,28309107,43,-98707,مواد و محصولات دارويي,فروش  قوی rsi,0,0,تحرک_مثبت,0,0,78,193,15115,33,153,5069,40,10046,1.0,1405-06-04,12:30:50,33,18,12,2,15,1.736842105263158,4.0,1.0,1.4705882352941178,1.0526315789473684,3,3,-3,1.6,ﺪﯾﺮﺧ ﻝﺎﻨﮕﯿﺳ
56717416662584054,وكادو,48,49,35,31,14,11,4330,24.07,24.36,مثبت,0,0,92,1.57,18881,حجم مشکوک144702152.0برابر,14470215200 %,0,0,0,0,56,223642,سرمايه گذاريها,فروش  ضعیف,0,0,تحرک_منفی,0,1,132,400,52914,126,289,36488,111,16426,-0.5,1405-06-04,12:30:26,48,49,35,31,-1,0.96,1.09375,1.1666666666666667,3.122448979591837,2.7,0,3,-3,0.3999999999999998,ﯽﺜﻨﺧ
28320293733348826,وبصادر,30,3,27,1,1,0,987,2.92,2.92,صف خرید,0,0,88,17.63,216912,حجم متوسط1.03برابر,103 %,0 % ,16 % ,105 % ,2294203238,57,551430,بانكها و موسسات اعتباري,فروش  قوی rsi,0,0,تحرک_مثبت,0,0,743,304,226190,4,172,689,132,225501,1.0,1405-06-04,12:29:15,30,3,27,1,27,7.5,13.5,1.0,2.0,1.0,3,3,-3,1.6,ﺪﯾﺮﺧ ﻝﺎﻨﮕﯿﺳ
48619517949257749,غنوش,19,20,2,9,0,2,16520,2.99,2.99,صف خرید,0,0,52,0.84,3441,حجم زیاد2.31برابر,231 %,0 % ,0 % ,0 % ,8714353,42,110444,محصولات غذايي و آشاميدني به جز قند و شكر,فروش  ضعیف,0,0,تحرک_مثبت,0,1,142,144,20482,88,275,24238,-131,-3756,2.5,1405-06-04,12:30:26,19,20,2,9,-1,0.9047619047619048,0.2,0.0,1.05,1.8571428571428572,0,3,0,0.8999999999999999,ﺪﯾﺮﺧ ﻒﯿﻌﺿ ﻝﺎﻨﮕﯿﺳ
35669480110084448,سپاها,19,27,11,9,3,1,19250,3.0,2.89,صف خرید,0,0,64,1.59,15607,حجم متوسط1.14برابر,114 %,0 % ,92 % ,141 % ,15495328,53,-4902,سيمان، آهك و گچ,خرید  متوسط,0,0,تحرک_مثبت,3,0,124,191,23786,54,185,10042,6,13744,8.0,1405-06-04,12:10:46,19,27,11,9,-8,0.6785714285714286,1.1,1.5,2.25,1.4642857142857142,0,3,-1,0.7999999999999999,ﺪﯾﺮﺧ ﻒﯿﻌﺿ ﻝﺎﻨﮕﯿﺳ
21772258644715569,شغدير,60,74,31,37,2,13,70000,-2.06,-2.84,منفی,0,0,88,0.71,-39735,حجم مشکوک5.95برابر,595 %,260 % ,600 % ,40 % ,4572075,44,416438,محصولات شيميايي,فروش  قوی,0,0,تحرک_مثبت,0,4,418,247,103331,676,224,151724,23,-48393,-6.0,1405-06-04,12:30:50,60,74,31,37,-14,0.8,0.8157894736842105,0.14285714285714285,1.6557377049180328,2.3466666666666667,0,0,-3,-0.6000000000000001,ﺵﻭﺮﻓ ﻝﺎﻨﮕﯿﺳ
32678431934327184,كلوند,1,1,1,1,0,0,6650,2.94,2.94,صف خرید,0,0,75,4.01,2193, حجم کم,30 %,59 % ,50 % ,59 % ,28713113,49,25165,كاشي و سراميك,فروش  متوسط rsi,0,0,تحرک_مثبت,0,3,1,219,219,1,233,233,-14,-14,0.0,1405-06-04,10:54:40,1,1,1,1,0,0.5,0.5,0.0,1.0,1.0,0,3,-3,0.3999999999999998,ﯽﺜﻨﺧ
4369934250728330,غزر,23,38,6,16,1,6,4370,2.82,2.82,صف خرید,0,0,84,0.93,-8474,حجم متوسط0.92برابر,92 %,92 % ,83 % ,113 % ,144534213,42,110444,محصولات غذايي و آشاميدني به جز قند و شكر,فروش  قوی,0,0,تحرک_مثبت,0,2,46,192,8857,102,271,27652,-79,-18795,-2.0,1405-06-04,12:29:39,23,38,6,16,-15,0.5897435897435898,0.35294117647058826,0.14285714285714285,1.4166666666666667,2.1538461538461537,0,0,-3,-0.6000000000000001,ﺵﻭﺮﻓ ﻝﺎﻨﮕﯿﺳ
61469668095573716,ولكار,23,31,6,12,0,0,5660,2.35,1.08,مثبت,0,0,80,1.34,-280,حجم مشکوک5.68برابر,568 %,0 % ,182 % ,102 % ,8139499,58,7845,ساير واسطه گريهاي مالي,فروش  متوسط,0,0,تحرک_مثبت,0,1,82,158,12986,102,181,18533,-23,-5547,-1.0,1405-06-04,12:30:26,23,31,6,12,-8,0.71875,0.46153846153846156,0.0,1.2083333333333333,1.34375,0,0,-3,-0.5000000000000001,ﺵﻭﺮﻓ ﻝﺎﻨﮕﯿﺳ
45174198424472334,ولساپا,11,7,5,2,1,1,1045,2.96,2.96,صف خرید,0,0,78,1.44,-2125,حجم متوسط1.68برابر,168 %,168 % ,194 % ,129 % ,91921593,58,7845,ساير واسطه گريهاي مالي,فروش  متوسط rsi,0,0,تحرک_مثبت,0,2,16,222,3566,10,597,5979,-375,-2413,0.0,1405-06-04,12:17:48,11,7,5,2,4,1.375,1.6666666666666667,0.5,1.75,1.75,2,0,-3,0.29999999999999993,ﯽﺜﻨﺧ
48241092863917835,ولپارس,5,0,1,0,0,0,3570,2.88,2.59,صف خرید,0,0,71,12.25,36, حجم کم,76 %,121 % ,58 % ,117 % ,9202458,58,7845,ساير واسطه گريهاي مالي,فروش  متوسط rsi,0,0,تحرک_مثبت,1,1,10,182,1827,0,0,0,182,1827,2.0,1405-06-04,12:29:38,5,0,1,0,5,5.0,1.0,0.0,1.0,0.0,2,1,-3,0.6,ﺪﯾﺮﺧ ﻒﯿﻌﺿ ﻝﺎﻨﮕﯿﺳ
59607545337891226,پرداخت,0,2,0,1,0,1,6320,2.93,2.93,صف خرید,0,0,62,1.27,1055, حجم کم,34 %,0 % ,112 % ,86 % ,10300620,72,-31944,رايانه و فعاليت‌هاي وابسته به آن,فروش  ضعیف,0,0,تحرک_مثبت,1,2,0,0,0,2,379,759,-379,-759,4.5,1405-06-04,12:20:06,0,2,0,1,-2,0.0,0.0,0.0,0.0,2.6666666666666665,0,3,-1,0.7999999999999999,ﺪﯾﺮﺧ ﻒﯿﻌﺿ ﻝﺎﻨﮕﯿﺳ
56591881518499520,وسين,13,18,8,12,2,0,2399,27.54,24.88,صف خرید,0,0,95,1.59,3104,حجم زیاد3.52برابر,352 %,0 % ,0 % ,0 % ,40001989,66,66233,بيمه وصندوق بازنشستگي به جزتامين اجتماعي,فروش  متوسط,0,0,تحرک_مثبت,0,1,98,267,26169,121,195,23627,72,2542,2.0,1405-06-04,12:29:39,13,18,8,12,-5,0.6842105263157895,0.6153846153846154,2.0,2.2142857142857144,1.5789473684210527,0,3,-3,0.3999999999999998,ﯽﺜﻨﺧ
43951910415124966,وگستر,11,14,6,9,2,4,8470,2.05,0.6,مثبت,0,0,57,0.75,-139, حجم کم,82 %,152 % ,52 % ,54 % ,12418544,56,223642,سرمايه گذاريها,فروش  ضعیف,0,0,تحرک_مثبت,0,4,21,218,4593,18,383,6911,-165,-2318,1.5,1405-06-04,12:20:06,11,14,6,9,-3,0.7333333333333333,0.6,0.4,2.25,2.8666666666666667,0,0,-1,-0.2,ﺵﻭﺮﻓ ﻝﺎﻨﮕﯿﺳ
17939384202383793,ثغرب,2,9,2,3,1,1,12400,2.99,2.99,صف خرید,0,0,93,4.7,1736,حجم متوسط1.87برابر,187 %,0 % ,0 % ,0 % ,4372595,70,48213,انبوه سازي، املاك و مستغلات,فروش  متوسط,0,0,تحرک_مثبت,0,1,19,465,8848,40,196,7852,269,996,2.0,1405-06-04,12:30:27,2,9,2,3,-7,0.2,0.5,0.5,3.0,1.7,0,3,-3,0.3999999999999998,ﯽﺜﻨﺧ
32784604551756178,پيزد,1,0,0,0,0,0,8290,2.98,2.98,صف خرید,0,0,96,120.34,1741, حجم کم,17 %,0 % ,0 % ,260 % ,15046847,25,35003,لاستيك و پلاستيك,فروش  قوی rsi,0,0,تحرک_مثبت,0,1,10,196,1966,0,0,0,196,1966,1.0,1405-06-04,11:02:55,1,0,0,0,1,1.0,0.0,0.0,0.5,0.0,1,3,-3,0.7999999999999997,ﺪﯾﺮﺧ ﻒﯿﻌﺿ ﻝﺎﻨﮕﯿﺳ
59142194115401696,لوتوس,12,6,5,5,1,4,2936,2.98,2.98,صف خرید,0,0,61,0.88,1668,حجم متوسط1.34برابر,134 %,203 % ,32 % ,676 % ,39516665,67,104413,فعاليتهاي كمكي به نهادهاي مالي واسط,خرید  ضعیف,0,0,تحرک_مثبت,1,2,56,238,13329,8,1636,13092,-1398,237,5.5,1405-06-04,11:49:29,12,6,5,5,6,1.7142857142857142,0.8333333333333334,0.2,1.6923076923076923,4.428571428571429,3,3,-1,1.9000000000000001,ﺪﯾﺮﺧ ﻝﺎﻨﮕﯿﺳ
22560050433388046,تاپيكو,22,13,13,5,5,1,40110,2.98,2.98,صف خرید,0,0,81,9.81,56194, حجم کم,27 %,65 % ,52 % ,99 % ,100033982,44,416438,محصولات شيميايي,فروش  قوی rsi,0,0,تحرک_مثبت,0,3,164,376,61825,23,185,4274,191,57551,1.0,1405-06-04,12:29:15,22,13,13,5,9,1.5714285714285714,2.1666666666666665,2.5,2.608695652173913,1.6428571428571428,3,3,-3,1.6,ﺪﯾﺮﺧ ﻝﺎﻨﮕﯿﺳ
50002340308486819,تاپكيش,3,10,0,7,0,1,2754,-1.89,-1.39,منفی,0,0,48,0.49,817,حجم متوسط1.13برابر,113 %,267 % ,104 % ,0 % ,33587581,72,-31944,رايانه و فعاليت‌هاي وابسته به آن,فروش  ضعیف,0,0,تحرک_منفی,1,1,7,146,1027,15,339,5093,-193,-4066,-2.5,1405-06-04,12:28:09,3,10,0,7,-7,0.2727272727272727,0.0,0.0,0.75,2.0,0,2,0,0.6,ﺪﯾﺮﺧ ﻒﯿﻌﺿ ﻝﺎﻨﮕﯿﺳ
62346804681275278,كگاز,0,0,0,0,0,0,45480,0.66,0.0,مثبت,0,0,75,0.0,0, حجم کم,0 %,0 % ,0 % ,0 % ,1330044,54,58599,ساير محصولات كاني غيرفلزي,خنثی,0,0,تحرک_مثبت,0,0,0,0,0,0,0,0,0,0,-1.0,1405-06-04,11:05:03,0,0,0,0,0,0.0,0.0,0.0,0.0,0.0,0,0,-3,-0.6000000000000001,ﺵﻭﺮﻓ ﻝﺎﻨﮕﯿﺳ
45353845483523901,كيانا,5,5,3,3,1,0,8050,10.12,9.99,مثبت,0,0,26,1.98,8879,حجم زیاد4.58برابر,458 %,0 % ,0 % ,0 % ,3585567,56,223642,سرمايه گذاريها,خرید  متوسط,0,0,تحرک_مثبت,0,0,55,120,6622,6,225,1355,-105,5267,5.0,1405-06-04,12:30:26,5,5,3,3,0,0.8333333333333334,0.75,1.0,2.1666666666666665,1.3333333333333333,0,3,3,1.6,ﺪﯾﺮﺧ ﻝﺎﻨﮕﯿﺳ
54493234408301135,بنو,4,5,1,3,0,0,2014,2.97,2.97,صف خرید,0,0,75,1.1,806, حجم کم,76 %,142 % ,183 % ,202 % ,17622483,66,66233,بيمه وصندوق بازنشستگي به جزتامين اجتماعي,فروش  متوسط,0,0,تحرک_مثبت,1,3,10,146,1460,6,223,1343,-77,117,1.0,1405-06-04,12:29:16,4,5,1,3,-1,0.6666666666666666,0.25,0.0,1.0,1.3333333333333333,0,2,-3,0.0999999999999999,ﯽﺜﻨﺧ
5564768007356822,حريل,2,0,0,0,0,0,2696,2.98,2.98,صف خرید,0,0,79,6.84,270, حجم کم,30 %,152 % ,138 % ,185 % ,15853678,60,116556,حمل ونقل، انبارداري و ارتباطات,فروش  متوسط rsi,0,0,تحرک_مثبت,1,1,7,135,947,0,0,0,135,947,2.0,1405-06-04,11:45:34,2,0,0,0,2,2.0,0.0,0.0,0.6666666666666666,0.0,1,1,-3,0.19999999999999987,ﯽﺜﻨﺧ
31049085025064185,شتهران,0,0,0,0,0,0,6120,0.99,0.99,صف خرید,0,0,23,2.0,0,حجم مشکوک135155.0برابر,13515500 %,0,0,0,0,43,-98707,مواد و محصولات دارويي,خنثی,0,0,تحرک_مثبت,0,0,0,0,0,0,0,0,0,0,5.0,1405-06-04,11:23:54,0,0,0,0,0,0.0,0.0,0.0,0.0,0.0,0,0,3,0.7000000000000001,ﺪﯾﺮﺧ ﻒﯿﻌﺿ ﻝﺎﻨﮕﯿﺳ
10843114830116591,نبروج,0,0,0,0,0,0,18570,0.98,0.98,صف خرید,0,0,18,0.5,0,حجم مشکوک17483.0برابر,1748300 %,0,0,0,0,17,11096,منسوجات,خنثی,0,0,تحرک_مثبت,0,0,0,0,0,0,0,0,0,0,3.0,1405-06-04,11:23:56,0,0,0,0,0,0.0,0.0,0.0,0.0,0.0,0,0,3,0.6000000000000001,ﺪﯾﺮﺧ ﻒﯿﻌﺿ ﻝﺎﻨﮕﯿﺳ
14985138705106402,دتهران‌,0,0,0,0,0,0,248,0.0,0.0,صفر تابلو,0,0,0,0.0,0, حجم کم,0 %,0,0,0,0,43,-98707,مواد و محصولات دارويي,خنثی,0,0,تحرک_ثابت,0,0,0,0,0,0,0,0,0,0,0.0,1405-06-04,11:23:58,0,0,0,0,0,0.0,0.0,0.0,0.0,0.0,0,0,3,0.6000000000000001,ﺪﯾﺮﺧ ﻒﯿﻌﺿ ﻝﺎﻨﮕﯿﺳ
23837844039713715,كفرا,0,0,0,0,0,0,3860,2.93,2.93,صف خرید,0,0,98,11.29,271, حجم کم,3 %,20 % ,84 % ,336 % ,33334304,54,58599,ساير محصولات كاني غيرفلزي,فروش  قوی rsi,0,0,تحرک_مثبت,0,2,0,0,0,0,0,0,0,0,0.0,1405-06-04,11:35:44,0,0,0,0,0,0.0,0.0,0.0,0.0,0.0,0,1,-3,-0.2000000000000001,ﺵﻭﺮﻓ ﻝﺎﻨﮕﯿﺳ
23049019886587905,خفولا,0,0,0,0,0,0,16380,2.95,2.95,صف خرید,0,0,77,4.12,0, حجم کم,26 %,0 % ,0 % ,24 % ,2166055,74,37765,خدمات فني و مهندسي,فروش  متوسط rsi,0,0,تحرک_مثبت,0,0,0,0,0,0,0,0,0,0,1.0,1405-06-04,11:43:53,0,0,0,0,0,0.0,0.0,0.0,0.0,0.0,0,0,-3,-0.5000000000000001,ﺵﻭﺮﻓ ﻝﺎﻨﮕﯿﺳ
35369183060321179,ومشان,4,7,2,4,0,2,25930,-0.08,2.58,منفی,0,0,68,0.23,-2593, حجم کم,80 %,247 % ,119 % ,0 % ,1930275,56,223642,سرمايه گذاريها,فروش  ضعیف,0,0,تحرک_منفی,0,2,4,228,915,9,403,3632,-175,-2717,-2.5,1405-06-04,12:26:18,4,7,2,4,-3,0.5,0.4,0.0,1.2,2.625,0,0,-1,-0.2,ﺵﻭﺮﻓ ﻝﺎﻨﮕﯿﺳ
43291783149314349,وسرمد,1,0,0,0,0,0,1685,1.08,0.06,مثبت,0,0,77,57.04,234, حجم کم,52 %,84 % ,59 % ,79 % ,3907188,66,66233,بيمه وصندوق بازنشستگي به جزتامين اجتماعي,فروش  متوسط rsi,0,0,تحرک_مثبت,0,1,1,168,168,0,0,0,168,168,1.0,1405-06-04,12:25:37,1,0,0,0,1,1.0,0.0,0.0,0.5,0.0,1,1,-3,0.19999999999999987,ﯽﺜﻨﺧ
50368344235826302,لازما,4,2,1,2,0,1,137700,2.99,2.99,صف خرید,0,0,93,0.78,0, حجم کم,18 %,0 % ,0 % ,0 % ,443824,29,64793,ماشين آلات و تجهيزات,فروش  متوسط,0,0,تحرک_مثبت,0,0,5,159,799,2,379,758,-220,41,-1.0,1405-06-04,12:30:50,4,2,1,2,2,1.3333333333333333,0.3333333333333333,0.0,1.0,3.0,1,0,-3,-0.20000000000000007,ﺵﻭﺮﻓ ﻝﺎﻨﮕﯿﺳ
63704201144621295,حبندر,2,3,0,2,0,0,8750,2.94,1.29,صف خرید,0,0,80,0.54,0, حجم کم,87 %,0 % ,0 % ,0 % ,1388491,60,116556,حمل ونقل، انبارداري و ارتباطات,فروش  متوسط,0,0,تحرک_مثبت,0,1,7,108,762,5,205,1026,-97,-264,-2.0,1405-06-04,12:24:10,2,3,0,2,-1,0.5,0.0,0.0,0.6666666666666666,1.25,0,0,-3,-0.6000000000000001,ﺵﻭﺮﻓ ﻝﺎﻨﮕﯿﺳ
66021783818850713,فافزا,1,0,1,0,0,0,8780,2.93,2.93,صف خرید,0,0,46,6.77,331, حجم کم,18 %,0 % ,0 % ,0 % ,2475538,27,512358,فلزات اساسي,خرید  متوسط,0,0,تحرک_مثبت,1,0,1,301,301,0,0,0,301,301,8.0,1405-06-04,12:24:53,1,0,1,0,1,1.0,1.0,0.0,1.0,0.0,1,1,0,0.7999999999999999,ﺪﯾﺮﺧ ﻒﯿﻌﺿ ﻝﺎﻨﮕﯿﺳ
